recordID,country,gender,demo_question,demo_response,question,value,%higher_edu_attained
1,Afghanistan,F,Education,Higher,... if she burns the food,10.1,<10%
2,Afghanistan,F,Education,Secondary,... if she burns the food,13.7,<10%
3,Afghanistan,F,Education,Primary,... if she burns the food,13.8,<10%
4,Afghanistan,F,Marital status,"Widowed, divorced, separated",... if she burns the food,13.8,<10%
5,Afghanistan,F,Employment,Employed for kind,... if she burns the food,17,<10%
6,Afghanistan,F,Age,15-24,... if she burns the food,17.3,<10%
7,Afghanistan,F,Employment,Unemployed,... if she burns the food,18,<10%
8,Afghanistan,F,Residence,Rural,... if she burns the food,18.1,<10%
9,Afghanistan,F,Age,25-34,... if she burns the food,18.2,<10%
10,Afghanistan,F,Marital status,Married or living together,... if she burns the food,18.3,<10%
11,Afghanistan,F,Residence,Urban,... if she burns the food,18.3,<10%
12,Afghanistan,F,Age,35-49,... if she burns the food,18.8,<10%
13,Afghanistan,F,Education,No education,... if she burns the food,19.1,<10%
14,Afghanistan,F,Employment,Employed for cash,... if she burns the food,20.8,<10%
15,Afghanistan,M,Education,Higher,... if she burns the food,4.5,<10%
16,Afghanistan,M,Residence,Urban,... if she burns the food,4.6,<10%
17,Afghanistan,M,Employment,Unemployed,... if she burns the food,5.2,<10%
18,Afghanistan,M,Education,Primary,... if she burns the food,6.3,<10%
19,Afghanistan,M,Marital status,"Widowed, divorced, separated",... if she burns the food,6.3,<10%
20,Afghanistan,M,Education,Secondary,... if she burns the food,7.1,<10%
21,Afghanistan,M,Age,25-34,... if she burns the food,8.2,<10%
22,Afghanistan,M,Employment,Employed for cash,... if she burns the food,8.4,<10%
23,Afghanistan,M,Marital status,Married or living together,... if she burns the food,8.5,<10%
24,Afghanistan,M,Age,35-49,... if she burns the food,8.6,<10%
25,Afghanistan,M,Age,15-24,... if she burns the food,9.4,<10%
26,Afghanistan,M,Residence,Rural,... if she burns the food,9.7,<10%
27,Afghanistan,M,Education,No education,... if she burns the food,10.6,<10%
28,Afghanistan,M,Employment,Employed for kind,... if she burns the food,10.7,<10%
29,Afghanistan,F,Age,15-24,... for at least one specific reason,80.1,<10%
30,Afghanistan,F,Age,25-34,... for at least one specific reason,81.5,<10%
31,Afghanistan,F,Age,35-49,... for at least one specific reason,79,<10%
32,Afghanistan,F,Age,15-24,... if she argues with him,57.5,<10%
33,Afghanistan,F,Age,25-34,... if she argues with him,60,<10%
34,Afghanistan,F,Age,35-49,... if she argues with him,59.8,<10%
35,Afghanistan,F,Age,15-24,... if she goes out without telling him,67.7,<10%
36,Afghanistan,F,Age,25-34,... if she goes out without telling him,68.5,<10%
37,Afghanistan,F,Age,35-49,... if she goes out without telling him,64.7,<10%
38,Afghanistan,F,Age,15-24,... if she neglects the children,46.5,<10%
39,Afghanistan,F,Age,25-34,... if she neglects the children,50.2,<10%
40,Afghanistan,F,Age,35-49,... if she neglects the children,48.1,<10%
41,Afghanistan,F,Age,15-24,... if she refuses to have sex with him,32.1,<10%
42,Afghanistan,F,Age,25-34,... if she refuses to have sex with him,34.3,<10%
43,Afghanistan,F,Age,35-49,... if she refuses to have sex with him,33.5,<10%
44,Afghanistan,F,Education,Higher,... for at least one specific reason,61.1,<10%
45,Afghanistan,F,Education,No education,... for at least one specific reason,81,<10%
46,Afghanistan,F,Education,Primary,... for at least one specific reason,79.8,<10%
47,Afghanistan,F,Education,Secondary,... for at least one specific reason,76,<10%
48,Afghanistan,F,Education,Higher,... if she argues with him,37.7,<10%
49,Afghanistan,F,Education,No education,... if she argues with him,60.2,<10%
50,Afghanistan,F,Education,Primary,... if she argues with him,56.9,<10%
51,Afghanistan,F,Education,Secondary,... if she argues with him,55.4,<10%
52,Afghanistan,F,Education,Higher,... if she goes out without telling him,41.1,<10%
53,Afghanistan,F,Education,No education,... if she goes out without telling him,68.4,<10%
54,Afghanistan,F,Education,Primary,... if she goes out without telling him,64.1,<10%
55,Afghanistan,F,Education,Secondary,... if she goes out without telling him,58.2,<10%
56,Afghanistan,F,Education,Higher,... if she neglects the children,33.4,<10%
57,Afghanistan,F,Education,No education,... if she neglects the children,48.9,<10%
58,Afghanistan,F,Education,Primary,... if she neglects the children,50.6,<10%
59,Afghanistan,F,Education,Secondary,... if she neglects the children,44.4,<10%
60,Afghanistan,F,Education,Higher,... if she refuses to have sex with him,10.8,<10%
61,Afghanistan,F,Education,No education,... if she refuses to have sex with him,34.2,<10%
62,Afghanistan,F,Education,Primary,... if she refuses to have sex with him,35.9,<10%
63,Afghanistan,F,Education,Secondary,... if she refuses to have sex with him,26.6,<10%
64,Afghanistan,F,Employment,Employed for cash,... for at least one specific reason,80.2,<10%
65,Afghanistan,F,Employment,Employed for kind,... for at least one specific reason,86.9,<10%
66,Afghanistan,F,Employment,Unemployed,... for at least one specific reason,80.1,<10%
67,Afghanistan,F,Employment,Employed for cash,... if she argues with him,57.8,<10%
68,Afghanistan,F,Employment,Employed for kind,... if she argues with him,53.5,<10%
69,Afghanistan,F,Employment,Unemployed,... if she argues with him,59.8,<10%
70,Afghanistan,F,Employment,Employed for cash,... if she goes out without telling him,66.7,<10%
71,Afghanistan,F,Employment,Employed for kind,... if she goes out without telling him,68,<10%
72,Afghanistan,F,Employment,Unemployed,... if she goes out without telling him,67,<10%
73,Afghanistan,F,Employment,Employed for cash,... if she neglects the children,48.1,<10%
74,Afghanistan,F,Employment,Employed for kind,... if she neglects the children,49.3,<10%
75,Afghanistan,F,Employment,Unemployed,... if she neglects the children,48.6,<10%
76,Afghanistan,F,Employment,Employed for cash,... if she refuses to have sex with him,32.5,<10%
77,Afghanistan,F,Employment,Employed for kind,... if she refuses to have sex with him,31.4,<10%
78,Afghanistan,F,Employment,Unemployed,... if she refuses to have sex with him,33.7,<10%
79,Afghanistan,F,Marital status,Married or living together,... for at least one specific reason,80.6,<10%
80,Afghanistan,F,Marital status,"Widowed, divorced, separated",... for at least one specific reason,67.6,<10%
81,Afghanistan,F,Marital status,Married or living together,... if she argues with him,59.5,<10%
82,Afghanistan,F,Marital status,"Widowed, divorced, separated",... if she argues with him,51.5,<10%
83,Afghanistan,F,Marital status,Married or living together,... if she goes out without telling him,67.1,<10%
84,Afghanistan,F,Marital status,"Widowed, divorced, separated",... if she goes out without telling him,58.5,<10%
85,Afghanistan,F,Marital status,Married or living together,... if she neglects the children,48.6,<10%
86,Afghanistan,F,Marital status,"Widowed, divorced, separated",... if she neglects the children,43.1,<10%
87,Afghanistan,F,Marital status,Married or living together,... if she refuses to have sex with him,33.5,<10%
88,Afghanistan,F,Marital status,"Widowed, divorced, separated",... if she refuses to have sex with him,29.1,<10%
89,Afghanistan,F,Residence,Rural,... for at least one specific reason,82.1,<10%
90,Afghanistan,F,Residence,Urban,... for at least one specific reason,74,<10%
91,Afghanistan,F,Residence,Rural,... if she argues with him,60.6,<10%
92,Afghanistan,F,Residence,Urban,... if she argues with him,54.7,<10%
93,Afghanistan,F,Residence,Rural,... if she goes out without telling him,69.3,<10%
94,Afghanistan,F,Residence,Urban,... if she goes out without telling him,58.9,<10%
95,Afghanistan,F,Residence,Rural,... if she neglects the children,48.9,<10%
96,Afghanistan,F,Residence,Urban,... if she neglects the children,46.7,<10%
97,Afghanistan,F,Residence,Rural,... if she refuses to have sex with him,35.2,<10%
98,Afghanistan,F,Residence,Urban,... if she refuses to have sex with him,27.4,<10%
99,Afghanistan,M,Age,15-24,... for at least one specific reason,74.1,<10%
100,Afghanistan,M,Age,25-34,... for at least one specific reason,70.5,<10%
101,Afghanistan,M,Age,35-49,... for at least one specific reason,73.6,<10%
102,Afghanistan,M,Age,15-24,... if she argues with him,44.4,<10%
103,Afghanistan,M,Age,25-34,... if she argues with him,44.6,<10%
104,Afghanistan,M,Age,35-49,... if she argues with him,46.6,<10%
105,Afghanistan,M,Age,15-24,... if she goes out without telling him,63.3,<10%
106,Afghanistan,M,Age,25-34,... if she goes out without telling him,60.4,<10%
107,Afghanistan,M,Age,35-49,... if she goes out without telling him,61,<10%
108,Afghanistan,M,Age,15-24,... if she neglects the children,24.8,<10%
109,Afghanistan,M,Age,25-34,... if she neglects the children,27,<10%
110,Afghanistan,M,Age,35-49,... if she neglects the children,25.7,<10%
111,Afghanistan,M,Age,15-24,... if she refuses to have sex with him,21.3,<10%
112,Afghanistan,M,Age,25-34,... if she refuses to have sex with him,18.5,<10%
113,Afghanistan,M,Age,35-49,... if she refuses to have sex with him,20.1,<10%
114,Afghanistan,M,Education,Higher,... for at least one specific reason,55.5,<10%
115,Afghanistan,M,Education,No education,... for at least one specific reason,77.4,<10%
116,Afghanistan,M,Education,Primary,... for at least one specific reason,68.1,<10%
117,Afghanistan,M,Education,Secondary,... for at least one specific reason,69.6,<10%
118,Afghanistan,M,Education,Higher,... if she argues with him,31.4,<10%
119,Afghanistan,M,Education,No education,... if she argues with him,50.2,<10%
120,Afghanistan,M,Education,Primary,... if she argues with him,41,<10%
121,Afghanistan,M,Education,Secondary,... if she argues with him,42.8,<10%
122,Afghanistan,M,Education,Higher,... if she goes out without telling him,43.6,<10%
123,Afghanistan,M,Education,No education,... if she goes out without telling him,66,<10%
124,Afghanistan,M,Education,Primary,... if she goes out without telling him,55.9,<10%
125,Afghanistan,M,Education,Secondary,... if she goes out without telling him,59.5,<10%
126,Afghanistan,M,Education,Higher,... if she neglects the children,20.9,<10%
127,Afghanistan,M,Education,No education,... if she neglects the children,29.7,<10%
128,Afghanistan,M,Education,Primary,... if she neglects the children,22.3,<10%
129,Afghanistan,M,Education,Secondary,... if she neglects the children,23,<10%
130,Afghanistan,M,Education,Higher,... if she refuses to have sex with him,11.9,<10%
131,Afghanistan,M,Education,No education,... if she refuses to have sex with him,23.2,<10%
132,Afghanistan,M,Education,Primary,... if she refuses to have sex with him,17.4,<10%
133,Afghanistan,M,Education,Secondary,... if she refuses to have sex with him,15.9,<10%
134,Afghanistan,M,Employment,Employed for cash,... for at least one specific reason,72.6,<10%
135,Afghanistan,M,Employment,Employed for kind,... for at least one specific reason,73.5,<10%
136,Afghanistan,M,Employment,Unemployed,... for at least one specific reason,67.4,<10%
137,Afghanistan,M,Employment,Employed for cash,... if she argues with him,45.5,<10%
138,Afghanistan,M,Employment,Employed for kind,... if she argues with him,47.8,<10%
139,Afghanistan,M,Employment,Unemployed,... if she argues with him,41.1,<10%
140,Afghanistan,M,Employment,Employed for cash,... if she goes out without telling him,60.9,<10%
141,Afghanistan,M,Employment,Employed for kind,... if she goes out without telling him,65.7,<10%
142,Afghanistan,M,Employment,Unemployed,... if she goes out without telling him,54.8,<10%
143,Afghanistan,M,Employment,Employed for cash,... if she neglects the children,25.6,<10%
144,Afghanistan,M,Employment,Employed for kind,... if she neglects the children,30.6,<10%
145,Afghanistan,M,Employment,Unemployed,... if she neglects the children,31.8,<10%
146,Afghanistan,M,Employment,Employed for cash,... if she refuses to have sex with him,18.9,<10%
147,Afghanistan,M,Employment,Employed for kind,... if she refuses to have sex with him,27.8,<10%
148,Afghanistan,M,Employment,Unemployed,... if she refuses to have sex with him,17,<10%
149,Afghanistan,M,Marital status,Married or living together,... for at least one specific reason,72.6,<10%
150,Afghanistan,M,Marital status,"Widowed, divorced, separated",... for at least one specific reason,48.8,<10%
151,Afghanistan,M,Marital status,Married or living together,... if she argues with him,45.5,<10%
152,Afghanistan,M,Marital status,"Widowed, divorced, separated",... if she argues with him,35.1,<10%
153,Afghanistan,M,Marital status,Married or living together,... if she goes out without telling him,61.3,<10%
154,Afghanistan,M,Marital status,"Widowed, divorced, separated",... if she goes out without telling him,36.5,<10%
155,Afghanistan,M,Marital status,Married or living together,... if she neglects the children,26.1,<10%
156,Afghanistan,M,Marital status,"Widowed, divorced, separated",... if she neglects the children,29.3,<10%
157,Afghanistan,M,Marital status,Married or living together,... if she refuses to have sex with him,19.7,<10%
158,Afghanistan,M,Marital status,"Widowed, divorced, separated",... if she refuses to have sex with him,5,<10%
159,Afghanistan,M,Residence,Rural,... for at least one specific reason,76.1,<10%
160,Afghanistan,M,Residence,Urban,... for at least one specific reason,59.9,<10%
161,Afghanistan,M,Residence,Rural,... if she argues with him,47,<10%
162,Afghanistan,M,Residence,Urban,... if she argues with him,40.4,<10%
163,Afghanistan,M,Residence,Rural,... if she goes out without telling him,65.6,<10%
164,Afghanistan,M,Residence,Urban,... if she goes out without telling him,46,<10%
165,Afghanistan,M,Residence,Rural,... if she neglects the children,28.1,<10%
166,Afghanistan,M,Residence,Urban,... if she neglects the children,19.6,<10%
167,Afghanistan,M,Residence,Rural,... if she refuses to have sex with him,21.9,<10%
168,Afghanistan,M,Residence,Urban,... if she refuses to have sex with him,12,<10%
169,Albania,F,Education,Higher,... if she burns the food,0.2,10-25%
170,Albania,F,Residence,Urban,... if she burns the food,0.4,10-25%
171,Albania,F,Age,15-24,... if she burns the food,0.6,10-25%
172,Albania,F,Education,Secondary,... if she burns the food,0.6,10-25%
173,Albania,F,Employment,Employed for cash,... if she burns the food,0.6,10-25%
174,Albania,F,Marital status,Never married,... if she burns the food,0.6,10-25%
175,Albania,F,Marital status,"Widowed, divorced, separated",... if she burns the food,0.6,10-25%
176,Albania,F,Age,25-34,... if she burns the food,0.8,10-25%
177,Albania,F,Employment,Unemployed,... if she burns the food,0.8,10-25%
178,Albania,F,Marital status,Married or living together,... if she burns the food,0.9,10-25%
179,Albania,F,Age,35-49,... if she burns the food,1,10-25%
180,Albania,F,Education,Primary,... if she burns the food,1.3,10-25%
181,Albania,F,Residence,Rural,... if she burns the food,1.4,10-25%
182,Albania,F,Employment,Employed for kind,... if she burns the food,2.4,10-25%
183,Albania,F,Education,No education,... if she burns the food,5.8,10-25%
184,Albania,M,Education,No education,... if she burns the food,0,10-25%
185,Albania,M,Age,25-34,... if she burns the food,0.2,10-25%
186,Albania,M,Education,Secondary,... if she burns the food,0.2,10-25%
187,Albania,M,Employment,Employed for cash,... if she burns the food,0.3,10-25%
188,Albania,M,Age,35-49,... if she burns the food,0.4,10-25%
189,Albania,M,Marital status,Never married,... if she burns the food,0.4,10-25%
190,Albania,M,Employment,Employed for kind,... if she burns the food,0.5,10-25%
191,Albania,M,Residence,Rural,... if she burns the food,0.5,10-25%
192,Albania,M,Residence,Urban,... if she burns the food,0.5,10-25%
193,Albania,M,Marital status,Married or living together,... if she burns the food,0.6,10-25%
194,Albania,M,Education,Higher,... if she burns the food,0.8,10-25%
195,Albania,M,Education,Primary,... if she burns the food,0.8,10-25%
196,Albania,M,Employment,Unemployed,... if she burns the food,0.8,10-25%
197,Albania,M,Age,15-24,... if she burns the food,0.9,10-25%
198,Albania,M,Marital status,"Widowed, divorced, separated",... if she burns the food,1.6,10-25%
199,Albania,F,Age,15-24,... for at least one specific reason,4.7,10-25%
200,Albania,F,Age,25-34,... for at least one specific reason,6.9,10-25%
201,Albania,F,Age,35-49,... for at least one specific reason,8.2,10-25%
202,Albania,F,Age,15-24,... if she argues with him,1,10-25%
203,Albania,F,Age,25-34,... if she argues with him,1.7,10-25%
204,Albania,F,Age,35-49,... if she argues with him,2.4,10-25%
205,Albania,F,Age,15-24,... if she goes out without telling him,2,10-25%
206,Albania,F,Age,25-34,... if she goes out without telling him,3.7,10-25%
207,Albania,F,Age,35-49,... if she goes out without telling him,4.8,10-25%
208,Albania,F,Age,15-24,... if she neglects the children,3.5,10-25%
209,Albania,F,Age,25-34,... if she neglects the children,5.4,10-25%
210,Albania,F,Age,35-49,... if she neglects the children,6.3,10-25%
211,Albania,F,Age,15-24,... if she refuses to have sex with him,0.6,10-25%
212,Albania,F,Age,25-34,... if she refuses to have sex with him,1.1,10-25%
213,Albania,F,Age,35-49,... if she refuses to have sex with him,1,10-25%
214,Albania,F,Education,Higher,... for at least one specific reason,1.4,10-25%
215,Albania,F,Education,No education,... for at least one specific reason,26.3,10-25%
216,Albania,F,Education,Primary,... for at least one specific reason,11.1,10-25%
217,Albania,F,Education,Secondary,... for at least one specific reason,5.5,10-25%
218,Albania,F,Education,Higher,... if she argues with him,0.4,10-25%
219,Albania,F,Education,No education,... if she argues with him,11.7,10-25%
220,Albania,F,Education,Primary,... if she argues with him,3.2,10-25%
221,Albania,F,Education,Secondary,... if she argues with him,1.1,10-25%
222,Albania,F,Education,Higher,... if she goes out without telling him,0.3,10-25%
223,Albania,F,Education,No education,... if she goes out without telling him,14.9,10-25%
224,Albania,F,Education,Primary,... if she goes out without telling him,6.9,10-25%
225,Albania,F,Education,Secondary,... if she goes out without telling him,2.4,10-25%
226,Albania,F,Education,Higher,... if she neglects the children,1.1,10-25%
227,Albania,F,Education,No education,... if she neglects the children,21.1,10-25%
228,Albania,F,Education,Primary,... if she neglects the children,8.6,10-25%
229,Albania,F,Education,Secondary,... if she neglects the children,4.2,10-25%
230,Albania,F,Education,Higher,... if she refuses to have sex with him,0.1,10-25%
231,Albania,F,Education,No education,... if she refuses to have sex with him,6.3,10-25%
232,Albania,F,Education,Primary,... if she refuses to have sex with him,1.5,10-25%
233,Albania,F,Education,Secondary,... if she refuses to have sex with him,0.6,10-25%
234,Albania,F,Employment,Employed for cash,... for at least one specific reason,4.1,10-25%
235,Albania,F,Employment,Employed for kind,... for at least one specific reason,17,10-25%
236,Albania,F,Employment,Unemployed,... for at least one specific reason,7.6,10-25%
237,Albania,F,Employment,Employed for cash,... if she argues with him,1.2,10-25%
238,Albania,F,Employment,Employed for kind,... if she argues with him,6.9,10-25%
239,Albania,F,Employment,Unemployed,... if she argues with him,1.7,10-25%
240,Albania,F,Employment,Employed for cash,... if she goes out without telling him,1.8,10-25%
241,Albania,F,Employment,Employed for kind,... if she goes out without telling him,8.9,10-25%
242,Albania,F,Employment,Unemployed,... if she goes out without telling him,4.4,10-25%
243,Albania,F,Employment,Employed for cash,... if she neglects the children,3.2,10-25%
244,Albania,F,Employment,Employed for kind,... if she neglects the children,13.6,10-25%
245,Albania,F,Employment,Unemployed,... if she neglects the children,5.8,10-25%
246,Albania,F,Employment,Employed for cash,... if she refuses to have sex with him,0.7,10-25%
247,Albania,F,Employment,Employed for kind,... if she refuses to have sex with him,3,10-25%
248,Albania,F,Employment,Unemployed,... if she refuses to have sex with him,0.8,10-25%
249,Albania,F,Marital status,Married or living together,... for at least one specific reason,7.9,10-25%
250,Albania,F,Marital status,Never married,... for at least one specific reason,4.3,10-25%
251,Albania,F,Marital status,"Widowed, divorced, separated",... for at least one specific reason,7,10-25%
252,Albania,F,Marital status,Married or living together,... if she argues with him,2,10-25%
253,Albania,F,Marital status,Never married,... if she argues with him,1.1,10-25%
254,Albania,F,Marital status,"Widowed, divorced, separated",... if she argues with him,3.4,10-25%
255,Albania,F,Marital status,Married or living together,... if she goes out without telling him,4.6,10-25%
256,Albania,F,Marital status,Never married,... if she goes out without telling him,1.7,10-25%
257,Albania,F,Marital status,"Widowed, divorced, separated",... if she goes out without telling him,2.3,10-25%
258,Albania,F,Marital status,Married or living together,... if she neglects the children,6.1,10-25%
259,Albania,F,Marital status,Never married,... if she neglects the children,3.2,10-25%
260,Albania,F,Marital status,"Widowed, divorced, separated",... if she neglects the children,5.1,10-25%
261,Albania,F,Marital status,Married or living together,... if she refuses to have sex with him,1,10-25%
262,Albania,F,Marital status,Never married,... if she refuses to have sex with him,0.5,10-25%
263,Albania,F,Marital status,"Widowed, divorced, separated",... if she refuses to have sex with him,1.1,10-25%
264,Albania,F,Residence,Rural,... for at least one specific reason,10.3,10-25%
265,Albania,F,Residence,Urban,... for at least one specific reason,4.5,10-25%
266,Albania,F,Residence,Rural,... if she argues with him,3.1,10-25%
267,Albania,F,Residence,Urban,... if she argues with him,0.9,10-25%
268,Albania,F,Residence,Rural,... if she goes out without telling him,5.7,10-25%
269,Albania,F,Residence,Urban,... if she goes out without telling him,2.3,10-25%
270,Albania,F,Residence,Rural,... if she neglects the children,7.7,10-25%
271,Albania,F,Residence,Urban,... if she neglects the children,3.6,10-25%
272,Albania,F,Residence,Rural,... if she refuses to have sex with him,1.6,10-25%
273,Albania,F,Residence,Urban,... if she refuses to have sex with him,0.5,10-25%
274,Albania,M,Age,15-24,... for at least one specific reason,10.9,10-25%
275,Albania,M,Age,25-34,... for at least one specific reason,11.3,10-25%
276,Albania,M,Age,35-49,... for at least one specific reason,11.8,10-25%
277,Albania,M,Age,15-24,... if she argues with him,4.4,10-25%
278,Albania,M,Age,25-34,... if she argues with him,3.5,10-25%
279,Albania,M,Age,35-49,... if she argues with him,4.2,10-25%
280,Albania,M,Age,15-24,... if she goes out without telling him,5.3,10-25%
281,Albania,M,Age,25-34,... if she goes out without telling him,6.1,10-25%
282,Albania,M,Age,35-49,... if she goes out without telling him,7.8,10-25%
283,Albania,M,Age,15-24,... if she neglects the children,7.1,10-25%
284,Albania,M,Age,25-34,... if she neglects the children,8.6,10-25%
285,Albania,M,Age,35-49,... if she neglects the children,8.3,10-25%
286,Albania,M,Age,15-24,... if she refuses to have sex with him,3,10-25%
287,Albania,M,Age,25-34,... if she refuses to have sex with him,2.5,10-25%
288,Albania,M,Age,35-49,... if she refuses to have sex with him,1.1,10-25%
289,Albania,M,Education,Higher,... for at least one specific reason,5.4,10-25%
290,Albania,M,Education,No education,... for at least one specific reason,26.6,10-25%
291,Albania,M,Education,Primary,... for at least one specific reason,14.6,10-25%
292,Albania,M,Education,Secondary,... for at least one specific reason,11.2,10-25%
293,Albania,M,Education,Higher,... if she argues with him,2.2,10-25%
294,Albania,M,Education,No education,... if she argues with him,15.3,10-25%
295,Albania,M,Education,Primary,... if she argues with him,5.9,10-25%
296,Albania,M,Education,Secondary,... if she argues with him,3.2,10-25%
297,Albania,M,Education,Higher,... if she goes out without telling him,2.7,10-25%
298,Albania,M,Education,No education,... if she goes out without telling him,25.4,10-25%
299,Albania,M,Education,Primary,... if she goes out without telling him,9,10-25%
300,Albania,M,Education,Secondary,... if she goes out without telling him,5.9,10-25%
301,Albania,M,Education,Higher,... if she neglects the children,3.8,10-25%
302,Albania,M,Education,No education,... if she neglects the children,22.3,10-25%
303,Albania,M,Education,Primary,... if she neglects the children,9.6,10-25%
304,Albania,M,Education,Secondary,... if she neglects the children,8.4,10-25%
305,Albania,M,Education,Higher,... if she refuses to have sex with him,0.7,10-25%
306,Albania,M,Education,No education,... if she refuses to have sex with him,13.8,10-25%
307,Albania,M,Education,Primary,... if she refuses to have sex with him,3.1,10-25%
308,Albania,M,Education,Secondary,... if she refuses to have sex with him,1.7,10-25%
309,Albania,M,Employment,Employed for cash,... for at least one specific reason,10.8,10-25%
310,Albania,M,Employment,Employed for kind,... for at least one specific reason,9.6,10-25%
311,Albania,M,Employment,Unemployed,... for at least one specific reason,12.4,10-25%
312,Albania,M,Employment,Employed for cash,... if she argues with him,3.4,10-25%
313,Albania,M,Employment,Employed for kind,... if she argues with him,3.6,10-25%
314,Albania,M,Employment,Unemployed,... if she argues with him,5,10-25%
315,Albania,M,Employment,Employed for cash,... if she goes out without telling him,7.2,10-25%
316,Albania,M,Employment,Employed for kind,... if she goes out without telling him,6.2,10-25%
317,Albania,M,Employment,Unemployed,... if she goes out without telling him,5.6,10-25%
318,Albania,M,Employment,Employed for cash,... if she neglects the children,7.5,10-25%
319,Albania,M,Employment,Employed for kind,... if she neglects the children,5.5,10-25%
320,Albania,M,Employment,Unemployed,... if she neglects the children,9.1,10-25%
321,Albania,M,Employment,Employed for cash,... if she refuses to have sex with him,1.3,10-25%
322,Albania,M,Employment,Employed for kind,... if she refuses to have sex with him,0.9,10-25%
323,Albania,M,Employment,Unemployed,... if she refuses to have sex with him,3.5,10-25%
324,Albania,M,Marital status,Married or living together,... for at least one specific reason,11.7,10-25%
325,Albania,M,Marital status,Never married,... for at least one specific reason,10.6,10-25%
326,Albania,M,Marital status,"Widowed, divorced, separated",... for at least one specific reason,29.7,10-25%
327,Albania,M,Marital status,Married or living together,... if she argues with him,4.1,10-25%
328,Albania,M,Marital status,Never married,... if she argues with him,3.8,10-25%
329,Albania,M,Marital status,"Widowed, divorced, separated",... if she argues with him,13.1,10-25%
330,Albania,M,Marital status,Married or living together,... if she goes out without telling him,7.7,10-25%
331,Albania,M,Marital status,Never married,... if she goes out without telling him,5.1,10-25%
332,Albania,M,Marital status,"Widowed, divorced, separated",... if she goes out without telling him,16.7,10-25%
333,Albania,M,Marital status,Married or living together,... if she neglects the children,8.5,10-25%
334,Albania,M,Marital status,Never married,... if she neglects the children,7.2,10-25%
335,Albania,M,Marital status,"Widowed, divorced, separated",... if she neglects the children,24.5,10-25%
336,Albania,M,Marital status,Married or living together,... if she refuses to have sex with him,1.3,10-25%
337,Albania,M,Marital status,Never married,... if she refuses to have sex with him,2.8,10-25%
338,Albania,M,Marital status,"Widowed, divorced, separated",... if she refuses to have sex with him,4.6,10-25%
339,Albania,M,Residence,Rural,... for at least one specific reason,12.9,10-25%
340,Albania,M,Residence,Urban,... for at least one specific reason,10.2,10-25%
341,Albania,M,Residence,Rural,... if she argues with him,3.2,10-25%
342,Albania,M,Residence,Urban,... if she argues with him,4.7,10-25%
343,Albania,M,Residence,Rural,... if she goes out without telling him,7.4,10-25%
344,Albania,M,Residence,Urban,... if she goes out without telling him,5.9,10-25%
345,Albania,M,Residence,Rural,... if she neglects the children,8.9,10-25%
346,Albania,M,Residence,Urban,... if she neglects the children,7.4,10-25%
347,Albania,M,Residence,Rural,... if she refuses to have sex with him,2.2,10-25%
348,Albania,M,Residence,Urban,... if she refuses to have sex with him,2,10-25%
349,Angola,F,Education,Higher,... if she burns the food,0.9,<10%
350,Angola,F,Education,Secondary,... if she burns the food,5.3,<10%
351,Angola,F,Residence,Urban,... if she burns the food,6.9,<10%
352,Angola,F,Employment,Unemployed,... if she burns the food,8.8,<10%
353,Angola,F,Marital status,Never married,... if she burns the food,9.8,<10%
354,Angola,F,Employment,Employed for cash,... if she burns the food,9.9,<10%
355,Angola,F,Age,25-34,... if she burns the food,10,<10%
356,Angola,F,Age,15-24,... if she burns the food,10.6,<10%
357,Angola,F,Marital status,Married or living together,... if she burns the food,10.8,<10%
358,Angola,F,Age,35-49,... if she burns the food,11,<10%
359,Angola,F,Marital status,"Widowed, divorced, separated",... if she burns the food,12.2,<10%
360,Angola,F,Education,Primary,... if she burns the food,13.4,<10%
361,Angola,F,Employment,Employed for kind,... if she burns the food,14.3,<10%
362,Angola,F,Education,No education,... if she burns the food,17.3,<10%
363,Angola,F,Residence,Rural,... if she burns the food,19,<10%
364,Angola,M,Education,Higher,... if she burns the food,0.7,<10%
365,Angola,M,Age,35-49,... if she burns the food,3.7,<10%
366,Angola,M,Marital status,Married or living together,... if she burns the food,4.4,<10%
367,Angola,M,Residence,Urban,... if she burns the food,4.9,<10%
368,Angola,M,Education,Secondary,... if she burns the food,5,<10%
369,Angola,M,Age,25-34,... if she burns the food,5.3,<10%
370,Angola,M,Employment,Employed for cash,... if she burns the food,5.5,<10%
371,Angola,M,Employment,Unemployed,... if she burns the food,6.1,<10%
372,Angola,M,Marital status,Never married,... if she burns the food,7.3,<10%
373,Angola,M,Age,15-24,... if she burns the food,7.7,<10%
374,Angola,M,Employment,Employed for kind,... if she burns the food,7.9,<10%
375,Angola,M,Education,Primary,... if she burns the food,8.1,<10%
376,Angola,M,Residence,Rural,... if she burns the food,8.9,<10%
377,Angola,M,Marital status,"Widowed, divorced, separated",... if she burns the food,9.3,<10%
378,Angola,M,Education,No education,... if she burns the food,10.8,<10%
379,Angola,F,Age,15-24,... for at least one specific reason,24.9,<10%
380,Angola,F,Age,25-34,... for at least one specific reason,24.4,<10%
381,Angola,F,Age,35-49,... for at least one specific reason,26.6,<10%
382,Angola,F,Age,15-24,... if she argues with him,14.9,<10%
383,Angola,F,Age,25-34,... if she argues with him,14.1,<10%
384,Angola,F,Age,35-49,... if she argues with him,17.1,<10%
385,Angola,F,Age,15-24,... if she goes out without telling him,13.8,<10%
386,Angola,F,Age,25-34,... if she goes out without telling him,14,<10%
387,Angola,F,Age,35-49,... if she goes out without telling him,16.3,<10%
388,Angola,F,Age,15-24,... if she neglects the children,16.5,<10%
389,Angola,F,Age,25-34,... if she neglects the children,15.6,<10%
390,Angola,F,Age,35-49,... if she neglects the children,16.7,<10%
391,Angola,F,Age,15-24,... if she refuses to have sex with him,10,<10%
392,Angola,F,Age,25-34,... if she refuses to have sex with him,11.6,<10%
393,Angola,F,Age,35-49,... if she refuses to have sex with him,14,<10%
394,Angola,F,Education,Higher,... for at least one specific reason,7,<10%
395,Angola,F,Education,No education,... for at least one specific reason,34.5,<10%
396,Angola,F,Education,Primary,... for at least one specific reason,30.9,<10%
397,Angola,F,Education,Secondary,... for at least one specific reason,16.8,<10%
398,Angola,F,Education,Higher,... if she argues with him,3,<10%
399,Angola,F,Education,No education,... if she argues with him,23.9,<10%
400,Angola,F,Education,Primary,... if she argues with him,19.1,<10%
401,Angola,F,Education,Secondary,... if she argues with him,8.2,<10%
402,Angola,F,Education,Higher,... if she goes out without telling him,2.8,<10%
403,Angola,F,Education,No education,... if she goes out without telling him,21,<10%
404,Angola,F,Education,Primary,... if she goes out without telling him,18.5,<10%
405,Angola,F,Education,Secondary,... if she goes out without telling him,8.5,<10%
406,Angola,F,Education,Higher,... if she neglects the children,4.2,<10%
407,Angola,F,Education,No education,... if she neglects the children,22.3,<10%
408,Angola,F,Education,Primary,... if she neglects the children,20.1,<10%
409,Angola,F,Education,Secondary,... if she neglects the children,10.8,<10%
410,Angola,F,Education,Higher,... if she refuses to have sex with him,2.5,<10%
411,Angola,F,Education,No education,... if she refuses to have sex with him,19.9,<10%
412,Angola,F,Education,Primary,... if she refuses to have sex with him,14.2,<10%
413,Angola,F,Education,Secondary,... if she refuses to have sex with him,5.3,<10%
414,Angola,F,Employment,Employed for cash,... for at least one specific reason,26.6,<10%
415,Angola,F,Employment,Employed for kind,... for at least one specific reason,28.4,<10%
416,Angola,F,Employment,Unemployed,... for at least one specific reason,21.3,<10%
417,Angola,F,Employment,Employed for cash,... if she argues with him,16.1,<10%
418,Angola,F,Employment,Employed for kind,... if she argues with him,19.1,<10%
419,Angola,F,Employment,Unemployed,... if she argues with him,11.6,<10%
420,Angola,F,Employment,Employed for cash,... if she goes out without telling him,15.2,<10%
421,Angola,F,Employment,Employed for kind,... if she goes out without telling him,17.3,<10%
422,Angola,F,Employment,Unemployed,... if she goes out without telling him,11.7,<10%
423,Angola,F,Employment,Employed for cash,... if she neglects the children,16.7,<10%
424,Angola,F,Employment,Employed for kind,... if she neglects the children,18.9,<10%
425,Angola,F,Employment,Unemployed,... if she neglects the children,14,<10%
426,Angola,F,Employment,Employed for cash,... if she refuses to have sex with him,12.4,<10%
427,Angola,F,Employment,Employed for kind,... if she refuses to have sex with him,14.7,<10%
428,Angola,F,Employment,Unemployed,... if she refuses to have sex with him,8.2,<10%
429,Angola,F,Marital status,Married or living together,... for at least one specific reason,27.2,<10%
430,Angola,F,Marital status,Never married,... for at least one specific reason,21.1,<10%
431,Angola,F,Marital status,"Widowed, divorced, separated",... for at least one specific reason,28.5,<10%
432,Angola,F,Marital status,Married or living together,... if she argues with him,16.7,<10%
433,Angola,F,Marital status,Never married,... if she argues with him,12.3,<10%
434,Angola,F,Marital status,"Widowed, divorced, separated",... if she argues with him,17.3,<10%
435,Angola,F,Marital status,Married or living together,... if she goes out without telling him,15.9,<10%
436,Angola,F,Marital status,Never married,... if she goes out without telling him,11.9,<10%
437,Angola,F,Marital status,"Widowed, divorced, separated",... if she goes out without telling him,15.4,<10%
438,Angola,F,Marital status,Married or living together,... if she neglects the children,17.2,<10%
439,Angola,F,Marital status,Never married,... if she neglects the children,14.1,<10%
440,Angola,F,Marital status,"Widowed, divorced, separated",... if she neglects the children,19,<10%
441,Angola,F,Marital status,Married or living together,... if she refuses to have sex with him,12.5,<10%
442,Angola,F,Marital status,Never married,... if she refuses to have sex with him,8.6,<10%
443,Angola,F,Marital status,"Widowed, divorced, separated",... if she refuses to have sex with him,16.2,<10%
444,Angola,F,Residence,Rural,... for at least one specific reason,37.4,<10%
445,Angola,F,Residence,Urban,... for at least one specific reason,19.8,<10%
446,Angola,F,Residence,Rural,... if she argues with him,26.2,<10%
447,Angola,F,Residence,Urban,... if she argues with him,10.4,<10%
448,Angola,F,Residence,Rural,... if she goes out without telling him,22.9,<10%
449,Angola,F,Residence,Urban,... if she goes out without telling him,10.8,<10%
450,Angola,F,Residence,Rural,... if she neglects the children,24.7,<10%
451,Angola,F,Residence,Urban,... if she neglects the children,12.6,<10%
452,Angola,F,Residence,Rural,... if she refuses to have sex with him,21.3,<10%
453,Angola,F,Residence,Urban,... if she refuses to have sex with him,7.2,<10%
454,Angola,M,Age,15-24,... for at least one specific reason,23.4,<10%
455,Angola,M,Age,25-34,... for at least one specific reason,18.5,<10%
456,Angola,M,Age,35-49,... for at least one specific reason,15.7,<10%
457,Angola,M,Age,15-24,... if she argues with him,12.6,<10%
458,Angola,M,Age,25-34,... if she argues with him,10.6,<10%
459,Angola,M,Age,35-49,... if she argues with him,7.7,<10%
460,Angola,M,Age,15-24,... if she goes out without telling him,8.9,<10%
461,Angola,M,Age,25-34,... if she goes out without telling him,8.1,<10%
462,Angola,M,Age,35-49,... if she goes out without telling him,7,<10%
463,Angola,M,Age,15-24,... if she neglects the children,13.5,<10%
464,Angola,M,Age,25-34,... if she neglects the children,10.7,<10%
465,Angola,M,Age,35-49,... if she neglects the children,9.3,<10%
466,Angola,M,Age,15-24,... if she refuses to have sex with him,6.3,<10%
467,Angola,M,Age,25-34,... if she refuses to have sex with him,5.5,<10%
468,Angola,M,Age,35-49,... if she refuses to have sex with him,4.4,<10%
469,Angola,M,Education,Higher,... for at least one specific reason,3.9,<10%
470,Angola,M,Education,No education,... for at least one specific reason,26.7,<10%
471,Angola,M,Education,Primary,... for at least one specific reason,26.2,<10%
472,Angola,M,Education,Secondary,... for at least one specific reason,18.1,<10%
473,Angola,M,Education,Higher,... if she argues with him,1.6,<10%
474,Angola,M,Education,No education,... if she argues with him,15.9,<10%
475,Angola,M,Education,Primary,... if she argues with him,14.9,<10%
476,Angola,M,Education,Secondary,... if she argues with him,9.2,<10%
477,Angola,M,Education,Higher,... if she goes out without telling him,1.6,<10%
478,Angola,M,Education,No education,... if she goes out without telling him,13.4,<10%
479,Angola,M,Education,Primary,... if she goes out without telling him,11.2,<10%
480,Angola,M,Education,Secondary,... if she goes out without telling him,6.8,<10%
481,Angola,M,Education,Higher,... if she neglects the children,1.8,<10%
482,Angola,M,Education,No education,... if she neglects the children,18.3,<10%
483,Angola,M,Education,Primary,... if she neglects the children,17.1,<10%
484,Angola,M,Education,Secondary,... if she neglects the children,9.1,<10%
485,Angola,M,Education,Higher,... if she refuses to have sex with him,0.6,<10%
486,Angola,M,Education,No education,... if she refuses to have sex with him,11.2,<10%
487,Angola,M,Education,Primary,... if she refuses to have sex with him,7.6,<10%
488,Angola,M,Education,Secondary,... if she refuses to have sex with him,4.4,<10%
489,Angola,M,Employment,Employed for cash,... for at least one specific reason,19.7,<10%
490,Angola,M,Employment,Employed for kind,... for at least one specific reason,23.6,<10%
491,Angola,M,Employment,Unemployed,... for at least one specific reason,19,<10%
492,Angola,M,Employment,Employed for cash,... if she argues with him,10.9,<10%
493,Angola,M,Employment,Employed for kind,... if she argues with him,13.3,<10%
494,Angola,M,Employment,Unemployed,... if she argues with him,9.5,<10%
495,Angola,M,Employment,Employed for cash,... if she goes out without telling him,8.2,<10%
496,Angola,M,Employment,Employed for kind,... if she goes out without telling him,9.2,<10%
497,Angola,M,Employment,Unemployed,... if she goes out without telling him,7.7,<10%
498,Angola,M,Employment,Employed for cash,... if she neglects the children,11.3,<10%
499,Angola,M,Employment,Employed for kind,... if she neglects the children,13.8,<10%
500,Angola,M,Employment,Unemployed,... if she neglects the children,11.1,<10%
501,Angola,M,Employment,Employed for cash,... if she refuses to have sex with him,5.2,<10%
502,Angola,M,Employment,Employed for kind,... if she refuses to have sex with him,7.3,<10%
503,Angola,M,Employment,Unemployed,... if she refuses to have sex with him,5.4,<10%
504,Angola,M,Marital status,Married or living together,... for at least one specific reason,19.1,<10%
505,Angola,M,Marital status,Never married,... for at least one specific reason,20.6,<10%
506,Angola,M,Marital status,"Widowed, divorced, separated",... for at least one specific reason,25.1,<10%
507,Angola,M,Marital status,Married or living together,... if she argues with him,10.5,<10%
508,Angola,M,Marital status,Never married,... if she argues with him,10.6,<10%
509,Angola,M,Marital status,"Widowed, divorced, separated",... if she argues with him,17.4,<10%
510,Angola,M,Marital status,Married or living together,... if she goes out without telling him,8.1,<10%
511,Angola,M,Marital status,Never married,... if she goes out without telling him,8,<10%
512,Angola,M,Marital status,"Widowed, divorced, separated",... if she goes out without telling him,12.8,<10%
513,Angola,M,Marital status,Married or living together,... if she neglects the children,11.7,<10%
514,Angola,M,Marital status,Never married,... if she neglects the children,11.2,<10%
515,Angola,M,Marital status,"Widowed, divorced, separated",... if she neglects the children,16.7,<10%
516,Angola,M,Marital status,Married or living together,... if she refuses to have sex with him,5.1,<10%
517,Angola,M,Marital status,Never married,... if she refuses to have sex with him,5.8,<10%
518,Angola,M,Marital status,"Widowed, divorced, separated",... if she refuses to have sex with him,9.8,<10%
519,Angola,M,Residence,Rural,... for at least one specific reason,26.7,<10%
520,Angola,M,Residence,Urban,... for at least one specific reason,17.5,<10%
521,Angola,M,Residence,Rural,... if she argues with him,15.7,<10%
522,Angola,M,Residence,Urban,... if she argues with him,8.9,<10%
523,Angola,M,Residence,Rural,... if she goes out without telling him,11.2,<10%
524,Angola,M,Residence,Urban,... if she goes out without telling him,7.1,<10%
525,Angola,M,Residence,Rural,... if she neglects the children,18,<10%
526,Angola,M,Residence,Urban,... if she neglects the children,9.2,<10%
527,Angola,M,Residence,Rural,... if she refuses to have sex with him,9.3,<10%
528,Angola,M,Residence,Urban,... if she refuses to have sex with him,4.1,<10%
529,Armenia,F,Education,Higher,... if she burns the food,0,>25%
530,Armenia,F,Education,Primary,... if she burns the food,0.1,>25%
531,Armenia,F,Residence,Urban,... if she burns the food,0.1,>25%
532,Armenia,F,Employment,Unemployed,... if she burns the food,0.2,>25%
533,Armenia,F,Age,15-24,... if she burns the food,0.3,>25%
534,Armenia,F,Employment,Employed for kind,... if she burns the food,0.3,>25%
535,Armenia,F,Marital status,Never married,... if she burns the food,0.3,>25%
536,Armenia,F,Marital status,"Widowed, divorced, separated",... if she burns the food,0.3,>25%
537,Armenia,F,Age,25-34,... if she burns the food,0.4,>25%
538,Armenia,F,Age,35-49,... if she burns the food,0.4,>25%
539,Armenia,F,Marital status,Married or living together,... if she burns the food,0.4,>25%
540,Armenia,F,Employment,Employed for cash,... if she burns the food,0.6,>25%
541,Armenia,F,Residence,Rural,... if she burns the food,0.8,>25%
542,Armenia,F,Education,Secondary,... if she burns the food,0.9,>25%
543,Armenia,M,Marital status,"Widowed, divorced, separated",... if she burns the food,0,>25%
544,Armenia,M,Marital status,Married or living together,... if she burns the food,0.4,>25%
545,Armenia,M,Education,Higher,... if she burns the food,0.6,>25%
546,Armenia,M,Education,Secondary,... if she burns the food,0.6,>25%
547,Armenia,M,Employment,Employed for cash,... if she burns the food,0.6,>25%
548,Armenia,M,Age,15-24,... if she burns the food,0.7,>25%
549,Armenia,M,Age,25-34,... if she burns the food,0.7,>25%
550,Armenia,M,Age,35-49,... if she burns the food,0.7,>25%
551,Armenia,M,Employment,Unemployed,... if she burns the food,0.7,>25%
552,Armenia,M,Residence,Rural,... if she burns the food,0.7,>25%
553,Armenia,M,Residence,Urban,... if she burns the food,0.7,>25%
554,Armenia,M,Education,Primary,... if she burns the food,1,>25%
555,Armenia,M,Employment,Employed for kind,... if she burns the food,1,>25%
556,Armenia,M,Marital status,Never married,... if she burns the food,1,>25%
557,Armenia,F,Age,15-24,... for at least one specific reason,8.7,>25%
558,Armenia,F,Age,25-34,... for at least one specific reason,10.4,>25%
559,Armenia,F,Age,35-49,... for at least one specific reason,10.8,>25%
560,Armenia,F,Age,15-24,... if she argues with him,5.1,>25%
561,Armenia,F,Age,25-34,... if she argues with him,6.4,>25%
562,Armenia,F,Age,35-49,... if she argues with him,6.5,>25%
563,Armenia,F,Age,15-24,... if she goes out without telling him,4.7,>25%
564,Armenia,F,Age,25-34,... if she goes out without telling him,5.5,>25%
565,Armenia,F,Age,35-49,... if she goes out without telling him,5.3,>25%
566,Armenia,F,Age,15-24,... if she neglects the children,7.1,>25%
567,Armenia,F,Age,25-34,... if she neglects the children,8.9,>25%
568,Armenia,F,Age,35-49,... if she neglects the children,9.4,>25%
569,Armenia,F,Age,15-24,... if she refuses to have sex with him,0.6,>25%
570,Armenia,F,Age,25-34,... if she refuses to have sex with him,0.9,>25%
571,Armenia,F,Age,35-49,... if she refuses to have sex with him,0.8,>25%
572,Armenia,F,Education,Higher,... for at least one specific reason,6.6,>25%
573,Armenia,F,Education,Primary,... for at least one specific reason,12,>25%
574,Armenia,F,Education,Secondary,... for at least one specific reason,14.4,>25%
575,Armenia,F,Education,Higher,... if she argues with him,3.9,>25%
576,Armenia,F,Education,Primary,... if she argues with him,5.3,>25%
577,Armenia,F,Education,Secondary,... if she argues with him,9.2,>25%
578,Armenia,F,Education,Higher,... if she goes out without telling him,2.7,>25%
579,Armenia,F,Education,Primary,... if she goes out without telling him,5.4,>25%
580,Armenia,F,Education,Secondary,... if she goes out without telling him,8.7,>25%
581,Armenia,F,Education,Higher,... if she neglects the children,5.5,>25%
582,Armenia,F,Education,Primary,... if she neglects the children,9.4,>25%
583,Armenia,F,Education,Secondary,... if she neglects the children,12.6,>25%
584,Armenia,F,Education,Higher,... if she refuses to have sex with him,0.3,>25%
585,Armenia,F,Education,Primary,... if she refuses to have sex with him,1.5,>25%
586,Armenia,F,Education,Secondary,... if she refuses to have sex with him,1.2,>25%
587,Armenia,F,Employment,Employed for cash,... for at least one specific reason,9.1,>25%
588,Armenia,F,Employment,Employed for kind,... for at least one specific reason,26.2,>25%
589,Armenia,F,Employment,Unemployed,... for at least one specific reason,9.1,>25%
590,Armenia,F,Employment,Employed for cash,... if she argues with him,6.1,>25%
591,Armenia,F,Employment,Employed for kind,... if she argues with him,16,>25%
592,Armenia,F,Employment,Unemployed,... if she argues with him,5.2,>25%
593,Armenia,F,Employment,Employed for cash,... if she goes out without telling him,4.6,>25%
594,Armenia,F,Employment,Employed for kind,... if she goes out without telling him,19.8,>25%
595,Armenia,F,Employment,Unemployed,... if she goes out without telling him,4.2,>25%
596,Armenia,F,Employment,Employed for cash,... if she neglects the children,7.6,>25%
597,Armenia,F,Employment,Employed for kind,... if she neglects the children,24.4,>25%
598,Armenia,F,Employment,Unemployed,... if she neglects the children,7.6,>25%
599,Armenia,F,Employment,Employed for cash,... if she refuses to have sex with him,1.1,>25%
600,Armenia,F,Employment,Employed for kind,... if she refuses to have sex with him,0.6,>25%
601,Armenia,F,Employment,Unemployed,... if she refuses to have sex with him,0.6,>25%
602,Armenia,F,Marital status,Married or living together,... for at least one specific reason,11.4,>25%
603,Armenia,F,Marital status,Never married,... for at least one specific reason,8.4,>25%
604,Armenia,F,Marital status,"Widowed, divorced, separated",... for at least one specific reason,5.3,>25%
605,Armenia,F,Marital status,Married or living together,... if she argues with him,7.1,>25%
606,Armenia,F,Marital status,Never married,... if she argues with him,4.7,>25%
607,Armenia,F,Marital status,"Widowed, divorced, separated",... if she argues with him,3.2,>25%
608,Armenia,F,Marital status,Married or living together,... if she goes out without telling him,5.7,>25%
609,Armenia,F,Marital status,Never married,... if she goes out without telling him,5,>25%
610,Armenia,F,Marital status,"Widowed, divorced, separated",... if she goes out without telling him,2.5,>25%
611,Armenia,F,Marital status,Married or living together,... if she neglects the children,9.9,>25%
612,Armenia,F,Marital status,Never married,... if she neglects the children,6.8,>25%
613,Armenia,F,Marital status,"Widowed, divorced, separated",... if she neglects the children,3.8,>25%
614,Armenia,F,Marital status,Married or living together,... if she refuses to have sex with him,0.9,>25%
615,Armenia,F,Marital status,Never married,... if she refuses to have sex with him,0.5,>25%
616,Armenia,F,Marital status,"Widowed, divorced, separated",... if she refuses to have sex with him,0.8,>25%
617,Armenia,F,Residence,Rural,... for at least one specific reason,15.7,>25%
618,Armenia,F,Residence,Urban,... for at least one specific reason,6.3,>25%
619,Armenia,F,Residence,Rural,... if she argues with him,10.2,>25%
620,Armenia,F,Residence,Urban,... if she argues with him,3.4,>25%
621,Armenia,F,Residence,Rural,... if she goes out without telling him,9.3,>25%
622,Armenia,F,Residence,Urban,... if she goes out without telling him,2.5,>25%
623,Armenia,F,Residence,Rural,... if she neglects the children,13.4,>25%
624,Armenia,F,Residence,Urban,... if she neglects the children,5.4,>25%
625,Armenia,F,Residence,Rural,... if she refuses to have sex with him,1.2,>25%
626,Armenia,F,Residence,Urban,... if she refuses to have sex with him,0.5,>25%
627,Armenia,M,Age,15-24,... for at least one specific reason,24.3,>25%
628,Armenia,M,Age,25-34,... for at least one specific reason,23,>25%
629,Armenia,M,Age,35-49,... for at least one specific reason,20.9,>25%
630,Armenia,M,Age,15-24,... if she argues with him,15.6,>25%
631,Armenia,M,Age,25-34,... if she argues with him,16.8,>25%
632,Armenia,M,Age,35-49,... if she argues with him,15.9,>25%
633,Armenia,M,Age,15-24,... if she goes out without telling him,13.8,>25%
634,Armenia,M,Age,25-34,... if she goes out without telling him,10.5,>25%
635,Armenia,M,Age,35-49,... if she goes out without telling him,11.1,>25%
636,Armenia,M,Age,15-24,... if she neglects the children,18.9,>25%
637,Armenia,M,Age,25-34,... if she neglects the children,16.6,>25%
638,Armenia,M,Age,35-49,... if she neglects the children,16.4,>25%
639,Armenia,M,Age,15-24,... if she refuses to have sex with him,1,>25%
640,Armenia,M,Age,25-34,... if she refuses to have sex with him,1.4,>25%
641,Armenia,M,Age,35-49,... if she refuses to have sex with him,2.3,>25%
642,Armenia,M,Education,Higher,... for at least one specific reason,14.4,>25%
643,Armenia,M,Education,Primary,... for at least one specific reason,30.3,>25%
644,Armenia,M,Education,Secondary,... for at least one specific reason,27.9,>25%
645,Armenia,M,Education,Higher,... if she argues with him,9.9,>25%
646,Armenia,M,Education,Primary,... if she argues with him,22,>25%
647,Armenia,M,Education,Secondary,... if she argues with him,20.2,>25%
648,Armenia,M,Education,Higher,... if she goes out without telling him,6.1,>25%
649,Armenia,M,Education,Primary,... if she goes out without telling him,13.6,>25%
650,Armenia,M,Education,Secondary,... if she goes out without telling him,16.3,>25%
651,Armenia,M,Education,Higher,... if she neglects the children,10.9,>25%
652,Armenia,M,Education,Primary,... if she neglects the children,17.8,>25%
653,Armenia,M,Education,Secondary,... if she neglects the children,22.8,>25%
654,Armenia,M,Education,Higher,... if she refuses to have sex with him,0.8,>25%
655,Armenia,M,Education,Primary,... if she refuses to have sex with him,2.4,>25%
656,Armenia,M,Education,Secondary,... if she refuses to have sex with him,2.2,>25%
657,Armenia,M,Employment,Employed for cash,... for at least one specific reason,22.2,>25%
658,Armenia,M,Employment,Employed for kind,... for at least one specific reason,47,>25%
659,Armenia,M,Employment,Unemployed,... for at least one specific reason,20.7,>25%
660,Armenia,M,Employment,Employed for cash,... if she argues with him,17,>25%
661,Armenia,M,Employment,Employed for kind,... if she argues with him,31.7,>25%
662,Armenia,M,Employment,Unemployed,... if she argues with him,12.2,>25%
663,Armenia,M,Employment,Employed for cash,... if she goes out without telling him,12.3,>25%
664,Armenia,M,Employment,Employed for kind,... if she goes out without telling him,26.3,>25%
665,Armenia,M,Employment,Unemployed,... if she goes out without telling him,8.7,>25%
666,Armenia,M,Employment,Employed for cash,... if she neglects the children,17,>25%
667,Armenia,M,Employment,Employed for kind,... if she neglects the children,31.5,>25%
668,Armenia,M,Employment,Unemployed,... if she neglects the children,16,>25%
669,Armenia,M,Employment,Employed for cash,... if she refuses to have sex with him,1.5,>25%
670,Armenia,M,Employment,Employed for kind,... if she refuses to have sex with him,6,>25%
671,Armenia,M,Employment,Unemployed,... if she refuses to have sex with him,1.5,>25%
672,Armenia,M,Marital status,Married or living together,... for at least one specific reason,21.3,>25%
673,Armenia,M,Marital status,Never married,... for at least one specific reason,23.2,>25%
674,Armenia,M,Marital status,"Widowed, divorced, separated",... for at least one specific reason,42.3,>25%
675,Armenia,M,Marital status,Married or living together,... if she argues with him,15.8,>25%
676,Armenia,M,Marital status,Never married,... if she argues with him,16,>25%
677,Armenia,M,Marital status,"Widowed, divorced, separated",... if she argues with him,27.5,>25%
678,Armenia,M,Marital status,Married or living together,... if she goes out without telling him,10.3,>25%
679,Armenia,M,Marital status,Never married,... if she goes out without telling him,12.9,>25%
680,Armenia,M,Marital status,"Widowed, divorced, separated",... if she goes out without telling him,22.5,>25%
681,Armenia,M,Marital status,Married or living together,... if she neglects the children,16.5,>25%
682,Armenia,M,Marital status,Never married,... if she neglects the children,17.2,>25%
683,Armenia,M,Marital status,"Widowed, divorced, separated",... if she neglects the children,33.7,>25%
684,Armenia,M,Marital status,Married or living together,... if she refuses to have sex with him,1.5,>25%
685,Armenia,M,Marital status,Never married,... if she refuses to have sex with him,1.4,>25%
686,Armenia,M,Marital status,"Widowed, divorced, separated",... if she refuses to have sex with him,9.1,>25%
687,Armenia,M,Residence,Rural,... for at least one specific reason,32.3,>25%
688,Armenia,M,Residence,Urban,... for at least one specific reason,15.1,>25%
689,Armenia,M,Residence,Rural,... if she argues with him,24.7,>25%
690,Armenia,M,Residence,Urban,... if she argues with him,9.5,>25%
691,Armenia,M,Residence,Rural,... if she goes out without telling him,17.7,>25%
692,Armenia,M,Residence,Urban,... if she goes out without telling him,7.1,>25%
693,Armenia,M,Residence,Rural,... if she neglects the children,23.9,>25%
694,Armenia,M,Residence,Urban,... if she neglects the children,12,>25%
695,Armenia,M,Residence,Rural,... if she refuses to have sex with him,2.2,>25%
696,Armenia,M,Residence,Urban,... if she refuses to have sex with him,1.2,>25%
697,Azerbaijan,F,Education,Higher,... if she burns the food,1.5,10-25%
698,Azerbaijan,F,Residence,Urban,... if she burns the food,5.8,10-25%
699,Azerbaijan,F,Marital status,"Widowed, divorced, separated",... if she burns the food,8.9,10-25%
700,Azerbaijan,F,Employment,Employed for cash,... if she burns the food,9.1,10-25%
701,Azerbaijan,F,Marital status,Never married,... if she burns the food,9.9,10-25%
702,Azerbaijan,F,Age,15-24,... if she burns the food,10.7,10-25%
703,Azerbaijan,F,Employment,Unemployed,... if she burns the food,12.6,10-25%
704,Azerbaijan,F,Age,25-34,... if she burns the food,12.8,10-25%
705,Azerbaijan,F,Age,35-49,... if she burns the food,12.9,10-25%
706,Azerbaijan,F,Education,Secondary,... if she burns the food,13.3,10-25%
707,Azerbaijan,F,Marital status,Married or living together,... if she burns the food,13.6,10-25%
708,Azerbaijan,F,Residence,Rural,... if she burns the food,20.3,10-25%
709,Azerbaijan,F,Employment,Employed for kind,... if she burns the food,21.9,10-25%
710,Azerbaijan,F,Education,Primary,... if she burns the food,25.5,10-25%
711,Azerbaijan,F,Education,No education,... if she burns the food,33,10-25%
712,Azerbaijan,M,Residence,Urban,... if she burns the food,3.3,10-25%
713,Azerbaijan,M,Education,Higher,... if she burns the food,3.5,10-25%
714,Azerbaijan,M,Employment,Employed for kind,... if she burns the food,3.7,10-25%
715,Azerbaijan,M,Marital status,"Widowed, divorced, separated",... if she burns the food,3.8,10-25%
716,Azerbaijan,M,Age,25-34,... if she burns the food,5.5,10-25%
717,Azerbaijan,M,Marital status,Married or living together,... if she burns the food,5.6,10-25%
718,Azerbaijan,M,Age,35-49,... if she burns the food,6,10-25%
719,Azerbaijan,M,Employment,Employed for cash,... if she burns the food,6.6,10-25%
720,Azerbaijan,M,Education,Secondary,... if she burns the food,7.8,10-25%
721,Azerbaijan,M,Employment,Unemployed,... if she burns the food,8.6,10-25%
722,Azerbaijan,M,Marital status,Never married,... if she burns the food,9.3,10-25%
723,Azerbaijan,M,Age,15-24,... if she burns the food,9.4,10-25%
724,Azerbaijan,M,Residence,Rural,... if she burns the food,11.8,10-25%
725,Azerbaijan,F,Age,15-24,... for at least one specific reason,43.7,10-25%
726,Azerbaijan,F,Age,25-34,... for at least one specific reason,52,10-25%
727,Azerbaijan,F,Age,35-49,... for at least one specific reason,51.5,10-25%
728,Azerbaijan,F,Age,15-24,... if she argues with him,27.9,10-25%
729,Azerbaijan,F,Age,25-34,... if she argues with him,33.2,10-25%
730,Azerbaijan,F,Age,35-49,... if she argues with him,32.9,10-25%
731,Azerbaijan,F,Age,15-24,... if she goes out without telling him,36.9,10-25%
732,Azerbaijan,F,Age,25-34,... if she goes out without telling him,46.1,10-25%
733,Azerbaijan,F,Age,35-49,... if she goes out without telling him,44.9,10-25%
734,Azerbaijan,F,Age,15-24,... if she neglects the children,30.9,10-25%
735,Azerbaijan,F,Age,25-34,... if she neglects the children,35.8,10-25%
736,Azerbaijan,F,Age,35-49,... if she neglects the children,36.9,10-25%
737,Azerbaijan,F,Age,15-24,... if she refuses to have sex with him,11.7,10-25%
738,Azerbaijan,F,Age,25-34,... if she refuses to have sex with him,15.3,10-25%
739,Azerbaijan,F,Age,35-49,... if she refuses to have sex with him,15.6,10-25%
740,Azerbaijan,F,Education,Higher,... for at least one specific reason,22.5,10-25%
741,Azerbaijan,F,Education,No education,... for at least one specific reason,74.3,10-25%
742,Azerbaijan,F,Education,Primary,... for at least one specific reason,63.1,10-25%
743,Azerbaijan,F,Education,Secondary,... for at least one specific reason,52.5,10-25%
744,Azerbaijan,F,Education,Higher,... if she argues with him,11.2,10-25%
745,Azerbaijan,F,Education,No education,... if she argues with him,55.2,10-25%
746,Azerbaijan,F,Education,Primary,... if she argues with him,43.6,10-25%
747,Azerbaijan,F,Education,Secondary,... if she argues with him,33.9,10-25%
748,Azerbaijan,F,Education,Higher,... if she goes out without telling him,17.2,10-25%
749,Azerbaijan,F,Education,No education,... if she goes out without telling him,68.5,10-25%
750,Azerbaijan,F,Education,Primary,... if she goes out without telling him,58.3,10-25%
751,Azerbaijan,F,Education,Secondary,... if she goes out without telling him,45.8,10-25%
752,Azerbaijan,F,Education,Higher,... if she neglects the children,11.6,10-25%
753,Azerbaijan,F,Education,No education,... if she neglects the children,64.7,10-25%
754,Azerbaijan,F,Education,Primary,... if she neglects the children,47.6,10-25%
755,Azerbaijan,F,Education,Secondary,... if she neglects the children,37.6,10-25%
756,Azerbaijan,F,Education,Higher,... if she refuses to have sex with him,2.8,10-25%
757,Azerbaijan,F,Education,No education,... if she refuses to have sex with him,37.4,10-25%
758,Azerbaijan,F,Education,Primary,... if she refuses to have sex with him,26,10-25%
759,Azerbaijan,F,Education,Secondary,... if she refuses to have sex with him,15.5,10-25%
760,Azerbaijan,F,Employment,Employed for cash,... for at least one specific reason,42.2,10-25%
761,Azerbaijan,F,Employment,Employed for kind,... for at least one specific reason,63.9,10-25%
762,Azerbaijan,F,Employment,Unemployed,... for at least one specific reason,50.2,10-25%
763,Azerbaijan,F,Employment,Employed for cash,... if she argues with him,25.2,10-25%
764,Azerbaijan,F,Employment,Employed for kind,... if she argues with him,43.1,10-25%
765,Azerbaijan,F,Employment,Unemployed,... if she argues with him,32.4,10-25%
766,Azerbaijan,F,Employment,Employed for cash,... if she goes out without telling him,35,10-25%
767,Azerbaijan,F,Employment,Employed for kind,... if she goes out without telling him,59.2,10-25%
768,Azerbaijan,F,Employment,Unemployed,... if she goes out without telling him,43.9,10-25%
769,Azerbaijan,F,Employment,Employed for cash,... if she neglects the children,27.7,10-25%
770,Azerbaijan,F,Employment,Employed for kind,... if she neglects the children,50,10-25%
771,Azerbaijan,F,Employment,Unemployed,... if she neglects the children,35.8,10-25%
772,Azerbaijan,F,Employment,Employed for cash,... if she refuses to have sex with him,10.8,10-25%
773,Azerbaijan,F,Employment,Employed for kind,... if she refuses to have sex with him,23.4,10-25%
774,Azerbaijan,F,Employment,Unemployed,... if she refuses to have sex with him,14.8,10-25%
775,Azerbaijan,F,Marital status,Married or living together,... for at least one specific reason,54.7,10-25%
776,Azerbaijan,F,Marital status,Never married,... for at least one specific reason,39,10-25%
777,Azerbaijan,F,Marital status,"Widowed, divorced, separated",... for at least one specific reason,41.6,10-25%
778,Azerbaijan,F,Marital status,Married or living together,... if she argues with him,35.1,10-25%
779,Azerbaijan,F,Marital status,Never married,... if she argues with him,24.6,10-25%
780,Azerbaijan,F,Marital status,"Widowed, divorced, separated",... if she argues with him,26.6,10-25%
781,Azerbaijan,F,Marital status,Married or living together,... if she goes out without telling him,48.7,10-25%
782,Azerbaijan,F,Marital status,Never married,... if she goes out without telling him,31.4,10-25%
783,Azerbaijan,F,Marital status,"Widowed, divorced, separated",... if she goes out without telling him,36.2,10-25%
784,Azerbaijan,F,Marital status,Married or living together,... if she neglects the children,38.8,10-25%
785,Azerbaijan,F,Marital status,Never married,... if she neglects the children,27.3,10-25%
786,Azerbaijan,F,Marital status,"Widowed, divorced, separated",... if she neglects the children,29,10-25%
787,Azerbaijan,F,Marital status,Married or living together,... if she refuses to have sex with him,17.1,10-25%
788,Azerbaijan,F,Marital status,Never married,... if she refuses to have sex with him,8.9,10-25%
789,Azerbaijan,F,Marital status,"Widowed, divorced, separated",... if she refuses to have sex with him,11.3,10-25%
790,Azerbaijan,F,Residence,Rural,... for at least one specific reason,60.6,10-25%
791,Azerbaijan,F,Residence,Urban,... for at least one specific reason,40,10-25%
792,Azerbaijan,F,Residence,Rural,... if she argues with him,42.4,10-25%
793,Azerbaijan,F,Residence,Urban,... if she argues with him,22.8,10-25%
794,Azerbaijan,F,Residence,Rural,... if she goes out without telling him,54.3,10-25%
795,Azerbaijan,F,Residence,Urban,... if she goes out without telling him,33.4,10-25%
796,Azerbaijan,F,Residence,Rural,... if she neglects the children,47.3,10-25%
797,Azerbaijan,F,Residence,Urban,... if she neglects the children,24.8,10-25%
798,Azerbaijan,F,Residence,Rural,... if she refuses to have sex with him,21.5,10-25%
799,Azerbaijan,F,Residence,Urban,... if she refuses to have sex with him,8.6,10-25%
800,Azerbaijan,M,Age,15-24,... for at least one specific reason,63.5,10-25%
801,Azerbaijan,M,Age,25-34,... for at least one specific reason,58.9,10-25%
802,Azerbaijan,M,Age,35-49,... for at least one specific reason,53.9,10-25%
803,Azerbaijan,M,Age,15-24,... if she argues with him,55.8,10-25%
804,Azerbaijan,M,Age,25-34,... if she argues with him,53.1,10-25%
805,Azerbaijan,M,Age,35-49,... if she argues with him,47.6,10-25%
806,Azerbaijan,M,Age,15-24,... if she goes out without telling him,45.7,10-25%
807,Azerbaijan,M,Age,25-34,... if she goes out without telling him,42.3,10-25%
808,Azerbaijan,M,Age,35-49,... if she goes out without telling him,34.2,10-25%
809,Azerbaijan,M,Age,15-24,... if she neglects the children,39.4,10-25%
810,Azerbaijan,M,Age,25-34,... if she neglects the children,35.4,10-25%
811,Azerbaijan,M,Age,35-49,... if she neglects the children,30.3,10-25%
812,Azerbaijan,M,Age,15-24,... if she refuses to have sex with him,15.2,10-25%
813,Azerbaijan,M,Age,25-34,... if she refuses to have sex with him,10.3,10-25%
814,Azerbaijan,M,Age,35-49,... if she refuses to have sex with him,9.7,10-25%
815,Azerbaijan,M,Education,Higher,... for at least one specific reason,52.5,10-25%
816,Azerbaijan,M,Education,Secondary,... for at least one specific reason,59.9,10-25%
817,Azerbaijan,M,Education,Higher,... if she argues with him,47.5,10-25%
818,Azerbaijan,M,Education,Secondary,... if she argues with him,52.8,10-25%
819,Azerbaijan,M,Education,Higher,... if she goes out without telling him,31.1,10-25%
820,Azerbaijan,M,Education,Secondary,... if she goes out without telling him,42.2,10-25%
821,Azerbaijan,M,Education,Higher,... if she neglects the children,17,10-25%
822,Azerbaijan,M,Education,Secondary,... if she neglects the children,38.8,10-25%
823,Azerbaijan,M,Education,Higher,... if she refuses to have sex with him,5.2,10-25%
824,Azerbaijan,M,Education,Secondary,... if she refuses to have sex with him,13.2,10-25%
825,Azerbaijan,M,Employment,Employed for cash,... for at least one specific reason,59.4,10-25%
826,Azerbaijan,M,Employment,Employed for kind,... for at least one specific reason,45.3,10-25%
827,Azerbaijan,M,Employment,Unemployed,... for at least one specific reason,58.5,10-25%
828,Azerbaijan,M,Employment,Employed for cash,... if she argues with him,53.4,10-25%
829,Azerbaijan,M,Employment,Employed for kind,... if she argues with him,42.5,10-25%
830,Azerbaijan,M,Employment,Unemployed,... if she argues with him,49.5,10-25%
831,Azerbaijan,M,Employment,Employed for cash,... if she goes out without telling him,41.3,10-25%
832,Azerbaijan,M,Employment,Employed for kind,... if she goes out without telling him,29.5,10-25%
833,Azerbaijan,M,Employment,Unemployed,... if she goes out without telling him,39.2,10-25%
834,Azerbaijan,M,Employment,Employed for cash,... if she neglects the children,35.2,10-25%
835,Azerbaijan,M,Employment,Employed for kind,... if she neglects the children,32,10-25%
836,Azerbaijan,M,Employment,Unemployed,... if she neglects the children,33.7,10-25%
837,Azerbaijan,M,Employment,Employed for cash,... if she refuses to have sex with him,11.7,10-25%
838,Azerbaijan,M,Employment,Employed for kind,... if she refuses to have sex with him,4.6,10-25%
839,Azerbaijan,M,Employment,Unemployed,... if she refuses to have sex with him,12.8,10-25%
840,Azerbaijan,M,Marital status,Married or living together,... for at least one specific reason,54.8,10-25%
841,Azerbaijan,M,Marital status,Never married,... for at least one specific reason,63.9,10-25%
842,Azerbaijan,M,Marital status,"Widowed, divorced, separated",... for at least one specific reason,62.5,10-25%
843,Azerbaijan,M,Marital status,Married or living together,... if she argues with him,48.7,10-25%
844,Azerbaijan,M,Marital status,Never married,... if she argues with him,56.2,10-25%
845,Azerbaijan,M,Marital status,"Widowed, divorced, separated",... if she argues with him,59.2,10-25%
846,Azerbaijan,M,Marital status,Married or living together,... if she goes out without telling him,36.8,10-25%
847,Azerbaijan,M,Marital status,Never married,... if she goes out without telling him,45.5,10-25%
848,Azerbaijan,M,Marital status,"Widowed, divorced, separated",... if she goes out without telling him,32.6,10-25%
849,Azerbaijan,M,Marital status,Married or living together,... if she neglects the children,31.7,10-25%
850,Azerbaijan,M,Marital status,Never married,... if she neglects the children,39.3,10-25%
851,Azerbaijan,M,Marital status,"Widowed, divorced, separated",... if she neglects the children,34,10-25%
852,Azerbaijan,M,Marital status,Married or living together,... if she refuses to have sex with him,10.1,10-25%
853,Azerbaijan,M,Marital status,Never married,... if she refuses to have sex with him,14.1,10-25%
854,Azerbaijan,M,Marital status,"Widowed, divorced, separated",... if she refuses to have sex with him,10.9,10-25%
855,Azerbaijan,M,Residence,Rural,... for at least one specific reason,62.2,10-25%
856,Azerbaijan,M,Residence,Urban,... for at least one specific reason,55.4,10-25%
857,Azerbaijan,M,Residence,Rural,... if she argues with him,52.5,10-25%
858,Azerbaijan,M,Residence,Urban,... if she argues with him,51.1,10-25%
859,Azerbaijan,M,Residence,Rural,... if she goes out without telling him,43.9,10-25%
860,Azerbaijan,M,Residence,Urban,... if she goes out without telling him,37.1,10-25%
861,Azerbaijan,M,Residence,Rural,... if she neglects the children,45.4,10-25%
862,Azerbaijan,M,Residence,Urban,... if she neglects the children,26.4,10-25%
863,Azerbaijan,M,Residence,Rural,... if she refuses to have sex with him,17.2,10-25%
864,Azerbaijan,M,Residence,Urban,... if she refuses to have sex with him,7.4,10-25%
865,Bangladesh,F,Education,Higher,... if she burns the food,0.8,<10%
866,Bangladesh,F,Education,Secondary,... if she burns the food,2.7,<10%
867,Bangladesh,F,Residence,Urban,... if she burns the food,2.8,<10%
868,Bangladesh,F,Age,15-24,... if she burns the food,3.6,<10%
869,Bangladesh,F,Age,25-34,... if she burns the food,4.1,<10%
870,Bangladesh,F,Employment,Unemployed,... if she burns the food,4.1,<10%
871,Bangladesh,F,Marital status,Married or living together,... if she burns the food,4.2,<10%
872,Bangladesh,F,Employment,Employed for cash,... if she burns the food,4.7,<10%
873,Bangladesh,F,Residence,Rural,... if she burns the food,4.9,<10%
874,Bangladesh,F,Age,35-49,... if she burns the food,5.2,<10%
875,Bangladesh,F,Employment,Employed for kind,... if she burns the food,5.3,<10%
876,Bangladesh,F,Education,Primary,... if she burns the food,5.4,<10%
877,Bangladesh,F,Marital status,"Widowed, divorced, separated",... if she burns the food,6.7,<10%
878,Bangladesh,F,Education,No education,... if she burns the food,6.8,<10%
879,Bangladesh,F,Age,15-24,... for at least one specific reason,27.9,<10%
880,Bangladesh,F,Age,25-34,... for at least one specific reason,27.7,<10%
881,Bangladesh,F,Age,35-49,... for at least one specific reason,29.2,<10%
882,Bangladesh,F,Age,15-24,... if she argues with him,19.8,<10%
883,Bangladesh,F,Age,25-34,... if she argues with him,19.3,<10%
884,Bangladesh,F,Age,35-49,... if she argues with him,20.7,<10%
885,Bangladesh,F,Age,15-24,... if she goes out without telling him,13.9,<10%
886,Bangladesh,F,Age,25-34,... if she goes out without telling him,13.7,<10%
887,Bangladesh,F,Age,35-49,... if she goes out without telling him,15.6,<10%
888,Bangladesh,F,Age,15-24,... if she neglects the children,14.6,<10%
889,Bangladesh,F,Age,25-34,... if she neglects the children,14.7,<10%
890,Bangladesh,F,Age,35-49,... if she neglects the children,15.4,<10%
891,Bangladesh,F,Age,15-24,... if she refuses to have sex with him,5.9,<10%
892,Bangladesh,F,Age,25-34,... if she refuses to have sex with him,7.4,<10%
893,Bangladesh,F,Age,35-49,... if she refuses to have sex with him,8.1,<10%
894,Bangladesh,F,Education,Higher,... for at least one specific reason,13.4,<10%
895,Bangladesh,F,Education,No education,... for at least one specific reason,33,<10%
896,Bangladesh,F,Education,Primary,... for at least one specific reason,31.7,<10%
897,Bangladesh,F,Education,Secondary,... for at least one specific reason,25.8,<10%
898,Bangladesh,F,Education,Higher,... if she argues with him,7.4,<10%
899,Bangladesh,F,Education,No education,... if she argues with him,24.4,<10%
900,Bangladesh,F,Education,Primary,... if she argues with him,22.3,<10%
901,Bangladesh,F,Education,Secondary,... if she argues with him,17.9,<10%
902,Bangladesh,F,Education,Higher,... if she goes out without telling him,6.2,<10%
903,Bangladesh,F,Education,No education,... if she goes out without telling him,17.5,<10%
904,Bangladesh,F,Education,Primary,... if she goes out without telling him,17.3,<10%
905,Bangladesh,F,Education,Secondary,... if she goes out without telling him,12,<10%
906,Bangladesh,F,Education,Higher,... if she neglects the children,7.3,<10%
907,Bangladesh,F,Education,No education,... if she neglects the children,16.9,<10%
908,Bangladesh,F,Education,Primary,... if she neglects the children,17.2,<10%
909,Bangladesh,F,Education,Secondary,... if she neglects the children,13.5,<10%
910,Bangladesh,F,Education,Higher,... if she refuses to have sex with him,1.7,<10%
911,Bangladesh,F,Education,No education,... if she refuses to have sex with him,10.2,<10%
912,Bangladesh,F,Education,Primary,... if she refuses to have sex with him,8.9,<10%
913,Bangladesh,F,Education,Secondary,... if she refuses to have sex with him,5.1,<10%
914,Bangladesh,F,Employment,Employed for cash,... for at least one specific reason,28.8,<10%
915,Bangladesh,F,Employment,Employed for kind,... for at least one specific reason,29.2,<10%
916,Bangladesh,F,Employment,Unemployed,... for at least one specific reason,28,<10%
917,Bangladesh,F,Employment,Employed for cash,... if she argues with him,20.6,<10%
918,Bangladesh,F,Employment,Employed for kind,... if she argues with him,21.4,<10%
919,Bangladesh,F,Employment,Unemployed,... if she argues with him,19.5,<10%
920,Bangladesh,F,Employment,Employed for cash,... if she goes out without telling him,14.9,<10%
921,Bangladesh,F,Employment,Employed for kind,... if she goes out without telling him,15.3,<10%
922,Bangladesh,F,Employment,Unemployed,... if she goes out without telling him,14.2,<10%
923,Bangladesh,F,Employment,Employed for cash,... if she neglects the children,15.6,<10%
924,Bangladesh,F,Employment,Employed for kind,... if she neglects the children,16.5,<10%
925,Bangladesh,F,Employment,Unemployed,... if she neglects the children,14.5,<10%
926,Bangladesh,F,Employment,Employed for cash,... if she refuses to have sex with him,8,<10%
927,Bangladesh,F,Employment,Employed for kind,... if she refuses to have sex with him,8.2,<10%
928,Bangladesh,F,Employment,Unemployed,... if she refuses to have sex with him,6.7,<10%
929,Bangladesh,F,Marital status,Married or living together,... for at least one specific reason,28.1,<10%
930,Bangladesh,F,Marital status,"Widowed, divorced, separated",... for at least one specific reason,32.2,<10%
931,Bangladesh,F,Marital status,Married or living together,... if she argues with him,19.8,<10%
932,Bangladesh,F,Marital status,"Widowed, divorced, separated",... if she argues with him,21.8,<10%
933,Bangladesh,F,Marital status,Married or living together,... if she goes out without telling him,14.1,<10%
934,Bangladesh,F,Marital status,"Widowed, divorced, separated",... if she goes out without telling him,20.3,<10%
935,Bangladesh,F,Marital status,Married or living together,... if she neglects the children,14.7,<10%
936,Bangladesh,F,Marital status,"Widowed, divorced, separated",... if she neglects the children,18.8,<10%
937,Bangladesh,F,Marital status,Married or living together,... if she refuses to have sex with him,7,<10%
938,Bangladesh,F,Marital status,"Widowed, divorced, separated",... if she refuses to have sex with him,10.9,<10%
939,Bangladesh,F,Residence,Rural,... for at least one specific reason,29.6,<10%
940,Bangladesh,F,Residence,Urban,... for at least one specific reason,24.8,<10%
941,Bangladesh,F,Residence,Rural,... if she argues with him,21.1,<10%
942,Bangladesh,F,Residence,Urban,... if she argues with him,17.1,<10%
943,Bangladesh,F,Residence,Rural,... if she goes out without telling him,15.3,<10%
944,Bangladesh,F,Residence,Urban,... if she goes out without telling him,12.2,<10%
945,Bangladesh,F,Residence,Rural,... if she neglects the children,15.6,<10%
946,Bangladesh,F,Residence,Urban,... if she neglects the children,13.1,<10%
947,Bangladesh,F,Residence,Rural,... if she refuses to have sex with him,7.8,<10%
948,Bangladesh,F,Residence,Urban,... if she refuses to have sex with him,5.8,<10%
949,Benin,F,Education,Higher,... if she burns the food,1,10-25%
950,Benin,F,Education,Secondary,... if she burns the food,9.5,10-25%
951,Benin,F,Residence,Urban,... if she burns the food,11.2,10-25%
952,Benin,F,Employment,Unemployed,... if she burns the food,11.7,10-25%
953,Benin,F,Marital status,Never married,... if she burns the food,11.8,10-25%
954,Benin,F,Education,Primary,... if she burns the food,13,10-25%
955,Benin,F,Age,15-24,... if she burns the food,13.2,10-25%
956,Benin,F,Age,25-34,... if she burns the food,13.4,10-25%
957,Benin,F,Employment,Employed for kind,... if she burns the food,14.4,10-25%
958,Benin,F,Employment,Employed for cash,... if she burns the food,14.6,10-25%
959,Benin,F,Marital status,Married or living together,... if she burns the food,14.6,10-25%
960,Benin,F,Marital status,"Widowed, divorced, separated",... if she burns the food,15.1,10-25%
961,Benin,F,Age,35-49,... if she burns the food,15.5,10-25%
962,Benin,F,Residence,Rural,... if she burns the food,15.9,10-25%
963,Benin,F,Education,No education,... if she burns the food,16.5,10-25%
964,Benin,M,Education,Higher,... if she burns the food,1.1,10-25%
965,Benin,M,Residence,Urban,... if she burns the food,3.7,10-25%
966,Benin,M,Education,Secondary,... if she burns the food,4.3,10-25%
967,Benin,M,Employment,Unemployed,... if she burns the food,4.4,10-25%
968,Benin,M,Age,35-49,... if she burns the food,5.3,10-25%
969,Benin,M,Marital status,Married or living together,... if she burns the food,5.9,10-25%
970,Benin,M,Education,Primary,... if she burns the food,6.3,10-25%
971,Benin,M,Age,25-34,... if she burns the food,6.5,10-25%
972,Benin,M,Employment,Employed for cash,... if she burns the food,6.6,10-25%
973,Benin,M,Marital status,"Widowed, divorced, separated",... if she burns the food,7,10-25%
974,Benin,M,Marital status,Never married,... if she burns the food,8,10-25%
975,Benin,M,Age,15-24,... if she burns the food,8.3,10-25%
976,Benin,M,Residence,Rural,... if she burns the food,9.2,10-25%
977,Benin,M,Education,No education,... if she burns the food,10.7,10-25%
978,Benin,M,Employment,Employed for kind,... if she burns the food,11,10-25%
979,Benin,F,Age,15-24,... for at least one specific reason,29.8,10-25%
980,Benin,F,Age,25-34,... for at least one specific reason,32.7,10-25%
981,Benin,F,Age,35-49,... for at least one specific reason,33.7,10-25%
982,Benin,F,Age,15-24,... if she argues with him,19.1,10-25%
983,Benin,F,Age,25-34,... if she argues with him,21.7,10-25%
984,Benin,F,Age,35-49,... if she argues with him,22.3,10-25%
985,Benin,F,Age,15-24,... if she goes out without telling him,18.7,10-25%
986,Benin,F,Age,25-34,... if she goes out without telling him,22.2,10-25%
987,Benin,F,Age,35-49,... if she goes out without telling him,23.7,10-25%
988,Benin,F,Age,15-24,... if she neglects the children,20.5,10-25%
989,Benin,F,Age,25-34,... if she neglects the children,23.5,10-25%
990,Benin,F,Age,35-49,... if she neglects the children,24.5,10-25%
991,Benin,F,Age,15-24,... if she refuses to have sex with him,11.4,10-25%
992,Benin,F,Age,25-34,... if she refuses to have sex with him,12.9,10-25%
993,Benin,F,Age,35-49,... if she refuses to have sex with him,14.5,10-25%
994,Benin,F,Education,Higher,... for at least one specific reason,4.7,10-25%
995,Benin,F,Education,No education,... for at least one specific reason,37.3,10-25%
996,Benin,F,Education,Primary,... for at least one specific reason,29.4,10-25%
997,Benin,F,Education,Secondary,... for at least one specific reason,23.2,10-25%
998,Benin,F,Education,Higher,... if she argues with him,3,10-25%
999,Benin,F,Education,No education,... if she argues with him,25.9,10-25%
1000,Benin,F,Education,Primary,... if she argues with him,17.2,10-25%
1001,Benin,F,Education,Secondary,... if she argues with him,13.4,10-25%
1002,Benin,F,Education,Higher,... if she goes out without telling him,2.4,10-25%
1003,Benin,F,Education,No education,... if she goes out without telling him,26.5,10-25%
1004,Benin,F,Education,Primary,... if she goes out without telling him,17.8,10-25%
1005,Benin,F,Education,Secondary,... if she goes out without telling him,13.2,10-25%
1006,Benin,F,Education,Higher,... if she neglects the children,2.8,10-25%
1007,Benin,F,Education,No education,... if she neglects the children,27.2,10-25%
1008,Benin,F,Education,Primary,... if she neglects the children,19.6,10-25%
1009,Benin,F,Education,Secondary,... if she neglects the children,16,10-25%
1010,Benin,F,Education,Higher,... if she refuses to have sex with him,1.4,10-25%
1011,Benin,F,Education,No education,... if she refuses to have sex with him,16.5,10-25%
1012,Benin,F,Education,Primary,... if she refuses to have sex with him,10.6,10-25%
1013,Benin,F,Education,Secondary,... if she refuses to have sex with him,6.5,10-25%
1014,Benin,F,Employment,Employed for cash,... for at least one specific reason,33.1,10-25%
1015,Benin,F,Employment,Employed for kind,... for at least one specific reason,30.6,10-25%
1016,Benin,F,Employment,Unemployed,... for at least one specific reason,29.3,10-25%
1017,Benin,F,Employment,Employed for cash,... if she argues with him,21.5,10-25%
1018,Benin,F,Employment,Employed for kind,... if she argues with him,19.6,10-25%
1019,Benin,F,Employment,Unemployed,... if she argues with him,19.9,10-25%
1020,Benin,F,Employment,Employed for cash,... if she goes out without telling him,22.6,10-25%
1021,Benin,F,Employment,Employed for kind,... if she goes out without telling him,17.1,10-25%
1022,Benin,F,Employment,Unemployed,... if she goes out without telling him,20.7,10-25%
1023,Benin,F,Employment,Employed for cash,... if she neglects the children,23.5,10-25%
1024,Benin,F,Employment,Employed for kind,... if she neglects the children,21.8,10-25%
1025,Benin,F,Employment,Unemployed,... if she neglects the children,20.8,10-25%
1026,Benin,F,Employment,Employed for cash,... if she refuses to have sex with him,12.9,10-25%
1027,Benin,F,Employment,Employed for kind,... if she refuses to have sex with him,11.1,10-25%
1028,Benin,F,Employment,Unemployed,... if she refuses to have sex with him,13.5,10-25%
1029,Benin,F,Marital status,Married or living together,... for at least one specific reason,34,10-25%
1030,Benin,F,Marital status,Never married,... for at least one specific reason,25.7,10-25%
1031,Benin,F,Marital status,"Widowed, divorced, separated",... for at least one specific reason,31.3,10-25%
1032,Benin,F,Marital status,Married or living together,... if she argues with him,22.6,10-25%
1033,Benin,F,Marital status,Never married,... if she argues with him,16.1,10-25%
1034,Benin,F,Marital status,"Widowed, divorced, separated",... if she argues with him,18.5,10-25%
1035,Benin,F,Marital status,Married or living together,... if she goes out without telling him,23.4,10-25%
1036,Benin,F,Marital status,Never married,... if she goes out without telling him,15.3,10-25%
1037,Benin,F,Marital status,"Widowed, divorced, separated",... if she goes out without telling him,20.3,10-25%
1038,Benin,F,Marital status,Married or living together,... if she neglects the children,24.7,10-25%
1039,Benin,F,Marital status,Never married,... if she neglects the children,17.3,10-25%
1040,Benin,F,Marital status,"Widowed, divorced, separated",... if she neglects the children,19.7,10-25%
1041,Benin,F,Marital status,Married or living together,... if she refuses to have sex with him,14.2,10-25%
1042,Benin,F,Marital status,Never married,... if she refuses to have sex with him,8.4,10-25%
1043,Benin,F,Marital status,"Widowed, divorced, separated",... if she refuses to have sex with him,13.1,10-25%
1044,Benin,F,Residence,Rural,... for at least one specific reason,36.6,10-25%
1045,Benin,F,Residence,Urban,... for at least one specific reason,25.4,10-25%
1046,Benin,F,Residence,Rural,... if she argues with him,24.3,10-25%
1047,Benin,F,Residence,Urban,... if she argues with him,16.2,10-25%
1048,Benin,F,Residence,Rural,... if she goes out without telling him,24.5,10-25%
1049,Benin,F,Residence,Urban,... if she goes out without telling him,16.9,10-25%
1050,Benin,F,Residence,Rural,... if she neglects the children,26,10-25%
1051,Benin,F,Residence,Urban,... if she neglects the children,18,10-25%
1052,Benin,F,Residence,Rural,... if she refuses to have sex with him,14.4,10-25%
1053,Benin,F,Residence,Urban,... if she refuses to have sex with him,10.6,10-25%
1054,Benin,M,Age,15-24,... for at least one specific reason,17.3,10-25%
1055,Benin,M,Age,25-34,... for at least one specific reason,15.9,10-25%
1056,Benin,M,Age,35-49,... for at least one specific reason,12.8,10-25%
1057,Benin,M,Age,15-24,... if she argues with him,11.1,10-25%
1058,Benin,M,Age,25-34,... if she argues with him,10.2,10-25%
1059,Benin,M,Age,35-49,... if she argues with him,7.4,10-25%
1060,Benin,M,Age,15-24,... if she goes out without telling him,10.5,10-25%
1061,Benin,M,Age,25-34,... if she goes out without telling him,8.3,10-25%
1062,Benin,M,Age,35-49,... if she goes out without telling him,7.2,10-25%
1063,Benin,M,Age,15-24,... if she neglects the children,11.2,10-25%
1064,Benin,M,Age,25-34,... if she neglects the children,9.7,10-25%
1065,Benin,M,Age,35-49,... if she neglects the children,6.6,10-25%
1066,Benin,M,Age,15-24,... if she refuses to have sex with him,7.7,10-25%
1067,Benin,M,Age,25-34,... if she refuses to have sex with him,7.9,10-25%
1068,Benin,M,Age,35-49,... if she refuses to have sex with him,5.1,10-25%
1069,Benin,M,Education,Higher,... for at least one specific reason,3.6,10-25%
1070,Benin,M,Education,No education,... for at least one specific reason,21.1,10-25%
1071,Benin,M,Education,Primary,... for at least one specific reason,14.8,10-25%
1072,Benin,M,Education,Secondary,... for at least one specific reason,12.5,10-25%
1073,Benin,M,Education,Higher,... if she argues with him,1.7,10-25%
1074,Benin,M,Education,No education,... if she argues with him,14,10-25%
1075,Benin,M,Education,Primary,... if she argues with him,9.4,10-25%
1076,Benin,M,Education,Secondary,... if she argues with him,7,10-25%
1077,Benin,M,Education,Higher,... if she goes out without telling him,1.2,10-25%
1078,Benin,M,Education,No education,... if she goes out without telling him,11.6,10-25%
1079,Benin,M,Education,Primary,... if she goes out without telling him,9.3,10-25%
1080,Benin,M,Education,Secondary,... if she goes out without telling him,7.1,10-25%
1081,Benin,M,Education,Higher,... if she neglects the children,0.8,10-25%
1082,Benin,M,Education,No education,... if she neglects the children,13.5,10-25%
1083,Benin,M,Education,Primary,... if she neglects the children,8.4,10-25%
1084,Benin,M,Education,Secondary,... if she neglects the children,7.2,10-25%
1085,Benin,M,Education,Higher,... if she refuses to have sex with him,0.7,10-25%
1086,Benin,M,Education,No education,... if she refuses to have sex with him,11.1,10-25%
1087,Benin,M,Education,Primary,... if she refuses to have sex with him,6,10-25%
1088,Benin,M,Education,Secondary,... if she refuses to have sex with him,4.6,10-25%
1089,Benin,M,Employment,Employed for cash,... for at least one specific reason,15.2,10-25%
1090,Benin,M,Employment,Employed for kind,... for at least one specific reason,23.4,10-25%
1091,Benin,M,Employment,Unemployed,... for at least one specific reason,10.1,10-25%
1092,Benin,M,Employment,Employed for cash,... if she argues with him,9.8,10-25%
1093,Benin,M,Employment,Employed for kind,... if she argues with him,12.6,10-25%
1094,Benin,M,Employment,Unemployed,... if she argues with him,6.2,10-25%
1095,Benin,M,Employment,Employed for cash,... if she goes out without telling him,8.7,10-25%
1096,Benin,M,Employment,Employed for kind,... if she goes out without telling him,13,10-25%
1097,Benin,M,Employment,Unemployed,... if she goes out without telling him,5.7,10-25%
1098,Benin,M,Employment,Employed for cash,... if she neglects the children,9.1,10-25%
1099,Benin,M,Employment,Employed for kind,... if she neglects the children,14.3,10-25%
1100,Benin,M,Employment,Unemployed,... if she neglects the children,6.2,10-25%
1101,Benin,M,Employment,Employed for cash,... if she refuses to have sex with him,7.2,10-25%
1102,Benin,M,Employment,Employed for kind,... if she refuses to have sex with him,9.3,10-25%
1103,Benin,M,Employment,Unemployed,... if she refuses to have sex with him,3.8,10-25%
1104,Benin,M,Marital status,Married or living together,... for at least one specific reason,14.5,10-25%
1105,Benin,M,Marital status,Never married,... for at least one specific reason,16.9,10-25%
1106,Benin,M,Marital status,"Widowed, divorced, separated",... for at least one specific reason,15,10-25%
1107,Benin,M,Marital status,Married or living together,... if she argues with him,8.6,10-25%
1108,Benin,M,Marital status,Never married,... if she argues with him,11,10-25%
1109,Benin,M,Marital status,"Widowed, divorced, separated",... if she argues with him,12,10-25%
1110,Benin,M,Marital status,Married or living together,... if she goes out without telling him,7.6,10-25%
1111,Benin,M,Marital status,Never married,... if she goes out without telling him,10.3,10-25%
1112,Benin,M,Marital status,"Widowed, divorced, separated",... if she goes out without telling him,10.1,10-25%
1113,Benin,M,Marital status,Married or living together,... if she neglects the children,8.1,10-25%
1114,Benin,M,Marital status,Never married,... if she neglects the children,11,10-25%
1115,Benin,M,Marital status,"Widowed, divorced, separated",... if she neglects the children,8.8,10-25%
1116,Benin,M,Marital status,Married or living together,... if she refuses to have sex with him,6.3,10-25%
1117,Benin,M,Marital status,Never married,... if she refuses to have sex with him,7.8,10-25%
1118,Benin,M,Marital status,"Widowed, divorced, separated",... if she refuses to have sex with him,7.6,10-25%
1119,Benin,M,Residence,Rural,... for at least one specific reason,19,10-25%
1120,Benin,M,Residence,Urban,... for at least one specific reason,10.8,10-25%
1121,Benin,M,Residence,Rural,... if she argues with him,12.7,10-25%
1122,Benin,M,Residence,Urban,... if she argues with him,5.7,10-25%
1123,Benin,M,Residence,Rural,... if she goes out without telling him,10.4,10-25%
1124,Benin,M,Residence,Urban,... if she goes out without telling him,6.7,10-25%
1125,Benin,M,Residence,Rural,... if she neglects the children,12.1,10-25%
1126,Benin,M,Residence,Urban,... if she neglects the children,5.7,10-25%
1127,Benin,M,Residence,Rural,... if she refuses to have sex with him,8.8,10-25%
1128,Benin,M,Residence,Urban,... if she refuses to have sex with him,4.6,10-25%
1129,Bolivia,F,Education,Higher,... if she burns the food,0.6,>25%
1130,Bolivia,F,Residence,Urban,... if she burns the food,2.2,>25%
1131,Bolivia,F,Age,25-34,... if she burns the food,2.6,>25%
1132,Bolivia,F,Employment,Unemployed,... if she burns the food,2.6,>25%
1133,Bolivia,F,Education,Secondary,... if she burns the food,2.8,>25%
1134,Bolivia,F,Marital status,Never married,... if she burns the food,2.9,>25%
1135,Bolivia,F,Marital status,"Widowed, divorced, separated",... if she burns the food,2.9,>25%
1136,Bolivia,F,Employment,Employed for cash,... if she burns the food,3.2,>25%
1137,Bolivia,F,Age,15-24,... if she burns the food,3.4,>25%
1138,Bolivia,F,Marital status,Married or living together,... if she burns the food,3.5,>25%
1139,Bolivia,F,Age,35-49,... if she burns the food,3.8,>25%
1140,Bolivia,F,Education,Primary,... if she burns the food,4.4,>25%
1141,Bolivia,F,Employment,Employed for kind,... if she burns the food,4.9,>25%
1142,Bolivia,F,Residence,Rural,... if she burns the food,5.4,>25%
1143,Bolivia,F,Education,No education,... if she burns the food,7.3,>25%
1144,Bolivia,F,Age,15-24,... for at least one specific reason,15.6,>25%
1145,Bolivia,F,Age,25-34,... for at least one specific reason,15,>25%
1146,Bolivia,F,Age,35-49,... for at least one specific reason,17.6,>25%
1147,Bolivia,F,Age,15-24,... if she argues with him,5,>25%
1148,Bolivia,F,Age,25-34,... if she argues with him,5,>25%
1149,Bolivia,F,Age,35-49,... if she argues with him,5.7,>25%
1150,Bolivia,F,Age,15-24,... if she goes out without telling him,5.3,>25%
1151,Bolivia,F,Age,25-34,... if she goes out without telling him,5.2,>25%
1152,Bolivia,F,Age,35-49,... if she goes out without telling him,7.3,>25%
1153,Bolivia,F,Age,15-24,... if she neglects the children,11.9,>25%
1154,Bolivia,F,Age,25-34,... if she neglects the children,11.7,>25%
1155,Bolivia,F,Age,35-49,... if she neglects the children,13.2,>25%
1156,Bolivia,F,Age,15-24,... if she refuses to have sex with him,1.8,>25%
1157,Bolivia,F,Age,25-34,... if she refuses to have sex with him,2.1,>25%
1158,Bolivia,F,Age,35-49,... if she refuses to have sex with him,2.9,>25%
1159,Bolivia,F,Education,Higher,... for at least one specific reason,5.7,>25%
1160,Bolivia,F,Education,No education,... for at least one specific reason,23.4,>25%
1161,Bolivia,F,Education,Primary,... for at least one specific reason,20.3,>25%
1162,Bolivia,F,Education,Secondary,... for at least one specific reason,15.3,>25%
1163,Bolivia,F,Education,Higher,... if she argues with him,1.7,>25%
1164,Bolivia,F,Education,No education,... if she argues with him,9.3,>25%
1165,Bolivia,F,Education,Primary,... if she argues with him,6.8,>25%
1166,Bolivia,F,Education,Secondary,... if she argues with him,4.6,>25%
1167,Bolivia,F,Education,Higher,... if she goes out without telling him,1.9,>25%
1168,Bolivia,F,Education,No education,... if she goes out without telling him,12,>25%
1169,Bolivia,F,Education,Primary,... if she goes out without telling him,8.2,>25%
1170,Bolivia,F,Education,Secondary,... if she goes out without telling him,4.6,>25%
1171,Bolivia,F,Education,Higher,... if she neglects the children,4.5,>25%
1172,Bolivia,F,Education,No education,... if she neglects the children,15.9,>25%
1173,Bolivia,F,Education,Primary,... if she neglects the children,15.2,>25%
1174,Bolivia,F,Education,Secondary,... if she neglects the children,12.2,>25%
1175,Bolivia,F,Education,Higher,... if she refuses to have sex with him,0.8,>25%
1176,Bolivia,F,Education,No education,... if she refuses to have sex with him,4.6,>25%
1177,Bolivia,F,Education,Primary,... if she refuses to have sex with him,3.2,>25%
1178,Bolivia,F,Education,Secondary,... if she refuses to have sex with him,1.6,>25%
1179,Bolivia,F,Employment,Employed for cash,... for at least one specific reason,16.1,>25%
1180,Bolivia,F,Employment,Employed for kind,... for at least one specific reason,19.4,>25%
1181,Bolivia,F,Employment,Unemployed,... for at least one specific reason,14.4,>25%
1182,Bolivia,F,Employment,Employed for cash,... if she argues with him,5.1,>25%
1183,Bolivia,F,Employment,Employed for kind,... if she argues with him,7.5,>25%
1184,Bolivia,F,Employment,Unemployed,... if she argues with him,4.4,>25%
1185,Bolivia,F,Employment,Employed for cash,... if she goes out without telling him,5.9,>25%
1186,Bolivia,F,Employment,Employed for kind,... if she goes out without telling him,8.7,>25%
1187,Bolivia,F,Employment,Unemployed,... if she goes out without telling him,4.6,>25%
1188,Bolivia,F,Employment,Employed for cash,... if she neglects the children,12.2,>25%
1189,Bolivia,F,Employment,Employed for kind,... if she neglects the children,14,>25%
1190,Bolivia,F,Employment,Unemployed,... if she neglects the children,11.5,>25%
1191,Bolivia,F,Employment,Employed for cash,... if she refuses to have sex with him,2.3,>25%
1192,Bolivia,F,Employment,Employed for kind,... if she refuses to have sex with him,3.2,>25%
1193,Bolivia,F,Employment,Unemployed,... if she refuses to have sex with him,1.7,>25%
1194,Bolivia,F,Marital status,Married or living together,... for at least one specific reason,16.7,>25%
1195,Bolivia,F,Marital status,Never married,... for at least one specific reason,14.9,>25%
1196,Bolivia,F,Marital status,"Widowed, divorced, separated",... for at least one specific reason,15.9,>25%
1197,Bolivia,F,Marital status,Married or living together,... if she argues with him,5.6,>25%
1198,Bolivia,F,Marital status,Never married,... if she argues with him,4.8,>25%
1199,Bolivia,F,Marital status,"Widowed, divorced, separated",... if she argues with him,4.5,>25%
1200,Bolivia,F,Marital status,Married or living together,... if she goes out without telling him,6.6,>25%
1201,Bolivia,F,Marital status,Never married,... if she goes out without telling him,4.6,>25%
1202,Bolivia,F,Marital status,"Widowed, divorced, separated",... if she goes out without telling him,6.4,>25%
1203,Bolivia,F,Marital status,Married or living together,... if she neglects the children,12.7,>25%
1204,Bolivia,F,Marital status,Never married,... if she neglects the children,11.5,>25%
1205,Bolivia,F,Marital status,"Widowed, divorced, separated",... if she neglects the children,12.3,>25%
1206,Bolivia,F,Marital status,Married or living together,... if she refuses to have sex with him,2.5,>25%
1207,Bolivia,F,Marital status,Never married,... if she refuses to have sex with him,1.7,>25%
1208,Bolivia,F,Marital status,"Widowed, divorced, separated",... if she refuses to have sex with him,2.5,>25%
1209,Bolivia,F,Residence,Rural,... for at least one specific reason,20.1,>25%
1210,Bolivia,F,Residence,Urban,... for at least one specific reason,14,>25%
1211,Bolivia,F,Residence,Rural,... if she argues with him,7.7,>25%
1212,Bolivia,F,Residence,Urban,... if she argues with him,4,>25%
1213,Bolivia,F,Residence,Rural,... if she goes out without telling him,9.1,>25%
1214,Bolivia,F,Residence,Urban,... if she goes out without telling him,4.3,>25%
1215,Bolivia,F,Residence,Rural,... if she neglects the children,14.4,>25%
1216,Bolivia,F,Residence,Urban,... if she neglects the children,11.2,>25%
1217,Bolivia,F,Residence,Rural,... if she refuses to have sex with him,3.5,>25%
1218,Bolivia,F,Residence,Urban,... if she refuses to have sex with him,1.6,>25%
1219,Burkina Faso,F,Education,Higher,... if she burns the food,1.4,<10%
1220,Burkina Faso,F,Education,Secondary,... if she burns the food,3.1,<10%
1221,Burkina Faso,F,Residence,Urban,... if she burns the food,5.9,<10%
1222,Burkina Faso,F,Marital status,Never married,... if she burns the food,7.4,<10%
1223,Burkina Faso,F,Education,Primary,... if she burns the food,8.1,<10%
1224,Burkina Faso,F,Marital status,"Widowed, divorced, separated",... if she burns the food,8.3,<10%
1225,Burkina Faso,F,Employment,Employed for kind,... if she burns the food,8.5,<10%
1226,Burkina Faso,F,Age,15-24,... if she burns the food,9.2,<10%
1227,Burkina Faso,F,Age,25-34,... if she burns the food,9.4,<10%
1228,Burkina Faso,F,Employment,Employed for cash,... if she burns the food,10,<10%
1229,Burkina Faso,F,Marital status,Married or living together,... if she burns the food,10.4,<10%
1230,Burkina Faso,F,Age,35-49,... if she burns the food,11,<10%
1231,Burkina Faso,F,Education,No education,... if she burns the food,11.2,<10%
1232,Burkina Faso,F,Residence,Rural,... if she burns the food,11.2,<10%
1233,Burkina Faso,F,Employment,Unemployed,... if she burns the food,12.1,<10%
1234,Burkina Faso,M,Employment,Unemployed,... if she burns the food,5.5,<10%
1235,Burkina Faso,M,Education,Higher,... if she burns the food,5.7,<10%
1236,Burkina Faso,M,Age,35-49,... if she burns the food,6.1,<10%
1237,Burkina Faso,M,Employment,Employed for cash,... if she burns the food,6.1,<10%
1238,Burkina Faso,M,Residence,Urban,... if she burns the food,6.2,<10%
1239,Burkina Faso,M,Education,Secondary,... if she burns the food,6.3,<10%
1240,Burkina Faso,M,Marital status,Married or living together,... if she burns the food,6.4,<10%
1241,Burkina Faso,M,Age,25-34,... if she burns the food,6.5,<10%
1242,Burkina Faso,M,Education,No education,... if she burns the food,7.6,<10%
1243,Burkina Faso,M,Residence,Rural,... if she burns the food,8,<10%
1244,Burkina Faso,M,Education,Primary,... if she burns the food,8.3,<10%
1245,Burkina Faso,M,Marital status,Never married,... if she burns the food,9,<10%
1246,Burkina Faso,M,Employment,Employed for kind,... if she burns the food,9.2,<10%
1247,Burkina Faso,M,Marital status,"Widowed, divorced, separated",... if she burns the food,9.3,<10%
1248,Burkina Faso,M,Age,15-24,... if she burns the food,9.4,<10%
1249,Burkina Faso,F,Age,15-24,... for at least one specific reason,40.8,<10%
1250,Burkina Faso,F,Age,25-34,... for at least one specific reason,43,<10%
1251,Burkina Faso,F,Age,35-49,... for at least one specific reason,47.6,<10%
1252,Burkina Faso,F,Age,15-24,... if she argues with him,28.3,<10%
1253,Burkina Faso,F,Age,25-34,... if she argues with him,30.2,<10%
1254,Burkina Faso,F,Age,35-49,... if she argues with him,35,<10%
1255,Burkina Faso,F,Age,15-24,... if she goes out without telling him,27.4,<10%
1256,Burkina Faso,F,Age,25-34,... if she goes out without telling him,29.9,<10%
1257,Burkina Faso,F,Age,35-49,... if she goes out without telling him,34.6,<10%
1258,Burkina Faso,F,Age,15-24,... if she neglects the children,27.9,<10%
1259,Burkina Faso,F,Age,25-34,... if she neglects the children,29.6,<10%
1260,Burkina Faso,F,Age,35-49,... if she neglects the children,34.6,<10%
1261,Burkina Faso,F,Age,15-24,... if she refuses to have sex with him,17.7,<10%
1262,Burkina Faso,F,Age,25-34,... if she refuses to have sex with him,19.6,<10%
1263,Burkina Faso,F,Age,35-49,... if she refuses to have sex with him,22.3,<10%
1264,Burkina Faso,F,Education,Higher,... for at least one specific reason,6.3,<10%
1265,Burkina Faso,F,Education,No education,... for at least one specific reason,47.5,<10%
1266,Burkina Faso,F,Education,Primary,... for at least one specific reason,38.1,<10%
1267,Burkina Faso,F,Education,Secondary,... for at least one specific reason,26.6,<10%
1268,Burkina Faso,F,Education,Higher,... if she argues with him,2,<10%
1269,Burkina Faso,F,Education,No education,... if she argues with him,34.7,<10%
1270,Burkina Faso,F,Education,Primary,... if she argues with him,26,<10%
1271,Burkina Faso,F,Education,Secondary,... if she argues with him,14.1,<10%
1272,Burkina Faso,F,Education,Higher,... if she goes out without telling him,0.3,<10%
1273,Burkina Faso,F,Education,No education,... if she goes out without telling him,34.4,<10%
1274,Burkina Faso,F,Education,Primary,... if she goes out without telling him,24.6,<10%
1275,Burkina Faso,F,Education,Secondary,... if she goes out without telling him,13.1,<10%
1276,Burkina Faso,F,Education,Higher,... if she neglects the children,3.8,<10%
1277,Burkina Faso,F,Education,No education,... if she neglects the children,33.4,<10%
1278,Burkina Faso,F,Education,Primary,... if she neglects the children,26.5,<10%
1279,Burkina Faso,F,Education,Secondary,... if she neglects the children,18.1,<10%
1280,Burkina Faso,F,Education,Higher,... if she refuses to have sex with him,0,<10%
1281,Burkina Faso,F,Education,No education,... if she refuses to have sex with him,22.7,<10%
1282,Burkina Faso,F,Education,Primary,... if she refuses to have sex with him,15.2,<10%
1283,Burkina Faso,F,Education,Secondary,... if she refuses to have sex with him,6.8,<10%
1284,Burkina Faso,F,Employment,Employed for cash,... for at least one specific reason,40.6,<10%
1285,Burkina Faso,F,Employment,Employed for kind,... for at least one specific reason,45.8,<10%
1286,Burkina Faso,F,Employment,Unemployed,... for at least one specific reason,43.8,<10%
1287,Burkina Faso,F,Employment,Employed for cash,... if she argues with him,29.5,<10%
1288,Burkina Faso,F,Employment,Employed for kind,... if she argues with him,30.6,<10%
1289,Burkina Faso,F,Employment,Unemployed,... if she argues with him,33.8,<10%
1290,Burkina Faso,F,Employment,Employed for cash,... if she goes out without telling him,27.9,<10%
1291,Burkina Faso,F,Employment,Employed for kind,... if she goes out without telling him,31.6,<10%
1292,Burkina Faso,F,Employment,Unemployed,... if she goes out without telling him,31.9,<10%
1293,Burkina Faso,F,Employment,Employed for cash,... if she neglects the children,28.8,<10%
1294,Burkina Faso,F,Employment,Employed for kind,... if she neglects the children,31.1,<10%
1295,Burkina Faso,F,Employment,Unemployed,... if she neglects the children,31.8,<10%
1296,Burkina Faso,F,Employment,Employed for cash,... if she refuses to have sex with him,16.1,<10%
1297,Burkina Faso,F,Employment,Employed for kind,... if she refuses to have sex with him,18.9,<10%
1298,Burkina Faso,F,Employment,Unemployed,... if she refuses to have sex with him,27.7,<10%
1299,Burkina Faso,F,Marital status,Married or living together,... for at least one specific reason,46,<10%
1300,Burkina Faso,F,Marital status,Never married,... for at least one specific reason,33.3,<10%
1301,Burkina Faso,F,Marital status,"Widowed, divorced, separated",... for at least one specific reason,35.2,<10%
1302,Burkina Faso,F,Marital status,Married or living together,... if she argues with him,33.1,<10%
1303,Burkina Faso,F,Marital status,Never married,... if she argues with him,21.9,<10%
1304,Burkina Faso,F,Marital status,"Widowed, divorced, separated",... if she argues with him,22.9,<10%
1305,Burkina Faso,F,Marital status,Married or living together,... if she goes out without telling him,32.6,<10%
1306,Burkina Faso,F,Marital status,Never married,... if she goes out without telling him,20.4,<10%
1307,Burkina Faso,F,Marital status,"Widowed, divorced, separated",... if she goes out without telling him,26.3,<10%
1308,Burkina Faso,F,Marital status,Married or living together,... if she neglects the children,32.3,<10%
1309,Burkina Faso,F,Marital status,Never married,... if she neglects the children,22.5,<10%
1310,Burkina Faso,F,Marital status,"Widowed, divorced, separated",... if she neglects the children,27.1,<10%
1311,Burkina Faso,F,Marital status,Married or living together,... if she refuses to have sex with him,21.5,<10%
1312,Burkina Faso,F,Marital status,Never married,... if she refuses to have sex with him,12.4,<10%
1313,Burkina Faso,F,Marital status,"Widowed, divorced, separated",... if she refuses to have sex with him,13.6,<10%
1314,Burkina Faso,F,Residence,Rural,... for at least one specific reason,47,<10%
1315,Burkina Faso,F,Residence,Urban,... for at least one specific reason,33.9,<10%
1316,Burkina Faso,F,Residence,Rural,... if she argues with him,34.5,<10%
1317,Burkina Faso,F,Residence,Urban,... if she argues with him,20.9,<10%
1318,Burkina Faso,F,Residence,Rural,... if she goes out without telling him,34.3,<10%
1319,Burkina Faso,F,Residence,Urban,... if she goes out without telling him,19.6,<10%
1320,Burkina Faso,F,Residence,Rural,... if she neglects the children,33.3,<10%
1321,Burkina Faso,F,Residence,Urban,... if she neglects the children,22.6,<10%
1322,Burkina Faso,F,Residence,Rural,... if she refuses to have sex with him,22.5,<10%
1323,Burkina Faso,F,Residence,Urban,... if she refuses to have sex with him,12,<10%
1324,Burkina Faso,M,Age,15-24,... for at least one specific reason,37.1,<10%
1325,Burkina Faso,M,Age,25-34,... for at least one specific reason,31.7,<10%
1326,Burkina Faso,M,Age,35-49,... for at least one specific reason,32.7,<10%
1327,Burkina Faso,M,Age,15-24,... if she argues with him,20.9,<10%
1328,Burkina Faso,M,Age,25-34,... if she argues with him,19.4,<10%
1329,Burkina Faso,M,Age,35-49,... if she argues with him,19.5,<10%
1330,Burkina Faso,M,Age,15-24,... if she goes out without telling him,19.7,<10%
1331,Burkina Faso,M,Age,25-34,... if she goes out without telling him,16.3,<10%
1332,Burkina Faso,M,Age,35-49,... if she goes out without telling him,16.6,<10%
1333,Burkina Faso,M,Age,15-24,... if she neglects the children,21.6,<10%
1334,Burkina Faso,M,Age,25-34,... if she neglects the children,18.8,<10%
1335,Burkina Faso,M,Age,35-49,... if she neglects the children,19.5,<10%
1336,Burkina Faso,M,Age,15-24,... if she refuses to have sex with him,12.7,<10%
1337,Burkina Faso,M,Age,25-34,... if she refuses to have sex with him,9.2,<10%
1338,Burkina Faso,M,Age,35-49,... if she refuses to have sex with him,10.4,<10%
1339,Burkina Faso,M,Education,Higher,... for at least one specific reason,15,<10%
1340,Burkina Faso,M,Education,No education,... for at least one specific reason,37.7,<10%
1341,Burkina Faso,M,Education,Primary,... for at least one specific reason,33.5,<10%
1342,Burkina Faso,M,Education,Secondary,... for at least one specific reason,25.6,<10%
1343,Burkina Faso,M,Education,Higher,... if she argues with him,3.7,<10%
1344,Burkina Faso,M,Education,No education,... if she argues with him,22.5,<10%
1345,Burkina Faso,M,Education,Primary,... if she argues with him,21.7,<10%
1346,Burkina Faso,M,Education,Secondary,... if she argues with him,12.4,<10%
1347,Burkina Faso,M,Education,Higher,... if she goes out without telling him,2.8,<10%
1348,Burkina Faso,M,Education,No education,... if she goes out without telling him,20.6,<10%
1349,Burkina Faso,M,Education,Primary,... if she goes out without telling him,16.9,<10%
1350,Burkina Faso,M,Education,Secondary,... if she goes out without telling him,11.1,<10%
1351,Burkina Faso,M,Education,Higher,... if she neglects the children,9.8,<10%
1352,Burkina Faso,M,Education,No education,... if she neglects the children,22.2,<10%
1353,Burkina Faso,M,Education,Primary,... if she neglects the children,18.9,<10%
1354,Burkina Faso,M,Education,Secondary,... if she neglects the children,15.8,<10%
1355,Burkina Faso,M,Education,Higher,... if she refuses to have sex with him,0.7,<10%
1356,Burkina Faso,M,Education,No education,... if she refuses to have sex with him,13.6,<10%
1357,Burkina Faso,M,Education,Primary,... if she refuses to have sex with him,8.1,<10%
1358,Burkina Faso,M,Education,Secondary,... if she refuses to have sex with him,6.7,<10%
1359,Burkina Faso,M,Employment,Employed for cash,... for at least one specific reason,27,<10%
1360,Burkina Faso,M,Employment,Employed for kind,... for at least one specific reason,44,<10%
1361,Burkina Faso,M,Employment,Unemployed,... for at least one specific reason,22.8,<10%
1362,Burkina Faso,M,Employment,Employed for cash,... if she argues with him,15.3,<10%
1363,Burkina Faso,M,Employment,Employed for kind,... if she argues with him,27,<10%
1364,Burkina Faso,M,Employment,Unemployed,... if she argues with him,8.6,<10%
1365,Burkina Faso,M,Employment,Employed for cash,... if she goes out without telling him,13.3,<10%
1366,Burkina Faso,M,Employment,Employed for kind,... if she goes out without telling him,24.1,<10%
1367,Burkina Faso,M,Employment,Unemployed,... if she goes out without telling him,7.5,<10%
1368,Burkina Faso,M,Employment,Employed for cash,... if she neglects the children,16.7,<10%
1369,Burkina Faso,M,Employment,Employed for kind,... if she neglects the children,24.8,<10%
1370,Burkina Faso,M,Employment,Unemployed,... if she neglects the children,14.6,<10%
1371,Burkina Faso,M,Employment,Employed for cash,... if she refuses to have sex with him,9.1,<10%
1372,Burkina Faso,M,Employment,Employed for kind,... if she refuses to have sex with him,13.5,<10%
1373,Burkina Faso,M,Employment,Unemployed,... if she refuses to have sex with him,6.7,<10%
1374,Burkina Faso,M,Marital status,Married or living together,... for at least one specific reason,32.7,<10%
1375,Burkina Faso,M,Marital status,Never married,... for at least one specific reason,35.9,<10%
1376,Burkina Faso,M,Marital status,"Widowed, divorced, separated",... for at least one specific reason,39.5,<10%
1377,Burkina Faso,M,Marital status,Married or living together,... if she argues with him,19.7,<10%
1378,Burkina Faso,M,Marital status,Never married,... if she argues with him,20.1,<10%
1379,Burkina Faso,M,Marital status,"Widowed, divorced, separated",... if she argues with him,29.1,<10%
1380,Burkina Faso,M,Marital status,Married or living together,... if she goes out without telling him,17,<10%
1381,Burkina Faso,M,Marital status,Never married,... if she goes out without telling him,18.5,<10%
1382,Burkina Faso,M,Marital status,"Widowed, divorced, separated",... if she goes out without telling him,23.7,<10%
1383,Burkina Faso,M,Marital status,Married or living together,... if she neglects the children,19.3,<10%
1384,Burkina Faso,M,Marital status,Never married,... if she neglects the children,21,<10%
1385,Burkina Faso,M,Marital status,"Widowed, divorced, separated",... if she neglects the children,25.4,<10%
1386,Burkina Faso,M,Marital status,Married or living together,... if she refuses to have sex with him,10.1,<10%
1387,Burkina Faso,M,Marital status,Never married,... if she refuses to have sex with him,12.1,<10%
1388,Burkina Faso,M,Marital status,"Widowed, divorced, separated",... if she refuses to have sex with him,11.6,<10%
1389,Burkina Faso,M,Residence,Rural,... for at least one specific reason,38.9,<10%
1390,Burkina Faso,M,Residence,Urban,... for at least one specific reason,22.8,<10%
1391,Burkina Faso,M,Residence,Rural,... if she argues with him,23.3,<10%
1392,Burkina Faso,M,Residence,Urban,... if she argues with him,12.3,<10%
1393,Burkina Faso,M,Residence,Rural,... if she goes out without telling him,20.9,<10%
1394,Burkina Faso,M,Residence,Urban,... if she goes out without telling him,10.1,<10%
1395,Burkina Faso,M,Residence,Rural,... if she neglects the children,22.6,<10%
1396,Burkina Faso,M,Residence,Urban,... if she neglects the children,14.1,<10%
1397,Burkina Faso,M,Residence,Rural,... if she refuses to have sex with him,13.2,<10%
1398,Burkina Faso,M,Residence,Urban,... if she refuses to have sex with him,5.4,<10%
1399,Burundi,F,Education,Higher,... if she burns the food,1.1,<10%
1400,Burundi,F,Residence,Urban,... if she burns the food,11.1,<10%
1401,Burundi,F,Employment,Unemployed,... if she burns the food,14.5,<10%
1402,Burundi,F,Education,Secondary,... if she burns the food,14.8,<10%
1403,Burundi,F,Age,35-49,... if she burns the food,20.4,<10%
1404,Burundi,F,Age,25-34,... if she burns the food,20.5,<10%
1405,Burundi,F,Marital status,Married or living together,... if she burns the food,20.6,<10%
1406,Burundi,F,Marital status,Never married,... if she burns the food,22.2,<10%
1407,Burundi,F,Employment,Employed for cash,... if she burns the food,22.6,<10%
1408,Burundi,F,Residence,Rural,... if she burns the food,23.6,<10%
1409,Burundi,F,Education,Primary,... if she burns the food,23.9,<10%
1410,Burundi,F,Employment,Employed for kind,... if she burns the food,23.9,<10%
1411,Burundi,F,Age,15-24,... if she burns the food,24.3,<10%
1412,Burundi,F,Education,No education,... if she burns the food,25.3,<10%
1413,Burundi,F,Marital status,"Widowed, divorced, separated",... if she burns the food,30.4,<10%
1414,Burundi,M,Education,Higher,... if she burns the food,0,<10%
1415,Burundi,M,Residence,Urban,... if she burns the food,2.4,<10%
1416,Burundi,M,Age,25-34,... if she burns the food,3.3,<10%
1417,Burundi,M,Age,35-49,... if she burns the food,3.5,<10%
1418,Burundi,M,Education,Secondary,... if she burns the food,3.5,<10%
1419,Burundi,M,Marital status,Married or living together,... if she burns the food,3.6,<10%
1420,Burundi,M,Employment,Employed for cash,... if she burns the food,3.8,<10%
1421,Burundi,M,Residence,Rural,... if she burns the food,5.4,<10%
1422,Burundi,M,Employment,Unemployed,... if she burns the food,5.5,<10%
1423,Burundi,M,Education,No education,... if she burns the food,5.6,<10%
1424,Burundi,M,Marital status,"Widowed, divorced, separated",... if she burns the food,5.6,<10%
1425,Burundi,M,Education,Primary,... if she burns the food,5.9,<10%
1426,Burundi,M,Employment,Employed for kind,... if she burns the food,6.5,<10%
1427,Burundi,M,Marital status,Never married,... if she burns the food,6.7,<10%
1428,Burundi,M,Age,15-24,... if she burns the food,7.2,<10%
1429,Burundi,F,Age,15-24,... for at least one specific reason,62.7,<10%
1430,Burundi,F,Age,25-34,... for at least one specific reason,61.1,<10%
1431,Burundi,F,Age,35-49,... for at least one specific reason,61.2,<10%
1432,Burundi,F,Age,15-24,... if she argues with him,30.5,<10%
1433,Burundi,F,Age,25-34,... if she argues with him,29.3,<10%
1434,Burundi,F,Age,35-49,... if she argues with him,30.4,<10%
1435,Burundi,F,Age,15-24,... if she goes out without telling him,39.8,<10%
1436,Burundi,F,Age,25-34,... if she goes out without telling him,38.3,<10%
1437,Burundi,F,Age,35-49,... if she goes out without telling him,39.4,<10%
1438,Burundi,F,Age,15-24,... if she neglects the children,52.7,<10%
1439,Burundi,F,Age,25-34,... if she neglects the children,51.2,<10%
1440,Burundi,F,Age,35-49,... if she neglects the children,51,<10%
1441,Burundi,F,Age,15-24,... if she refuses to have sex with him,40.9,<10%
1442,Burundi,F,Age,25-34,... if she refuses to have sex with him,41.3,<10%
1443,Burundi,F,Age,35-49,... if she refuses to have sex with him,43.7,<10%
1444,Burundi,F,Education,Higher,... for at least one specific reason,22.2,<10%
1445,Burundi,F,Education,No education,... for at least one specific reason,65.9,<10%
1446,Burundi,F,Education,Primary,... for at least one specific reason,63.9,<10%
1447,Burundi,F,Education,Secondary,... for at least one specific reason,53.9,<10%
1448,Burundi,F,Education,Higher,... if she argues with him,1.3,<10%
1449,Burundi,F,Education,No education,... if she argues with him,34.8,<10%
1450,Burundi,F,Education,Primary,... if she argues with him,32.3,<10%
1451,Burundi,F,Education,Secondary,... if she argues with him,20.8,<10%
1452,Burundi,F,Education,Higher,... if she goes out without telling him,8.7,<10%
1453,Burundi,F,Education,No education,... if she goes out without telling him,43.6,<10%
1454,Burundi,F,Education,Primary,... if she goes out without telling him,40.9,<10%
1455,Burundi,F,Education,Secondary,... if she goes out without telling him,31.3,<10%
1456,Burundi,F,Education,Higher,... if she neglects the children,20,<10%
1457,Burundi,F,Education,No education,... if she neglects the children,55.1,<10%
1458,Burundi,F,Education,Primary,... if she neglects the children,53.7,<10%
1459,Burundi,F,Education,Secondary,... if she neglects the children,45,<10%
1460,Burundi,F,Education,Higher,... if she refuses to have sex with him,8.2,<10%
1461,Burundi,F,Education,No education,... if she refuses to have sex with him,47.9,<10%
1462,Burundi,F,Education,Primary,... if she refuses to have sex with him,44.3,<10%
1463,Burundi,F,Education,Secondary,... if she refuses to have sex with him,29.9,<10%
1464,Burundi,F,Employment,Employed for cash,... for at least one specific reason,64.1,<10%
1465,Burundi,F,Employment,Employed for kind,... for at least one specific reason,63,<10%
1466,Burundi,F,Employment,Unemployed,... for at least one specific reason,52,<10%
1467,Burundi,F,Employment,Employed for cash,... if she argues with him,29.5,<10%
1468,Burundi,F,Employment,Employed for kind,... if she argues with him,33.3,<10%
1469,Burundi,F,Employment,Unemployed,... if she argues with him,21.5,<10%
1470,Burundi,F,Employment,Employed for cash,... if she goes out without telling him,40.9,<10%
1471,Burundi,F,Employment,Employed for kind,... if she goes out without telling him,40.7,<10%
1472,Burundi,F,Employment,Unemployed,... if she goes out without telling him,30.1,<10%
1473,Burundi,F,Employment,Employed for cash,... if she neglects the children,53.8,<10%
1474,Burundi,F,Employment,Employed for kind,... if she neglects the children,52.5,<10%
1475,Burundi,F,Employment,Unemployed,... if she neglects the children,44,<10%
1476,Burundi,F,Employment,Employed for cash,... if she refuses to have sex with him,44.1,<10%
1477,Burundi,F,Employment,Employed for kind,... if she refuses to have sex with him,43.9,<10%
1478,Burundi,F,Employment,Unemployed,... if she refuses to have sex with him,29.3,<10%
1479,Burundi,F,Marital status,Married or living together,... for at least one specific reason,61.2,<10%
1480,Burundi,F,Marital status,Never married,... for at least one specific reason,60.9,<10%
1481,Burundi,F,Marital status,"Widowed, divorced, separated",... for at least one specific reason,69.1,<10%
1482,Burundi,F,Marital status,Married or living together,... if she argues with him,29.6,<10%
1483,Burundi,F,Marital status,Never married,... if she argues with him,29.2,<10%
1484,Burundi,F,Marital status,"Widowed, divorced, separated",... if she argues with him,36.7,<10%
1485,Burundi,F,Marital status,Married or living together,... if she goes out without telling him,38.4,<10%
1486,Burundi,F,Marital status,Never married,... if she goes out without telling him,38.4,<10%
1487,Burundi,F,Marital status,"Widowed, divorced, separated",... if she goes out without telling him,47.5,<10%
1488,Burundi,F,Marital status,Married or living together,... if she neglects the children,50.5,<10%
1489,Burundi,F,Marital status,Never married,... if she neglects the children,51.7,<10%
1490,Burundi,F,Marital status,"Widowed, divorced, separated",... if she neglects the children,59.9,<10%
1491,Burundi,F,Marital status,Married or living together,... if she refuses to have sex with him,42.3,<10%
1492,Burundi,F,Marital status,Never married,... if she refuses to have sex with him,38.4,<10%
1493,Burundi,F,Marital status,"Widowed, divorced, separated",... if she refuses to have sex with him,52.2,<10%
1494,Burundi,F,Residence,Rural,... for at least one specific reason,64,<10%
1495,Burundi,F,Residence,Urban,... for at least one specific reason,46.5,<10%
1496,Burundi,F,Residence,Rural,... if she argues with him,32.1,<10%
1497,Burundi,F,Residence,Urban,... if she argues with him,17,<10%
1498,Burundi,F,Residence,Rural,... if she goes out without telling him,41.2,<10%
1499,Burundi,F,Residence,Urban,... if she goes out without telling him,25.8,<10%
1500,Burundi,F,Residence,Rural,... if she neglects the children,53.6,<10%
1501,Burundi,F,Residence,Urban,... if she neglects the children,39.2,<10%
1502,Burundi,F,Residence,Rural,... if she refuses to have sex with him,44.1,<10%
1503,Burundi,F,Residence,Urban,... if she refuses to have sex with him,25.9,<10%
1504,Burundi,M,Age,15-24,... for at least one specific reason,43.7,<10%
1505,Burundi,M,Age,25-34,... for at least one specific reason,31,<10%
1506,Burundi,M,Age,35-49,... for at least one specific reason,26.3,<10%
1507,Burundi,M,Age,15-24,... if she argues with him,12.8,<10%
1508,Burundi,M,Age,25-34,... if she argues with him,8.7,<10%
1509,Burundi,M,Age,35-49,... if she argues with him,8.1,<10%
1510,Burundi,M,Age,15-24,... if she goes out without telling him,20.7,<10%
1511,Burundi,M,Age,25-34,... if she goes out without telling him,14.5,<10%
1512,Burundi,M,Age,35-49,... if she goes out without telling him,14.9,<10%
1513,Burundi,M,Age,15-24,... if she neglects the children,32.8,<10%
1514,Burundi,M,Age,25-34,... if she neglects the children,23.8,<10%
1515,Burundi,M,Age,35-49,... if she neglects the children,18.8,<10%
1516,Burundi,M,Age,15-24,... if she refuses to have sex with him,18.7,<10%
1517,Burundi,M,Age,25-34,... if she refuses to have sex with him,9.9,<10%
1518,Burundi,M,Age,35-49,... if she refuses to have sex with him,9.6,<10%
1519,Burundi,M,Education,Higher,... for at least one specific reason,5.3,<10%
1520,Burundi,M,Education,No education,... for at least one specific reason,35.8,<10%
1521,Burundi,M,Education,Primary,... for at least one specific reason,38.6,<10%
1522,Burundi,M,Education,Secondary,... for at least one specific reason,31.2,<10%
1523,Burundi,M,Education,Higher,... if she argues with him,0.2,<10%
1524,Burundi,M,Education,No education,... if she argues with him,10.7,<10%
1525,Burundi,M,Education,Primary,... if she argues with him,12.7,<10%
1526,Burundi,M,Education,Secondary,... if she argues with him,6.7,<10%
1527,Burundi,M,Education,Higher,... if she goes out without telling him,1.1,<10%
1528,Burundi,M,Education,No education,... if she goes out without telling him,19.3,<10%
1529,Burundi,M,Education,Primary,... if she goes out without telling him,18.9,<10%
1530,Burundi,M,Education,Secondary,... if she goes out without telling him,14.1,<10%
1531,Burundi,M,Education,Higher,... if she neglects the children,4,<10%
1532,Burundi,M,Education,No education,... if she neglects the children,26.3,<10%
1533,Burundi,M,Education,Primary,... if she neglects the children,28.9,<10%
1534,Burundi,M,Education,Secondary,... if she neglects the children,23.6,<10%
1535,Burundi,M,Education,Higher,... if she refuses to have sex with him,1.5,<10%
1536,Burundi,M,Education,No education,... if she refuses to have sex with him,13.2,<10%
1537,Burundi,M,Education,Primary,... if she refuses to have sex with him,14.8,<10%
1538,Burundi,M,Education,Secondary,... if she refuses to have sex with him,12.6,<10%
1539,Burundi,M,Employment,Employed for cash,... for at least one specific reason,33.1,<10%
1540,Burundi,M,Employment,Employed for kind,... for at least one specific reason,36.4,<10%
1541,Burundi,M,Employment,Unemployed,... for at least one specific reason,41.9,<10%
1542,Burundi,M,Employment,Employed for cash,... if she argues with him,9.8,<10%
1543,Burundi,M,Employment,Employed for kind,... if she argues with him,10.7,<10%
1544,Burundi,M,Employment,Unemployed,... if she argues with him,10.8,<10%
1545,Burundi,M,Employment,Employed for cash,... if she goes out without telling him,16.8,<10%
1546,Burundi,M,Employment,Employed for kind,... if she goes out without telling him,17.1,<10%
1547,Burundi,M,Employment,Unemployed,... if she goes out without telling him,21.2,<10%
1548,Burundi,M,Employment,Employed for cash,... if she neglects the children,24.5,<10%
1549,Burundi,M,Employment,Employed for kind,... if she neglects the children,27.3,<10%
1550,Burundi,M,Employment,Unemployed,... if she neglects the children,32.7,<10%
1551,Burundi,M,Employment,Employed for cash,... if she refuses to have sex with him,12.6,<10%
1552,Burundi,M,Employment,Employed for kind,... if she refuses to have sex with him,13.5,<10%
1553,Burundi,M,Employment,Unemployed,... if she refuses to have sex with him,20.6,<10%
1554,Burundi,M,Marital status,Married or living together,... for at least one specific reason,29.2,<10%
1555,Burundi,M,Marital status,Never married,... for at least one specific reason,41.5,<10%
1556,Burundi,M,Marital status,"Widowed, divorced, separated",... for at least one specific reason,45.9,<10%
1557,Burundi,M,Marital status,Married or living together,... if she argues with him,8.6,<10%
1558,Burundi,M,Marital status,Never married,... if she argues with him,12,<10%
1559,Burundi,M,Marital status,"Widowed, divorced, separated",... if she argues with him,18,<10%
1560,Burundi,M,Marital status,Married or living together,... if she goes out without telling him,14.7,<10%
1561,Burundi,M,Marital status,Never married,... if she goes out without telling him,19.6,<10%
1562,Burundi,M,Marital status,"Widowed, divorced, separated",... if she goes out without telling him,32.9,<10%
1563,Burundi,M,Marital status,Married or living together,... if she neglects the children,21.7,<10%
1564,Burundi,M,Marital status,Never married,... if she neglects the children,31.1,<10%
1565,Burundi,M,Marital status,"Widowed, divorced, separated",... if she neglects the children,34,<10%
1566,Burundi,M,Marital status,Married or living together,... if she refuses to have sex with him,9.8,<10%
1567,Burundi,M,Marital status,Never married,... if she refuses to have sex with him,17.6,<10%
1568,Burundi,M,Marital status,"Widowed, divorced, separated",... if she refuses to have sex with him,22.8,<10%
1569,Burundi,M,Residence,Rural,... for at least one specific reason,36.5,<10%
1570,Burundi,M,Residence,Urban,... for at least one specific reason,26.1,<10%
1571,Burundi,M,Residence,Rural,... if she argues with him,10.9,<10%
1572,Burundi,M,Residence,Urban,... if she argues with him,6.1,<10%
1573,Burundi,M,Residence,Rural,... if she goes out without telling him,18.1,<10%
1574,Burundi,M,Residence,Urban,... if she goes out without telling him,12.1,<10%
1575,Burundi,M,Residence,Rural,... if she neglects the children,27.2,<10%
1576,Burundi,M,Residence,Urban,... if she neglects the children,19.9,<10%
1577,Burundi,M,Residence,Rural,... if she refuses to have sex with him,14.4,<10%
1578,Burundi,M,Residence,Urban,... if she refuses to have sex with him,8.1,<10%
1579,Cambodia,F,Education,Higher,... if she burns the food,1.1,10-25%
1580,Cambodia,F,Residence,Urban,... if she burns the food,6.5,10-25%
1581,Cambodia,F,Education,Secondary,... if she burns the food,7.5,10-25%
1582,Cambodia,F,Marital status,Never married,... if she burns the food,9.3,10-25%
1583,Cambodia,F,Age,15-24,... if she burns the food,9.4,10-25%
1584,Cambodia,F,Age,25-34,... if she burns the food,10.1,10-25%
1585,Cambodia,F,Employment,Unemployed,... if she burns the food,11.4,10-25%
1586,Cambodia,F,Employment,Employed for cash,... if she burns the food,11.8,10-25%
1587,Cambodia,F,Employment,Employed for kind,... if she burns the food,11.9,10-25%
1588,Cambodia,F,Marital status,Married or living together,... if she burns the food,12.4,10-25%
1589,Cambodia,F,Residence,Rural,... if she burns the food,12.9,10-25%
1590,Cambodia,F,Marital status,"Widowed, divorced, separated",... if she burns the food,13.9,10-25%
1591,Cambodia,F,Education,Primary,... if she burns the food,14.4,10-25%
1592,Cambodia,F,Age,35-49,... if she burns the food,15.8,10-25%
1593,Cambodia,F,Education,No education,... if she burns the food,17.6,10-25%
1594,Cambodia,M,Education,Higher,... if she burns the food,0,10-25%
1595,Cambodia,M,Education,No education,... if she burns the food,0.7,10-25%
1596,Cambodia,M,Age,25-34,... if she burns the food,1,10-25%
1597,Cambodia,M,Residence,Urban,... if she burns the food,1,10-25%
1598,Cambodia,M,Marital status,Married or living together,... if she burns the food,1.7,10-25%
1599,Cambodia,M,Employment,Employed for cash,... if she burns the food,1.8,10-25%
1600,Cambodia,M,Employment,Employed for kind,... if she burns the food,1.9,10-25%
1601,Cambodia,M,Education,Secondary,... if she burns the food,2,10-25%
1602,Cambodia,M,Marital status,Never married,... if she burns the food,2,10-25%
1603,Cambodia,M,Residence,Rural,... if she burns the food,2,10-25%
1604,Cambodia,M,Age,15-24,... if she burns the food,2.1,10-25%
1605,Cambodia,M,Employment,Unemployed,... if she burns the food,2.1,10-25%
1606,Cambodia,M,Education,Primary,... if she burns the food,2.2,10-25%
1607,Cambodia,M,Age,35-49,... if she burns the food,2.4,10-25%
1608,Cambodia,M,Marital status,"Widowed, divorced, separated",... if she burns the food,4,10-25%
1609,Cambodia,F,Age,15-24,... for at least one specific reason,44.9,10-25%
1610,Cambodia,F,Age,25-34,... for at least one specific reason,48.7,10-25%
1611,Cambodia,F,Age,35-49,... for at least one specific reason,56.1,10-25%
1612,Cambodia,F,Age,15-24,... if she argues with him,20.2,10-25%
1613,Cambodia,F,Age,25-34,... if she argues with him,21.7,10-25%
1614,Cambodia,F,Age,35-49,... if she argues with him,29.9,10-25%
1615,Cambodia,F,Age,15-24,... if she goes out without telling him,25.3,10-25%
1616,Cambodia,F,Age,25-34,... if she goes out without telling him,30.3,10-25%
1617,Cambodia,F,Age,35-49,... if she goes out without telling him,38.5,10-25%
1618,Cambodia,F,Age,15-24,... if she neglects the children,39,10-25%
1619,Cambodia,F,Age,25-34,... if she neglects the children,43.5,10-25%
1620,Cambodia,F,Age,35-49,... if she neglects the children,48.7,10-25%
1621,Cambodia,F,Age,15-24,... if she refuses to have sex with him,8.9,10-25%
1622,Cambodia,F,Age,25-34,... if she refuses to have sex with him,11,10-25%
1623,Cambodia,F,Age,35-49,... if she refuses to have sex with him,18.6,10-25%
1624,Cambodia,F,Education,Higher,... for at least one specific reason,18.5,10-25%
1625,Cambodia,F,Education,No education,... for at least one specific reason,57.6,10-25%
1626,Cambodia,F,Education,Primary,... for at least one specific reason,56,10-25%
1627,Cambodia,F,Education,Secondary,... for at least one specific reason,42.8,10-25%
1628,Cambodia,F,Education,Higher,... if she argues with him,6.2,10-25%
1629,Cambodia,F,Education,No education,... if she argues with him,31.5,10-25%
1630,Cambodia,F,Education,Primary,... if she argues with him,27.7,10-25%
1631,Cambodia,F,Education,Secondary,... if she argues with him,18.4,10-25%
1632,Cambodia,F,Education,Higher,... if she goes out without telling him,7.6,10-25%
1633,Cambodia,F,Education,No education,... if she goes out without telling him,38,10-25%
1634,Cambodia,F,Education,Primary,... if she goes out without telling him,36.6,10-25%
1635,Cambodia,F,Education,Secondary,... if she goes out without telling him,24.9,10-25%
1636,Cambodia,F,Education,Higher,... if she neglects the children,15.5,10-25%
1637,Cambodia,F,Education,No education,... if she neglects the children,50.3,10-25%
1638,Cambodia,F,Education,Primary,... if she neglects the children,49.4,10-25%
1639,Cambodia,F,Education,Secondary,... if she neglects the children,37.4,10-25%
1640,Cambodia,F,Education,Higher,... if she refuses to have sex with him,0.8,10-25%
1641,Cambodia,F,Education,No education,... if she refuses to have sex with him,20.1,10-25%
1642,Cambodia,F,Education,Primary,... if she refuses to have sex with him,15.5,10-25%
1643,Cambodia,F,Education,Secondary,... if she refuses to have sex with him,8,10-25%
1644,Cambodia,F,Employment,Employed for cash,... for at least one specific reason,49.7,10-25%
1645,Cambodia,F,Employment,Employed for kind,... for at least one specific reason,58,10-25%
1646,Cambodia,F,Employment,Unemployed,... for at least one specific reason,47.5,10-25%
1647,Cambodia,F,Employment,Employed for cash,... if she argues with him,24.4,10-25%
1648,Cambodia,F,Employment,Employed for kind,... if she argues with him,24.9,10-25%
1649,Cambodia,F,Employment,Unemployed,... if she argues with him,21.5,10-25%
1650,Cambodia,F,Employment,Employed for cash,... if she goes out without telling him,32.1,10-25%
1651,Cambodia,F,Employment,Employed for kind,... if she goes out without telling him,33.3,10-25%
1652,Cambodia,F,Employment,Unemployed,... if she goes out without telling him,28,10-25%
1653,Cambodia,F,Employment,Employed for cash,... if she neglects the children,43.5,10-25%
1654,Cambodia,F,Employment,Employed for kind,... if she neglects the children,51.2,10-25%
1655,Cambodia,F,Employment,Unemployed,... if she neglects the children,41.7,10-25%
1656,Cambodia,F,Employment,Employed for cash,... if she refuses to have sex with him,13.1,10-25%
1657,Cambodia,F,Employment,Employed for kind,... if she refuses to have sex with him,15.6,10-25%
1658,Cambodia,F,Employment,Unemployed,... if she refuses to have sex with him,10.8,10-25%
1659,Cambodia,F,Marital status,Married or living together,... for at least one specific reason,53.3,10-25%
1660,Cambodia,F,Marital status,Never married,... for at least one specific reason,40.6,10-25%
1661,Cambodia,F,Marital status,"Widowed, divorced, separated",... for at least one specific reason,49.5,10-25%
1662,Cambodia,F,Marital status,Married or living together,... if she argues with him,26,10-25%
1663,Cambodia,F,Marital status,Never married,... if she argues with him,18,10-25%
1664,Cambodia,F,Marital status,"Widowed, divorced, separated",... if she argues with him,24.9,10-25%
1665,Cambodia,F,Marital status,Married or living together,... if she goes out without telling him,35.1,10-25%
1666,Cambodia,F,Marital status,Never married,... if she goes out without telling him,21.7,10-25%
1667,Cambodia,F,Marital status,"Widowed, divorced, separated",... if she goes out without telling him,29.7,10-25%
1668,Cambodia,F,Marital status,Married or living together,... if she neglects the children,47.2,10-25%
1669,Cambodia,F,Marital status,Never married,... if she neglects the children,34.9,10-25%
1670,Cambodia,F,Marital status,"Widowed, divorced, separated",... if she neglects the children,42.1,10-25%
1671,Cambodia,F,Marital status,Married or living together,... if she refuses to have sex with him,14.1,10-25%
1672,Cambodia,F,Marital status,Never married,... if she refuses to have sex with him,8.3,10-25%
1673,Cambodia,F,Marital status,"Widowed, divorced, separated",... if she refuses to have sex with him,16,10-25%
1674,Cambodia,F,Residence,Rural,... for at least one specific reason,52.7,10-25%
1675,Cambodia,F,Residence,Urban,... for at least one specific reason,37,10-25%
1676,Cambodia,F,Residence,Rural,... if she argues with him,26,10-25%
1677,Cambodia,F,Residence,Urban,... if she argues with him,14.4,10-25%
1678,Cambodia,F,Residence,Rural,... if she goes out without telling him,33.5,10-25%
1679,Cambodia,F,Residence,Urban,... if she goes out without telling him,21.5,10-25%
1680,Cambodia,F,Residence,Rural,... if she neglects the children,46.2,10-25%
1681,Cambodia,F,Residence,Urban,... if she neglects the children,32.7,10-25%
1682,Cambodia,F,Residence,Rural,... if she refuses to have sex with him,14.2,10-25%
1683,Cambodia,F,Residence,Urban,... if she refuses to have sex with him,6.3,10-25%
1684,Cambodia,M,Age,15-24,... for at least one specific reason,24.9,10-25%
1685,Cambodia,M,Age,25-34,... for at least one specific reason,23.9,10-25%
1686,Cambodia,M,Age,35-49,... for at least one specific reason,29.4,10-25%
1687,Cambodia,M,Age,15-24,... if she argues with him,10.6,10-25%
1688,Cambodia,M,Age,25-34,... if she argues with him,8.9,10-25%
1689,Cambodia,M,Age,35-49,... if she argues with him,14.1,10-25%
1690,Cambodia,M,Age,15-24,... if she goes out without telling him,10.5,10-25%
1691,Cambodia,M,Age,25-34,... if she goes out without telling him,11.7,10-25%
1692,Cambodia,M,Age,35-49,... if she goes out without telling him,15.4,10-25%
1693,Cambodia,M,Age,15-24,... if she neglects the children,17.3,10-25%
1694,Cambodia,M,Age,25-34,... if she neglects the children,18.2,10-25%
1695,Cambodia,M,Age,35-49,... if she neglects the children,22,10-25%
1696,Cambodia,M,Age,15-24,... if she refuses to have sex with him,3.6,10-25%
1697,Cambodia,M,Age,25-34,... if she refuses to have sex with him,2.3,10-25%
1698,Cambodia,M,Age,35-49,... if she refuses to have sex with him,5.7,10-25%
1699,Cambodia,M,Education,Higher,... for at least one specific reason,4.9,10-25%
1700,Cambodia,M,Education,No education,... for at least one specific reason,35.5,10-25%
1701,Cambodia,M,Education,Primary,... for at least one specific reason,32.2,10-25%
1702,Cambodia,M,Education,Secondary,... for at least one specific reason,22.6,10-25%
1703,Cambodia,M,Education,Higher,... if she argues with him,0.7,10-25%
1704,Cambodia,M,Education,No education,... if she argues with him,16.1,10-25%
1705,Cambodia,M,Education,Primary,... if she argues with him,14.6,10-25%
1706,Cambodia,M,Education,Secondary,... if she argues with him,9.1,10-25%
1707,Cambodia,M,Education,Higher,... if she goes out without telling him,1.3,10-25%
1708,Cambodia,M,Education,No education,... if she goes out without telling him,20.3,10-25%
1709,Cambodia,M,Education,Primary,... if she goes out without telling him,15.6,10-25%
1710,Cambodia,M,Education,Secondary,... if she goes out without telling him,10.4,10-25%
1711,Cambodia,M,Education,Higher,... if she neglects the children,3.1,10-25%
1712,Cambodia,M,Education,No education,... if she neglects the children,25,10-25%
1713,Cambodia,M,Education,Primary,... if she neglects the children,22.9,10-25%
1714,Cambodia,M,Education,Secondary,... if she neglects the children,17.6,10-25%
1715,Cambodia,M,Education,Higher,... if she refuses to have sex with him,0.7,10-25%
1716,Cambodia,M,Education,No education,... if she refuses to have sex with him,2.7,10-25%
1717,Cambodia,M,Education,Primary,... if she refuses to have sex with him,5.6,10-25%
1718,Cambodia,M,Education,Secondary,... if she refuses to have sex with him,3,10-25%
1719,Cambodia,M,Employment,Employed for cash,... for at least one specific reason,26.8,10-25%
1720,Cambodia,M,Employment,Employed for kind,... for at least one specific reason,27.5,10-25%
1721,Cambodia,M,Employment,Unemployed,... for at least one specific reason,16.3,10-25%
1722,Cambodia,M,Employment,Employed for cash,... if she argues with him,11.8,10-25%
1723,Cambodia,M,Employment,Employed for kind,... if she argues with him,9.3,10-25%
1724,Cambodia,M,Employment,Unemployed,... if she argues with him,5.9,10-25%
1725,Cambodia,M,Employment,Employed for cash,... if she goes out without telling him,12.9,10-25%
1726,Cambodia,M,Employment,Employed for kind,... if she goes out without telling him,13.9,10-25%
1727,Cambodia,M,Employment,Unemployed,... if she goes out without telling him,5.7,10-25%
1728,Cambodia,M,Employment,Employed for cash,... if she neglects the children,19.4,10-25%
1729,Cambodia,M,Employment,Employed for kind,... if she neglects the children,22.8,10-25%
1730,Cambodia,M,Employment,Unemployed,... if she neglects the children,12.1,10-25%
1731,Cambodia,M,Employment,Employed for cash,... if she refuses to have sex with him,3.8,10-25%
1732,Cambodia,M,Employment,Employed for kind,... if she refuses to have sex with him,5.4,10-25%
1733,Cambodia,M,Employment,Unemployed,... if she refuses to have sex with him,3,10-25%
1734,Cambodia,M,Marital status,Married or living together,... for at least one specific reason,27,10-25%
1735,Cambodia,M,Marital status,Never married,... for at least one specific reason,23.8,10-25%
1736,Cambodia,M,Marital status,"Widowed, divorced, separated",... for at least one specific reason,29.7,10-25%
1737,Cambodia,M,Marital status,Married or living together,... if she argues with him,11.5,10-25%
1738,Cambodia,M,Marital status,Never married,... if she argues with him,10.3,10-25%
1739,Cambodia,M,Marital status,"Widowed, divorced, separated",... if she argues with him,15.6,10-25%
1740,Cambodia,M,Marital status,Married or living together,... if she goes out without telling him,13.8,10-25%
1741,Cambodia,M,Marital status,Never married,... if she goes out without telling him,9.9,10-25%
1742,Cambodia,M,Marital status,"Widowed, divorced, separated",... if she goes out without telling him,12.2,10-25%
1743,Cambodia,M,Marital status,Married or living together,... if she neglects the children,20.3,10-25%
1744,Cambodia,M,Marital status,Never married,... if she neglects the children,16.5,10-25%
1745,Cambodia,M,Marital status,"Widowed, divorced, separated",... if she neglects the children,22.8,10-25%
1746,Cambodia,M,Marital status,Married or living together,... if she refuses to have sex with him,3.7,10-25%
1747,Cambodia,M,Marital status,Never married,... if she refuses to have sex with him,4,10-25%
1748,Cambodia,M,Marital status,"Widowed, divorced, separated",... if she refuses to have sex with him,7.2,10-25%
1749,Cambodia,M,Residence,Rural,... for at least one specific reason,28.8,10-25%
1750,Cambodia,M,Residence,Urban,... for at least one specific reason,12.6,10-25%
1751,Cambodia,M,Residence,Rural,... if she argues with him,12.6,10-25%
1752,Cambodia,M,Residence,Urban,... if she argues with him,4.3,10-25%
1753,Cambodia,M,Residence,Rural,... if she goes out without telling him,13.9,10-25%
1754,Cambodia,M,Residence,Urban,... if she goes out without telling him,5.6,10-25%
1755,Cambodia,M,Residence,Rural,... if she neglects the children,21.3,10-25%
1756,Cambodia,M,Residence,Urban,... if she neglects the children,8.3,10-25%
1757,Cambodia,M,Residence,Rural,... if she refuses to have sex with him,4.3,10-25%
1758,Cambodia,M,Residence,Urban,... if she refuses to have sex with him,1.6,10-25%
1759,Cameroon,F,Education,Higher,... if she burns the food,0.9,10-25%
1760,Cameroon,F,Residence,Urban,... if she burns the food,8.6,10-25%
1761,Cameroon,F,Education,Secondary,... if she burns the food,9.8,10-25%
1762,Cameroon,F,Marital status,Never married,... if she burns the food,11.3,10-25%
1763,Cameroon,F,Age,25-34,... if she burns the food,12,10-25%
1764,Cameroon,F,Employment,Unemployed,... if she burns the food,12.5,10-25%
1765,Cameroon,F,Marital status,"Widowed, divorced, separated",... if she burns the food,12.5,10-25%
1766,Cameroon,F,Employment,Employed for cash,... if she burns the food,13.9,10-25%
1767,Cameroon,F,Age,35-49,... if she burns the food,14.1,10-25%
1768,Cameroon,F,Age,15-24,... if she burns the food,14.4,10-25%
1769,Cameroon,F,Marital status,Married or living together,... if she burns the food,14.8,10-25%
1770,Cameroon,F,Employment,Employed for kind,... if she burns the food,15.3,10-25%
1771,Cameroon,F,Education,Primary,... if she burns the food,15.9,10-25%
1772,Cameroon,F,Residence,Rural,... if she burns the food,19.5,10-25%
1773,Cameroon,F,Education,No education,... if she burns the food,20.9,10-25%
1774,Cameroon,M,Education,Higher,... if she burns the food,2.4,10-25%
1775,Cameroon,M,Residence,Urban,... if she burns the food,5.9,10-25%
1776,Cameroon,M,Employment,Unemployed,... if she burns the food,6.6,10-25%
1777,Cameroon,M,Age,35-49,... if she burns the food,6.7,10-25%
1778,Cameroon,M,Age,25-34,... if she burns the food,7.5,10-25%
1779,Cameroon,M,Employment,Employed for kind,... if she burns the food,8.2,10-25%
1780,Cameroon,M,Education,Secondary,... if she burns the food,8.3,10-25%
1781,Cameroon,M,Marital status,Married or living together,... if she burns the food,8.3,10-25%
1782,Cameroon,M,Employment,Employed for cash,... if she burns the food,9.4,10-25%
1783,Cameroon,M,Education,No education,... if she burns the food,9.5,10-25%
1784,Cameroon,M,Marital status,Never married,... if she burns the food,9.5,10-25%
1785,Cameroon,M,Marital status,"Widowed, divorced, separated",... if she burns the food,10.7,10-25%
1786,Cameroon,M,Age,15-24,... if she burns the food,11.4,10-25%
1787,Cameroon,M,Education,Primary,... if she burns the food,11.8,10-25%
1788,Cameroon,M,Residence,Rural,... if she burns the food,12.9,10-25%
1789,Cameroon,F,Age,15-24,... for at least one specific reason,48.9,10-25%
1790,Cameroon,F,Age,25-34,... for at least one specific reason,43.5,10-25%
1791,Cameroon,F,Age,35-49,... for at least one specific reason,45.8,10-25%
1792,Cameroon,F,Age,15-24,... if she argues with him,20.5,10-25%
1793,Cameroon,F,Age,25-34,... if she argues with him,20,10-25%
1794,Cameroon,F,Age,35-49,... if she argues with him,22.1,10-25%
1795,Cameroon,F,Age,15-24,... if she goes out without telling him,26,10-25%
1796,Cameroon,F,Age,25-34,... if she goes out without telling him,25.3,10-25%
1797,Cameroon,F,Age,35-49,... if she goes out without telling him,28.9,10-25%
1798,Cameroon,F,Age,15-24,... if she neglects the children,39.6,10-25%
1799,Cameroon,F,Age,25-34,... if she neglects the children,34.9,10-25%
1800,Cameroon,F,Age,35-49,... if she neglects the children,36.7,10-25%
1801,Cameroon,F,Age,15-24,... if she refuses to have sex with him,12.4,10-25%
1802,Cameroon,F,Age,25-34,... if she refuses to have sex with him,13.8,10-25%
1803,Cameroon,F,Age,35-49,... if she refuses to have sex with him,17.1,10-25%
1804,Cameroon,F,Education,Higher,... for at least one specific reason,13.7,10-25%
1805,Cameroon,F,Education,No education,... for at least one specific reason,49.6,10-25%
1806,Cameroon,F,Education,Primary,... for at least one specific reason,51.6,10-25%
1807,Cameroon,F,Education,Secondary,... for at least one specific reason,45.1,10-25%
1808,Cameroon,F,Education,Higher,... if she argues with him,3.2,10-25%
1809,Cameroon,F,Education,No education,... if she argues with him,31.4,10-25%
1810,Cameroon,F,Education,Primary,... if she argues with him,24.4,10-25%
1811,Cameroon,F,Education,Secondary,... if she argues with him,14.9,10-25%
1812,Cameroon,F,Education,Higher,... if she goes out without telling him,2.8,10-25%
1813,Cameroon,F,Education,No education,... if she goes out without telling him,31.6,10-25%
1814,Cameroon,F,Education,Primary,... if she goes out without telling him,32.9,10-25%
1815,Cameroon,F,Education,Secondary,... if she goes out without telling him,21.9,10-25%
1816,Cameroon,F,Education,Higher,... if she neglects the children,11.4,10-25%
1817,Cameroon,F,Education,No education,... if she neglects the children,35.9,10-25%
1818,Cameroon,F,Education,Primary,... if she neglects the children,41.9,10-25%
1819,Cameroon,F,Education,Secondary,... if she neglects the children,37.9,10-25%
1820,Cameroon,F,Education,Higher,... if she refuses to have sex with him,1.3,10-25%
1821,Cameroon,F,Education,No education,... if she refuses to have sex with him,25.6,10-25%
1822,Cameroon,F,Education,Primary,... if she refuses to have sex with him,17.2,10-25%
1823,Cameroon,F,Education,Secondary,... if she refuses to have sex with him,7.5,10-25%
1824,Cameroon,F,Employment,Employed for cash,... for at least one specific reason,47,10-25%
1825,Cameroon,F,Employment,Employed for kind,... for at least one specific reason,48.7,10-25%
1826,Cameroon,F,Employment,Unemployed,... for at least one specific reason,44.7,10-25%
1827,Cameroon,F,Employment,Employed for cash,... if she argues with him,21.6,10-25%
1828,Cameroon,F,Employment,Employed for kind,... if she argues with him,22.3,10-25%
1829,Cameroon,F,Employment,Unemployed,... if she argues with him,18.7,10-25%
1830,Cameroon,F,Employment,Employed for cash,... if she goes out without telling him,27.6,10-25%
1831,Cameroon,F,Employment,Employed for kind,... if she goes out without telling him,28.9,10-25%
1832,Cameroon,F,Employment,Unemployed,... if she goes out without telling him,23.8,10-25%
1833,Cameroon,F,Employment,Employed for cash,... if she neglects the children,38.4,10-25%
1834,Cameroon,F,Employment,Employed for kind,... if she neglects the children,38.3,10-25%
1835,Cameroon,F,Employment,Unemployed,... if she neglects the children,35.4,10-25%
1836,Cameroon,F,Employment,Employed for cash,... if she refuses to have sex with him,15,10-25%
1837,Cameroon,F,Employment,Employed for kind,... if she refuses to have sex with him,13.8,10-25%
1838,Cameroon,F,Employment,Unemployed,... if she refuses to have sex with him,12.6,10-25%
1839,Cameroon,F,Marital status,Married or living together,... for at least one specific reason,47.5,10-25%
1840,Cameroon,F,Marital status,Never married,... for at least one specific reason,44.6,10-25%
1841,Cameroon,F,Marital status,"Widowed, divorced, separated",... for at least one specific reason,44.5,10-25%
1842,Cameroon,F,Marital status,Married or living together,... if she argues with him,23.1,10-25%
1843,Cameroon,F,Marital status,Never married,... if she argues with him,15.9,10-25%
1844,Cameroon,F,Marital status,"Widowed, divorced, separated",... if she argues with him,19.1,10-25%
1845,Cameroon,F,Marital status,Married or living together,... if she goes out without telling him,28.8,10-25%
1846,Cameroon,F,Marital status,Never married,... if she goes out without telling him,21.5,10-25%
1847,Cameroon,F,Marital status,"Widowed, divorced, separated",... if she goes out without telling him,25.9,10-25%
1848,Cameroon,F,Marital status,Married or living together,... if she neglects the children,37.5,10-25%
1849,Cameroon,F,Marital status,Never married,... if she neglects the children,37.3,10-25%
1850,Cameroon,F,Marital status,"Widowed, divorced, separated",... if she neglects the children,37.2,10-25%
1851,Cameroon,F,Marital status,Married or living together,... if she refuses to have sex with him,16.8,10-25%
1852,Cameroon,F,Marital status,Never married,... if she refuses to have sex with him,8.5,10-25%
1853,Cameroon,F,Marital status,"Widowed, divorced, separated",... if she refuses to have sex with him,12.2,10-25%
1854,Cameroon,F,Residence,Rural,... for at least one specific reason,53.9,10-25%
1855,Cameroon,F,Residence,Urban,... for at least one specific reason,40.1,10-25%
1856,Cameroon,F,Residence,Rural,... if she argues with him,28.1,10-25%
1857,Cameroon,F,Residence,Urban,... if she argues with him,14.4,10-25%
1858,Cameroon,F,Residence,Rural,... if she goes out without telling him,34.3,10-25%
1859,Cameroon,F,Residence,Urban,... if she goes out without telling him,19.9,10-25%
1860,Cameroon,F,Residence,Rural,... if she neglects the children,42.4,10-25%
1861,Cameroon,F,Residence,Urban,... if she neglects the children,33.1,10-25%
1862,Cameroon,F,Residence,Rural,... if she refuses to have sex with him,20.7,10-25%
1863,Cameroon,F,Residence,Urban,... if she refuses to have sex with him,8.4,10-25%
1864,Cameroon,M,Age,15-24,... for at least one specific reason,42.9,10-25%
1865,Cameroon,M,Age,25-34,... for at least one specific reason,36.5,10-25%
1866,Cameroon,M,Age,35-49,... for at least one specific reason,34.5,10-25%
1867,Cameroon,M,Age,15-24,... if she argues with him,19.4,10-25%
1868,Cameroon,M,Age,25-34,... if she argues with him,16.8,10-25%
1869,Cameroon,M,Age,35-49,... if she argues with him,15.7,10-25%
1870,Cameroon,M,Age,15-24,... if she goes out without telling him,22,10-25%
1871,Cameroon,M,Age,25-34,... if she goes out without telling him,20.3,10-25%
1872,Cameroon,M,Age,35-49,... if she goes out without telling him,21.2,10-25%
1873,Cameroon,M,Age,15-24,... if she neglects the children,32,10-25%
1874,Cameroon,M,Age,25-34,... if she neglects the children,27.9,10-25%
1875,Cameroon,M,Age,35-49,... if she neglects the children,24.9,10-25%
1876,Cameroon,M,Age,15-24,... if she refuses to have sex with him,8.6,10-25%
1877,Cameroon,M,Age,25-34,... if she refuses to have sex with him,7.3,10-25%
1878,Cameroon,M,Age,35-49,... if she refuses to have sex with him,6.6,10-25%
1879,Cameroon,M,Education,Higher,... for at least one specific reason,23.6,10-25%
1880,Cameroon,M,Education,No education,... for at least one specific reason,37.3,10-25%
1881,Cameroon,M,Education,Primary,... for at least one specific reason,43.7,10-25%
1882,Cameroon,M,Education,Secondary,... for at least one specific reason,38.6,10-25%
1883,Cameroon,M,Education,Higher,... if she argues with him,7.3,10-25%
1884,Cameroon,M,Education,No education,... if she argues with him,21.7,10-25%
1885,Cameroon,M,Education,Primary,... if she argues with him,23.1,10-25%
1886,Cameroon,M,Education,Secondary,... if she argues with him,15.5,10-25%
1887,Cameroon,M,Education,Higher,... if she goes out without telling him,8.7,10-25%
1888,Cameroon,M,Education,No education,... if she goes out without telling him,25.3,10-25%
1889,Cameroon,M,Education,Primary,... if she goes out without telling him,27.5,10-25%
1890,Cameroon,M,Education,Secondary,... if she goes out without telling him,19,10-25%
1891,Cameroon,M,Education,Higher,... if she neglects the children,17.5,10-25%
1892,Cameroon,M,Education,No education,... if she neglects the children,26.1,10-25%
1893,Cameroon,M,Education,Primary,... if she neglects the children,32.2,10-25%
1894,Cameroon,M,Education,Secondary,... if she neglects the children,29.3,10-25%
1895,Cameroon,M,Education,Higher,... if she refuses to have sex with him,1.7,10-25%
1896,Cameroon,M,Education,No education,... if she refuses to have sex with him,13.7,10-25%
1897,Cameroon,M,Education,Primary,... if she refuses to have sex with him,10.7,10-25%
1898,Cameroon,M,Education,Secondary,... if she refuses to have sex with him,5.9,10-25%
1899,Cameroon,M,Employment,Employed for cash,... for at least one specific reason,39.2,10-25%
1900,Cameroon,M,Employment,Employed for kind,... for at least one specific reason,36.6,10-25%
1901,Cameroon,M,Employment,Unemployed,... for at least one specific reason,36.6,10-25%
1902,Cameroon,M,Employment,Employed for cash,... if she argues with him,18,10-25%
1903,Cameroon,M,Employment,Employed for kind,... if she argues with him,19.2,10-25%
1904,Cameroon,M,Employment,Unemployed,... if she argues with him,13.9,10-25%
1905,Cameroon,M,Employment,Employed for cash,... if she goes out without telling him,21.9,10-25%
1906,Cameroon,M,Employment,Employed for kind,... if she goes out without telling him,16.7,10-25%
1907,Cameroon,M,Employment,Unemployed,... if she goes out without telling him,19.7,10-25%
1908,Cameroon,M,Employment,Employed for cash,... if she neglects the children,29.1,10-25%
1909,Cameroon,M,Employment,Employed for kind,... if she neglects the children,28,10-25%
1910,Cameroon,M,Employment,Unemployed,... if she neglects the children,28.2,10-25%
1911,Cameroon,M,Employment,Employed for cash,... if she refuses to have sex with him,7.9,10-25%
1912,Cameroon,M,Employment,Employed for kind,... if she refuses to have sex with him,8.1,10-25%
1913,Cameroon,M,Employment,Unemployed,... if she refuses to have sex with him,6.1,10-25%
1914,Cameroon,M,Marital status,Married or living together,... for at least one specific reason,36.7,10-25%
1915,Cameroon,M,Marital status,Never married,... for at least one specific reason,40.5,10-25%
1916,Cameroon,M,Marital status,"Widowed, divorced, separated",... for at least one specific reason,40,10-25%
1917,Cameroon,M,Marital status,Married or living together,... if she argues with him,17.3,10-25%
1918,Cameroon,M,Marital status,Never married,... if she argues with him,17.9,10-25%
1919,Cameroon,M,Marital status,"Widowed, divorced, separated",... if she argues with him,18.5,10-25%
1920,Cameroon,M,Marital status,Married or living together,... if she goes out without telling him,21.8,10-25%
1921,Cameroon,M,Marital status,Never married,... if she goes out without telling him,20.4,10-25%
1922,Cameroon,M,Marital status,"Widowed, divorced, separated",... if she goes out without telling him,25.4,10-25%
1923,Cameroon,M,Marital status,Married or living together,... if she neglects the children,27.4,10-25%
1924,Cameroon,M,Marital status,Never married,... if she neglects the children,30.1,10-25%
1925,Cameroon,M,Marital status,"Widowed, divorced, separated",... if she neglects the children,30.7,10-25%
1926,Cameroon,M,Marital status,Married or living together,... if she refuses to have sex with him,7.4,10-25%
1927,Cameroon,M,Marital status,Never married,... if she refuses to have sex with him,7.8,10-25%
1928,Cameroon,M,Marital status,"Widowed, divorced, separated",... if she refuses to have sex with him,10.1,10-25%
1929,Cameroon,M,Residence,Rural,... for at least one specific reason,43.5,10-25%
1930,Cameroon,M,Residence,Urban,... for at least one specific reason,34.9,10-25%
1931,Cameroon,M,Residence,Rural,... if she argues with him,22.8,10-25%
1932,Cameroon,M,Residence,Urban,... if she argues with him,13.6,10-25%
1933,Cameroon,M,Residence,Rural,... if she goes out without telling him,27,10-25%
1934,Cameroon,M,Residence,Urban,... if she goes out without telling him,16.7,10-25%
1935,Cameroon,M,Residence,Rural,... if she neglects the children,32.3,10-25%
1936,Cameroon,M,Residence,Urban,... if she neglects the children,26.2,10-25%
1937,Cameroon,M,Residence,Rural,... if she refuses to have sex with him,11.6,10-25%
1938,Cameroon,M,Residence,Urban,... if she refuses to have sex with him,4.6,10-25%
1939,Chad,F,Education,Higher,... if she burns the food,24.4,<10%
1940,Chad,F,Marital status,Never married,... if she burns the food,40.9,<10%
1941,Chad,F,Employment,Unemployed,... if she burns the food,42.3,<10%
1942,Chad,F,Education,No education,... if she burns the food,45.4,<10%
1943,Chad,F,Marital status,"Widowed, divorced, separated",... if she burns the food,45.9,<10%
1944,Chad,F,Residence,Urban,... if she burns the food,45.9,<10%
1945,Chad,F,Age,35-49,... if she burns the food,47.4,<10%
1946,Chad,F,Age,15-24,... if she burns the food,47.7,<10%
1947,Chad,F,Employment,Employed for kind,... if she burns the food,49.4,<10%
1948,Chad,F,Residence,Rural,... if she burns the food,49.4,<10%
1949,Chad,F,Age,25-34,... if she burns the food,50.5,<10%
1950,Chad,F,Marital status,Married or living together,... if she burns the food,50.5,<10%
1951,Chad,F,Education,Secondary,... if she burns the food,51.9,<10%
1952,Chad,F,Education,Primary,... if she burns the food,56.2,<10%
1953,Chad,F,Employment,Employed for cash,... if she burns the food,56.7,<10%
1954,Chad,M,Education,Higher,... if she burns the food,12.4,<10%
1955,Chad,M,Residence,Urban,... if she burns the food,21.6,<10%
1956,Chad,M,Age,35-49,... if she burns the food,24,<10%
1957,Chad,M,Employment,Unemployed,... if she burns the food,24.3,<10%
1958,Chad,M,Education,No education,... if she burns the food,24.7,<10%
1959,Chad,M,Employment,Employed for cash,... if she burns the food,25.6,<10%
1960,Chad,M,Marital status,Married or living together,... if she burns the food,26,<10%
1961,Chad,M,Age,25-34,... if she burns the food,28.6,<10%
1962,Chad,M,Education,Secondary,... if she burns the food,28.8,<10%
1963,Chad,M,Marital status,Never married,... if she burns the food,28.8,<10%
1964,Chad,M,Age,15-24,... if she burns the food,29.3,<10%
1965,Chad,M,Residence,Rural,... if she burns the food,30,<10%
1966,Chad,M,Employment,Employed for kind,... if she burns the food,31.5,<10%
1967,Chad,M,Education,Primary,... if she burns the food,31.9,<10%
1968,Chad,M,Marital status,"Widowed, divorced, separated",... if she burns the food,38.7,<10%
1969,Chad,F,Age,15-24,... for at least one specific reason,72.2,<10%
1970,Chad,F,Age,25-34,... for at least one specific reason,76.1,<10%
1971,Chad,F,Age,35-49,... for at least one specific reason,72.5,<10%
1972,Chad,F,Age,15-24,... if she argues with him,47.8,<10%
1973,Chad,F,Age,25-34,... if she argues with him,52,<10%
1974,Chad,F,Age,35-49,... if she argues with him,50.1,<10%
1975,Chad,F,Age,15-24,... if she goes out without telling him,56.2,<10%
1976,Chad,F,Age,25-34,... if she goes out without telling him,62.3,<10%
1977,Chad,F,Age,35-49,... if she goes out without telling him,59.1,<10%
1978,Chad,F,Age,15-24,... if she neglects the children,57.9,<10%
1979,Chad,F,Age,25-34,... if she neglects the children,62.6,<10%
1980,Chad,F,Age,35-49,... if she neglects the children,59,<10%
1981,Chad,F,Age,15-24,... if she refuses to have sex with him,37.2,<10%
1982,Chad,F,Age,25-34,... if she refuses to have sex with him,43.3,<10%
1983,Chad,F,Age,35-49,... if she refuses to have sex with him,42.2,<10%
1984,Chad,F,Education,Higher,... for at least one specific reason,60.1,<10%
1985,Chad,F,Education,No education,... for at least one specific reason,70.9,<10%
1986,Chad,F,Education,Primary,... for at least one specific reason,79.5,<10%
1987,Chad,F,Education,Secondary,... for at least one specific reason,76.7,<10%
1988,Chad,F,Education,Higher,... if she argues with him,38.8,<10%
1989,Chad,F,Education,No education,... if she argues with him,47.6,<10%
1990,Chad,F,Education,Primary,... if she argues with him,55.1,<10%
1991,Chad,F,Education,Secondary,... if she argues with him,51.8,<10%
1992,Chad,F,Education,Higher,... if she goes out without telling him,37.1,<10%
1993,Chad,F,Education,No education,... if she goes out without telling him,56.3,<10%
1994,Chad,F,Education,Primary,... if she goes out without telling him,66.5,<10%
1995,Chad,F,Education,Secondary,... if she goes out without telling him,60.3,<10%
1996,Chad,F,Education,Higher,... if she neglects the children,43.1,<10%
1997,Chad,F,Education,No education,... if she neglects the children,56.7,<10%
1998,Chad,F,Education,Primary,... if she neglects the children,66.3,<10%
1999,Chad,F,Education,Secondary,... if she neglects the children,64,<10%
2000,Chad,F,Education,Higher,... if she refuses to have sex with him,21.8,<10%
2001,Chad,F,Education,No education,... if she refuses to have sex with him,41.5,<10%
2002,Chad,F,Education,Primary,... if she refuses to have sex with him,43.2,<10%
2003,Chad,F,Education,Secondary,... if she refuses to have sex with him,33.6,<10%
2004,Chad,F,Employment,Employed for cash,... for at least one specific reason,79.6,<10%
2005,Chad,F,Employment,Employed for kind,... for at least one specific reason,70.7,<10%
2006,Chad,F,Employment,Unemployed,... for at least one specific reason,70,<10%
2007,Chad,F,Employment,Employed for cash,... if she argues with him,56.6,<10%
2008,Chad,F,Employment,Employed for kind,... if she argues with him,48.8,<10%
2009,Chad,F,Employment,Unemployed,... if she argues with him,45.1,<10%
2010,Chad,F,Employment,Employed for cash,... if she goes out without telling him,65.5,<10%
2011,Chad,F,Employment,Employed for kind,... if she goes out without telling him,60.6,<10%
2012,Chad,F,Employment,Unemployed,... if she goes out without telling him,53.8,<10%
2013,Chad,F,Employment,Employed for cash,... if she neglects the children,67,<10%
2014,Chad,F,Employment,Employed for kind,... if she neglects the children,60.7,<10%
2015,Chad,F,Employment,Unemployed,... if she neglects the children,54.2,<10%
2016,Chad,F,Employment,Employed for cash,... if she refuses to have sex with him,45.7,<10%
2017,Chad,F,Employment,Employed for kind,... if she refuses to have sex with him,40.1,<10%
2018,Chad,F,Employment,Unemployed,... if she refuses to have sex with him,37,<10%
2019,Chad,F,Marital status,Married or living together,... for at least one specific reason,76,<10%
2020,Chad,F,Marital status,Never married,... for at least one specific reason,63.7,<10%
2021,Chad,F,Marital status,"Widowed, divorced, separated",... for at least one specific reason,71,<10%
2022,Chad,F,Marital status,Married or living together,... if she argues with him,52.1,<10%
2023,Chad,F,Marital status,Never married,... if she argues with him,39.5,<10%
2024,Chad,F,Marital status,"Widowed, divorced, separated",... if she argues with him,49.3,<10%
2025,Chad,F,Marital status,Married or living together,... if she goes out without telling him,62.1,<10%
2026,Chad,F,Marital status,Never married,... if she goes out without telling him,46.3,<10%
2027,Chad,F,Marital status,"Widowed, divorced, separated",... if she goes out without telling him,56.9,<10%
2028,Chad,F,Marital status,Married or living together,... if she neglects the children,62.1,<10%
2029,Chad,F,Marital status,Never married,... if she neglects the children,49.6,<10%
2030,Chad,F,Marital status,"Widowed, divorced, separated",... if she neglects the children,58.8,<10%
2031,Chad,F,Marital status,Married or living together,... if she refuses to have sex with him,43.7,<10%
2032,Chad,F,Marital status,Never married,... if she refuses to have sex with him,26.5,<10%
2033,Chad,F,Marital status,"Widowed, divorced, separated",... if she refuses to have sex with him,40.8,<10%
2034,Chad,F,Residence,Rural,... for at least one specific reason,73.5,<10%
2035,Chad,F,Residence,Urban,... for at least one specific reason,73.8,<10%
2036,Chad,F,Residence,Rural,... if she argues with him,50.2,<10%
2037,Chad,F,Residence,Urban,... if she argues with him,48.4,<10%
2038,Chad,F,Residence,Rural,... if she goes out without telling him,59.9,<10%
2039,Chad,F,Residence,Urban,... if she goes out without telling him,56.2,<10%
2040,Chad,F,Residence,Rural,... if she neglects the children,60.1,<10%
2041,Chad,F,Residence,Urban,... if she neglects the children,58.8,<10%
2042,Chad,F,Residence,Rural,... if she refuses to have sex with him,42.6,<10%
2043,Chad,F,Residence,Urban,... if she refuses to have sex with him,34.2,<10%
2044,Chad,M,Age,15-24,... for at least one specific reason,53.2,<10%
2045,Chad,M,Age,25-34,... for at least one specific reason,50.5,<10%
2046,Chad,M,Age,35-49,... for at least one specific reason,46.8,<10%
2047,Chad,M,Age,15-24,... if she argues with him,24.4,<10%
2048,Chad,M,Age,25-34,... if she argues with him,20.8,<10%
2049,Chad,M,Age,35-49,... if she argues with him,20.6,<10%
2050,Chad,M,Age,15-24,... if she goes out without telling him,30,<10%
2051,Chad,M,Age,25-34,... if she goes out without telling him,28.1,<10%
2052,Chad,M,Age,35-49,... if she goes out without telling him,25.7,<10%
2053,Chad,M,Age,15-24,... if she neglects the children,38.4,<10%
2054,Chad,M,Age,25-34,... if she neglects the children,37.3,<10%
2055,Chad,M,Age,35-49,... if she neglects the children,34.8,<10%
2056,Chad,M,Age,15-24,... if she refuses to have sex with him,25.9,<10%
2057,Chad,M,Age,25-34,... if she refuses to have sex with him,22.9,<10%
2058,Chad,M,Age,35-49,... if she refuses to have sex with him,21.5,<10%
2059,Chad,M,Education,Higher,... for at least one specific reason,36.6,<10%
2060,Chad,M,Education,No education,... for at least one specific reason,50.2,<10%
2061,Chad,M,Education,Primary,... for at least one specific reason,53,<10%
2062,Chad,M,Education,Secondary,... for at least one specific reason,50.6,<10%
2063,Chad,M,Education,Higher,... if she argues with him,10.1,<10%
2064,Chad,M,Education,No education,... if she argues with him,24.6,<10%
2065,Chad,M,Education,Primary,... if she argues with him,22.8,<10%
2066,Chad,M,Education,Secondary,... if she argues with him,20.8,<10%
2067,Chad,M,Education,Higher,... if she goes out without telling him,17.7,<10%
2068,Chad,M,Education,No education,... if she goes out without telling him,28.6,<10%
2069,Chad,M,Education,Primary,... if she goes out without telling him,30.7,<10%
2070,Chad,M,Education,Secondary,... if she goes out without telling him,26.9,<10%
2071,Chad,M,Education,Higher,... if she neglects the children,27.6,<10%
2072,Chad,M,Education,No education,... if she neglects the children,34.6,<10%
2073,Chad,M,Education,Primary,... if she neglects the children,40.5,<10%
2074,Chad,M,Education,Secondary,... if she neglects the children,37.9,<10%
2075,Chad,M,Education,Higher,... if she refuses to have sex with him,9.3,<10%
2076,Chad,M,Education,No education,... if she refuses to have sex with him,24.6,<10%
2077,Chad,M,Education,Primary,... if she refuses to have sex with him,25,<10%
2078,Chad,M,Education,Secondary,... if she refuses to have sex with him,23.5,<10%
2079,Chad,M,Employment,Employed for cash,... for at least one specific reason,51.9,<10%
2080,Chad,M,Employment,Employed for kind,... for at least one specific reason,48.2,<10%
2081,Chad,M,Employment,Unemployed,... for at least one specific reason,51.8,<10%
2082,Chad,M,Employment,Employed for cash,... if she argues with him,20.1,<10%
2083,Chad,M,Employment,Employed for kind,... if she argues with him,23.9,<10%
2084,Chad,M,Employment,Unemployed,... if she argues with him,26.5,<10%
2085,Chad,M,Employment,Employed for cash,... if she goes out without telling him,26.9,<10%
2086,Chad,M,Employment,Employed for kind,... if she goes out without telling him,29.1,<10%
2087,Chad,M,Employment,Unemployed,... if she goes out without telling him,30.3,<10%
2088,Chad,M,Employment,Employed for cash,... if she neglects the children,39.6,<10%
2089,Chad,M,Employment,Employed for kind,... if she neglects the children,33.2,<10%
2090,Chad,M,Employment,Unemployed,... if she neglects the children,37.7,<10%
2091,Chad,M,Employment,Employed for cash,... if she refuses to have sex with him,23.7,<10%
2092,Chad,M,Employment,Employed for kind,... if she refuses to have sex with him,24.2,<10%
2093,Chad,M,Employment,Unemployed,... if she refuses to have sex with him,22.9,<10%
2094,Chad,M,Marital status,Married or living together,... for at least one specific reason,48.4,<10%
2095,Chad,M,Marital status,Never married,... for at least one specific reason,53.1,<10%
2096,Chad,M,Marital status,"Widowed, divorced, separated",... for at least one specific reason,55.3,<10%
2097,Chad,M,Marital status,Married or living together,... if she argues with him,21,<10%
2098,Chad,M,Marital status,Never married,... if she argues with him,23.8,<10%
2099,Chad,M,Marital status,"Widowed, divorced, separated",... if she argues with him,26.8,<10%
2100,Chad,M,Marital status,Married or living together,... if she goes out without telling him,26.7,<10%
2101,Chad,M,Marital status,Never married,... if she goes out without telling him,29.8,<10%
2102,Chad,M,Marital status,"Widowed, divorced, separated",... if she goes out without telling him,35.2,<10%
2103,Chad,M,Marital status,Married or living together,... if she neglects the children,35.6,<10%
2104,Chad,M,Marital status,Never married,... if she neglects the children,38.8,<10%
2105,Chad,M,Marital status,"Widowed, divorced, separated",... if she neglects the children,39.2,<10%
2106,Chad,M,Marital status,Married or living together,... if she refuses to have sex with him,22.3,<10%
2107,Chad,M,Marital status,Never married,... if she refuses to have sex with him,25.2,<10%
2108,Chad,M,Marital status,"Widowed, divorced, separated",... if she refuses to have sex with him,32.6,<10%
2109,Chad,M,Residence,Rural,... for at least one specific reason,51.6,<10%
2110,Chad,M,Residence,Urban,... for at least one specific reason,47.9,<10%
2111,Chad,M,Residence,Rural,... if she argues with him,23.3,<10%
2112,Chad,M,Residence,Urban,... if she argues with him,19.8,<10%
2113,Chad,M,Residence,Rural,... if she goes out without telling him,28.9,<10%
2114,Chad,M,Residence,Urban,... if she goes out without telling him,26.3,<10%
2115,Chad,M,Residence,Rural,... if she neglects the children,38,<10%
2116,Chad,M,Residence,Urban,... if she neglects the children,34.6,<10%
2117,Chad,M,Residence,Rural,... if she refuses to have sex with him,26.1,<10%
2118,Chad,M,Residence,Urban,... if she refuses to have sex with him,18.2,<10%
2119,Colombia,F,Age,25-34,... if she burns the food,0.8,>25%
2120,Colombia,F,Education,Higher,... if she burns the food,0.8,>25%
2121,Colombia,F,Employment,Employed for cash,... if she burns the food,1.1,>25%
2122,Colombia,F,Marital status,Married or living together,... if she burns the food,1.1,>25%
2123,Colombia,F,Residence,Urban,... if she burns the food,1.1,>25%
2124,Colombia,F,Age,15-24,... if she burns the food,1.2,>25%
2125,Colombia,F,Education,Secondary,... if she burns the food,1.2,>25%
2126,Colombia,F,Marital status,Never married,... if she burns the food,1.2,>25%
2127,Colombia,F,Employment,Unemployed,... if she burns the food,1.3,>25%
2128,Colombia,F,Marital status,"Widowed, divorced, separated",... if she burns the food,1.3,>25%
2129,Colombia,F,Age,35-49,... if she burns the food,1.4,>25%
2130,Colombia,F,Residence,Rural,... if she burns the food,1.5,>25%
2131,Colombia,F,Education,Primary,... if she burns the food,1.7,>25%
2132,Colombia,F,Education,No education,... if she burns the food,1.8,>25%
2133,Colombia,F,Employment,Employed for kind,... if she burns the food,1.9,>25%
2134,Colombia,M,Education,Higher,... if she burns the food,0.7,>25%
2135,Colombia,M,Residence,Urban,... if she burns the food,0.9,>25%
2136,Colombia,M,Age,35-49,... if she burns the food,1,>25%
2137,Colombia,M,Age,25-34,... if she burns the food,1.1,>25%
2138,Colombia,M,Education,Secondary,... if she burns the food,1.1,>25%
2139,Colombia,M,Employment,Employed for cash,... if she burns the food,1.1,>25%
2140,Colombia,M,Marital status,Married or living together,... if she burns the food,1.1,>25%
2141,Colombia,M,Marital status,"Widowed, divorced, separated",... if she burns the food,1.2,>25%
2142,Colombia,M,Marital status,Never married,... if she burns the food,1.3,>25%
2143,Colombia,M,Age,15-24,... if she burns the food,1.4,>25%
2144,Colombia,M,Employment,Employed for kind,... if she burns the food,1.4,>25%
2145,Colombia,M,Employment,Unemployed,... if she burns the food,1.7,>25%
2146,Colombia,M,Education,Primary,... if she burns the food,1.9,>25%
2147,Colombia,M,Residence,Rural,... if she burns the food,2,>25%
2148,Colombia,M,Education,No education,... if she burns the food,2.8,>25%
2149,Colombia,F,Age,15-24,... for at least one specific reason,3.2,>25%
2150,Colombia,F,Age,25-34,... for at least one specific reason,2.7,>25%
2151,Colombia,F,Age,35-49,... for at least one specific reason,3.4,>25%
2152,Colombia,F,Age,15-24,... if she argues with him,1.3,>25%
2153,Colombia,F,Age,25-34,... if she argues with him,1,>25%
2154,Colombia,F,Age,35-49,... if she argues with him,1.4,>25%
2155,Colombia,F,Age,15-24,... if she goes out without telling him,1.1,>25%
2156,Colombia,F,Age,25-34,... if she goes out without telling him,1.1,>25%
2157,Colombia,F,Age,35-49,... if she goes out without telling him,1.4,>25%
2158,Colombia,F,Age,15-24,... if she neglects the children,2.3,>25%
2159,Colombia,F,Age,25-34,... if she neglects the children,2.1,>25%
2160,Colombia,F,Age,35-49,... if she neglects the children,2.7,>25%
2161,Colombia,F,Age,15-24,... if she refuses to have sex with him,1.1,>25%
2162,Colombia,F,Age,25-34,... if she refuses to have sex with him,0.8,>25%
2163,Colombia,F,Age,35-49,... if she refuses to have sex with him,1.3,>25%
2164,Colombia,F,Education,Higher,... for at least one specific reason,1.6,>25%
2165,Colombia,F,Education,No education,... for at least one specific reason,12.7,>25%
2166,Colombia,F,Education,Primary,... for at least one specific reason,5.7,>25%
2167,Colombia,F,Education,Secondary,... for at least one specific reason,3.1,>25%
2168,Colombia,F,Education,Higher,... if she argues with him,0.9,>25%
2169,Colombia,F,Education,No education,... if she argues with him,3.6,>25%
2170,Colombia,F,Education,Primary,... if she argues with him,1.8,>25%
2171,Colombia,F,Education,Secondary,... if she argues with him,1.3,>25%
2172,Colombia,F,Education,Higher,... if she goes out without telling him,0.8,>25%
2173,Colombia,F,Education,No education,... if she goes out without telling him,5.8,>25%
2174,Colombia,F,Education,Primary,... if she goes out without telling him,1.8,>25%
2175,Colombia,F,Education,Secondary,... if she goes out without telling him,1.3,>25%
2176,Colombia,F,Education,Higher,... if she neglects the children,1.2,>25%
2177,Colombia,F,Education,No education,... if she neglects the children,9.8,>25%
2178,Colombia,F,Education,Primary,... if she neglects the children,4.4,>25%
2179,Colombia,F,Education,Secondary,... if she neglects the children,2.5,>25%
2180,Colombia,F,Education,Higher,... if she refuses to have sex with him,0.9,>25%
2181,Colombia,F,Education,No education,... if she refuses to have sex with him,2.9,>25%
2182,Colombia,F,Education,Primary,... if she refuses to have sex with him,1.4,>25%
2183,Colombia,F,Education,Secondary,... if she refuses to have sex with him,1.1,>25%
2184,Colombia,F,Employment,Employed for cash,... for at least one specific reason,2.7,>25%
2185,Colombia,F,Employment,Employed for kind,... for at least one specific reason,5.5,>25%
2186,Colombia,F,Employment,Unemployed,... for at least one specific reason,3.9,>25%
2187,Colombia,F,Employment,Employed for cash,... if she argues with him,1.1,>25%
2188,Colombia,F,Employment,Employed for kind,... if she argues with him,2,>25%
2189,Colombia,F,Employment,Unemployed,... if she argues with him,1.5,>25%
2190,Colombia,F,Employment,Employed for cash,... if she goes out without telling him,1.1,>25%
2191,Colombia,F,Employment,Employed for kind,... if she goes out without telling him,2.4,>25%
2192,Colombia,F,Employment,Unemployed,... if she goes out without telling him,1.4,>25%
2193,Colombia,F,Employment,Employed for cash,... if she neglects the children,2.1,>25%
2194,Colombia,F,Employment,Employed for kind,... if she neglects the children,4.4,>25%
2195,Colombia,F,Employment,Unemployed,... if she neglects the children,2.9,>25%
2196,Colombia,F,Employment,Employed for cash,... if she refuses to have sex with him,1,>25%
2197,Colombia,F,Employment,Employed for kind,... if she refuses to have sex with him,2,>25%
2198,Colombia,F,Employment,Unemployed,... if she refuses to have sex with him,1.1,>25%
2199,Colombia,F,Marital status,Married or living together,... for at least one specific reason,3.3,>25%
2200,Colombia,F,Marital status,Never married,... for at least one specific reason,2.8,>25%
2201,Colombia,F,Marital status,"Widowed, divorced, separated",... for at least one specific reason,3,>25%
2202,Colombia,F,Marital status,Married or living together,... if she argues with him,1.2,>25%
2203,Colombia,F,Marital status,Never married,... if she argues with him,1.3,>25%
2204,Colombia,F,Marital status,"Widowed, divorced, separated",... if she argues with him,1.4,>25%
2205,Colombia,F,Marital status,Married or living together,... if she goes out without telling him,1.3,>25%
2206,Colombia,F,Marital status,Never married,... if she goes out without telling him,1.2,>25%
2207,Colombia,F,Marital status,"Widowed, divorced, separated",... if she goes out without telling him,1.3,>25%
2208,Colombia,F,Marital status,Married or living together,... if she neglects the children,2.7,>25%
2209,Colombia,F,Marital status,Never married,... if she neglects the children,1.9,>25%
2210,Colombia,F,Marital status,"Widowed, divorced, separated",... if she neglects the children,2.4,>25%
2211,Colombia,F,Marital status,Married or living together,... if she refuses to have sex with him,1,>25%
2212,Colombia,F,Marital status,Never married,... if she refuses to have sex with him,1.2,>25%
2213,Colombia,F,Marital status,"Widowed, divorced, separated",... if she refuses to have sex with him,1.3,>25%
2214,Colombia,F,Residence,Rural,... for at least one specific reason,5.8,>25%
2215,Colombia,F,Residence,Urban,... for at least one specific reason,2.4,>25%
2216,Colombia,F,Residence,Rural,... if she argues with him,1.6,>25%
2217,Colombia,F,Residence,Urban,... if she argues with him,1.2,>25%
2218,Colombia,F,Residence,Rural,... if she goes out without telling him,1.8,>25%
2219,Colombia,F,Residence,Urban,... if she goes out without telling him,1.1,>25%
2220,Colombia,F,Residence,Rural,... if she neglects the children,4.3,>25%
2221,Colombia,F,Residence,Urban,... if she neglects the children,1.9,>25%
2222,Colombia,F,Residence,Rural,... if she refuses to have sex with him,1.4,>25%
2223,Colombia,F,Residence,Urban,... if she refuses to have sex with him,1,>25%
2224,Colombia,M,Age,15-24,... for at least one specific reason,4.8,>25%
2225,Colombia,M,Age,25-34,... for at least one specific reason,3.7,>25%
2226,Colombia,M,Age,35-49,... for at least one specific reason,4,>25%
2227,Colombia,M,Age,15-24,... if she argues with him,1.7,>25%
2228,Colombia,M,Age,25-34,... if she argues with him,1.2,>25%
2229,Colombia,M,Age,35-49,... if she argues with him,1.3,>25%
2230,Colombia,M,Age,15-24,... if she goes out without telling him,1.7,>25%
2231,Colombia,M,Age,25-34,... if she goes out without telling him,1.3,>25%
2232,Colombia,M,Age,35-49,... if she goes out without telling him,1.3,>25%
2233,Colombia,M,Age,15-24,... if she neglects the children,3.5,>25%
2234,Colombia,M,Age,25-34,... if she neglects the children,2.8,>25%
2235,Colombia,M,Age,35-49,... if she neglects the children,2.7,>25%
2236,Colombia,M,Age,15-24,... if she refuses to have sex with him,1.6,>25%
2237,Colombia,M,Age,25-34,... if she refuses to have sex with him,1.1,>25%
2238,Colombia,M,Age,35-49,... if she refuses to have sex with him,1.2,>25%
2239,Colombia,M,Education,Higher,... for at least one specific reason,1.7,>25%
2240,Colombia,M,Education,No education,... for at least one specific reason,13.2,>25%
2241,Colombia,M,Education,Primary,... for at least one specific reason,7.5,>25%
2242,Colombia,M,Education,Secondary,... for at least one specific reason,4.1,>25%
2243,Colombia,M,Education,Higher,... if she argues with him,0.7,>25%
2244,Colombia,M,Education,No education,... if she argues with him,2.3,>25%
2245,Colombia,M,Education,Primary,... if she argues with him,2.3,>25%
2246,Colombia,M,Education,Secondary,... if she argues with him,1.5,>25%
2247,Colombia,M,Education,Higher,... if she goes out without telling him,0.8,>25%
2248,Colombia,M,Education,No education,... if she goes out without telling him,3.2,>25%
2249,Colombia,M,Education,Primary,... if she goes out without telling him,3,>25%
2250,Colombia,M,Education,Secondary,... if she goes out without telling him,1.2,>25%
2251,Colombia,M,Education,Higher,... if she neglects the children,1.2,>25%
2252,Colombia,M,Education,No education,... if she neglects the children,9.4,>25%
2253,Colombia,M,Education,Primary,... if she neglects the children,5.4,>25%
2254,Colombia,M,Education,Secondary,... if she neglects the children,2.9,>25%
2255,Colombia,M,Education,Higher,... if she refuses to have sex with him,0.7,>25%
2256,Colombia,M,Education,No education,... if she refuses to have sex with him,4.2,>25%
2257,Colombia,M,Education,Primary,... if she refuses to have sex with him,2.1,>25%
2258,Colombia,M,Education,Secondary,... if she refuses to have sex with him,1.3,>25%
2259,Colombia,M,Employment,Employed for cash,... for at least one specific reason,4.1,>25%
2260,Colombia,M,Employment,Employed for kind,... for at least one specific reason,7.5,>25%
2261,Colombia,M,Employment,Unemployed,... for at least one specific reason,4.2,>25%
2262,Colombia,M,Employment,Employed for cash,... if she argues with him,1.4,>25%
2263,Colombia,M,Employment,Employed for kind,... if she argues with him,2,>25%
2264,Colombia,M,Employment,Unemployed,... if she argues with him,1.7,>25%
2265,Colombia,M,Employment,Employed for cash,... if she goes out without telling him,1.4,>25%
2266,Colombia,M,Employment,Employed for kind,... if she goes out without telling him,2.3,>25%
2267,Colombia,M,Employment,Unemployed,... if she goes out without telling him,1.5,>25%
2268,Colombia,M,Employment,Employed for cash,... if she neglects the children,3,>25%
2269,Colombia,M,Employment,Employed for kind,... if she neglects the children,4.1,>25%
2270,Colombia,M,Employment,Unemployed,... if she neglects the children,2.8,>25%
2271,Colombia,M,Employment,Employed for cash,... if she refuses to have sex with him,1.2,>25%
2272,Colombia,M,Employment,Employed for kind,... if she refuses to have sex with him,3.3,>25%
2273,Colombia,M,Employment,Unemployed,... if she refuses to have sex with him,1.8,>25%
2274,Colombia,M,Marital status,Married or living together,... for at least one specific reason,4,>25%
2275,Colombia,M,Marital status,Never married,... for at least one specific reason,4.3,>25%
2276,Colombia,M,Marital status,"Widowed, divorced, separated",... for at least one specific reason,4.3,>25%
2277,Colombia,M,Marital status,Married or living together,... if she argues with him,1.3,>25%
2278,Colombia,M,Marital status,Never married,... if she argues with him,1.5,>25%
2279,Colombia,M,Marital status,"Widowed, divorced, separated",... if she argues with him,1.2,>25%
2280,Colombia,M,Marital status,Married or living together,... if she goes out without telling him,1.4,>25%
2281,Colombia,M,Marital status,Never married,... if she goes out without telling him,1.4,>25%
2282,Colombia,M,Marital status,"Widowed, divorced, separated",... if she goes out without telling him,1.5,>25%
2283,Colombia,M,Marital status,Married or living together,... if she neglects the children,3,>25%
2284,Colombia,M,Marital status,Never married,... if she neglects the children,2.9,>25%
2285,Colombia,M,Marital status,"Widowed, divorced, separated",... if she neglects the children,3.3,>25%
2286,Colombia,M,Marital status,Married or living together,... if she refuses to have sex with him,1.2,>25%
2287,Colombia,M,Marital status,Never married,... if she refuses to have sex with him,1.4,>25%
2288,Colombia,M,Marital status,"Widowed, divorced, separated",... if she refuses to have sex with him,1.2,>25%
2289,Colombia,M,Residence,Rural,... for at least one specific reason,6.8,>25%
2290,Colombia,M,Residence,Urban,... for at least one specific reason,3.4,>25%
2291,Colombia,M,Residence,Rural,... if she argues with him,2.2,>25%
2292,Colombia,M,Residence,Urban,... if she argues with him,1.2,>25%
2293,Colombia,M,Residence,Rural,... if she goes out without telling him,2.6,>25%
2294,Colombia,M,Residence,Urban,... if she goes out without telling him,1.1,>25%
2295,Colombia,M,Residence,Rural,... if she neglects the children,5,>25%
2296,Colombia,M,Residence,Urban,... if she neglects the children,2.4,>25%
2297,Colombia,M,Residence,Rural,... if she refuses to have sex with him,2.1,>25%
2298,Colombia,M,Residence,Urban,... if she refuses to have sex with him,1.1,>25%
2299,Comoros,F,Education,Higher,... if she burns the food,6.7,<10%
2300,Comoros,F,Residence,Urban,... if she burns the food,7.1,<10%
2301,Comoros,F,Age,35-49,... if she burns the food,10,<10%
2302,Comoros,F,Employment,Employed for cash,... if she burns the food,11.1,<10%
2303,Comoros,F,Marital status,"Widowed, divorced, separated",... if she burns the food,11.1,<10%
2304,Comoros,F,Age,25-34,... if she burns the food,11.6,<10%
2305,Comoros,F,Education,Secondary,... if she burns the food,11.6,<10%
2306,Comoros,F,Employment,Unemployed,... if she burns the food,12.1,<10%
2307,Comoros,F,Marital status,Married or living together,... if she burns the food,12.2,<10%
2308,Comoros,F,Education,Primary,... if she burns the food,13.7,<10%
2309,Comoros,F,Marital status,Never married,... if she burns the food,14,<10%
2310,Comoros,F,Age,15-24,... if she burns the food,15.1,<10%
2311,Comoros,F,Education,No education,... if she burns the food,15.3,<10%
2312,Comoros,F,Residence,Rural,... if she burns the food,15.5,<10%
2313,Comoros,F,Employment,Employed for kind,... if she burns the food,18.3,<10%
2314,Comoros,M,Education,Higher,... if she burns the food,0.8,<10%
2315,Comoros,M,Age,35-49,... if she burns the food,0.9,<10%
2316,Comoros,M,Employment,Unemployed,... if she burns the food,1.8,<10%
2317,Comoros,M,Marital status,Married or living together,... if she burns the food,2.2,<10%
2318,Comoros,M,Residence,Urban,... if she burns the food,2.3,<10%
2319,Comoros,M,Education,Secondary,... if she burns the food,2.5,<10%
2320,Comoros,M,Employment,Employed for cash,... if she burns the food,2.7,<10%
2321,Comoros,M,Age,25-34,... if she burns the food,2.9,<10%
2322,Comoros,M,Residence,Rural,... if she burns the food,3.5,<10%
2323,Comoros,M,Marital status,"Widowed, divorced, separated",... if she burns the food,3.6,<10%
2324,Comoros,M,Education,Primary,... if she burns the food,3.8,<10%
2325,Comoros,M,Marital status,Never married,... if she burns the food,4.1,<10%
2326,Comoros,M,Age,15-24,... if she burns the food,4.8,<10%
2327,Comoros,M,Education,No education,... if she burns the food,4.9,<10%
2328,Comoros,M,Employment,Employed for kind,... if she burns the food,5.5,<10%
2329,Comoros,F,Age,15-24,... for at least one specific reason,42.5,<10%
2330,Comoros,F,Age,25-34,... for at least one specific reason,36,<10%
2331,Comoros,F,Age,35-49,... for at least one specific reason,36.6,<10%
2332,Comoros,F,Age,15-24,... if she argues with him,18.1,<10%
2333,Comoros,F,Age,25-34,... if she argues with him,14.2,<10%
2334,Comoros,F,Age,35-49,... if she argues with him,13.4,<10%
2335,Comoros,F,Age,15-24,... if she goes out without telling him,30.6,<10%
2336,Comoros,F,Age,25-34,... if she goes out without telling him,26.4,<10%
2337,Comoros,F,Age,35-49,... if she goes out without telling him,27,<10%
2338,Comoros,F,Age,15-24,... if she neglects the children,32.9,<10%
2339,Comoros,F,Age,25-34,... if she neglects the children,27,<10%
2340,Comoros,F,Age,35-49,... if she neglects the children,27.7,<10%
2341,Comoros,F,Age,15-24,... if she refuses to have sex with him,20.6,<10%
2342,Comoros,F,Age,25-34,... if she refuses to have sex with him,19.9,<10%
2343,Comoros,F,Age,35-49,... if she refuses to have sex with him,19,<10%
2344,Comoros,F,Education,Higher,... for at least one specific reason,23.7,<10%
2345,Comoros,F,Education,No education,... for at least one specific reason,39.7,<10%
2346,Comoros,F,Education,Primary,... for at least one specific reason,41.8,<10%
2347,Comoros,F,Education,Secondary,... for at least one specific reason,40.7,<10%
2348,Comoros,F,Education,Higher,... if she argues with him,6.9,<10%
2349,Comoros,F,Education,No education,... if she argues with him,18.1,<10%
2350,Comoros,F,Education,Primary,... if she argues with him,15.3,<10%
2351,Comoros,F,Education,Secondary,... if she argues with him,16.1,<10%
2352,Comoros,F,Education,Higher,... if she goes out without telling him,16.1,<10%
2353,Comoros,F,Education,No education,... if she goes out without telling him,29.1,<10%
2354,Comoros,F,Education,Primary,... if she goes out without telling him,32.5,<10%
2355,Comoros,F,Education,Secondary,... if she goes out without telling him,28.7,<10%
2356,Comoros,F,Education,Higher,... if she neglects the children,17.6,<10%
2357,Comoros,F,Education,No education,... if she neglects the children,29.6,<10%
2358,Comoros,F,Education,Primary,... if she neglects the children,33.1,<10%
2359,Comoros,F,Education,Secondary,... if she neglects the children,31.2,<10%
2360,Comoros,F,Education,Higher,... if she refuses to have sex with him,12.9,<10%
2361,Comoros,F,Education,No education,... if she refuses to have sex with him,22.7,<10%
2362,Comoros,F,Education,Primary,... if she refuses to have sex with him,22.7,<10%
2363,Comoros,F,Education,Secondary,... if she refuses to have sex with him,18.3,<10%
2364,Comoros,F,Employment,Employed for cash,... for at least one specific reason,39.7,<10%
2365,Comoros,F,Employment,Employed for kind,... for at least one specific reason,49.7,<10%
2366,Comoros,F,Employment,Unemployed,... for at least one specific reason,36,<10%
2367,Comoros,F,Employment,Employed for cash,... if she argues with him,15.2,<10%
2368,Comoros,F,Employment,Employed for kind,... if she argues with him,17.2,<10%
2369,Comoros,F,Employment,Unemployed,... if she argues with him,15.5,<10%
2370,Comoros,F,Employment,Employed for cash,... if she goes out without telling him,30.1,<10%
2371,Comoros,F,Employment,Employed for kind,... if she goes out without telling him,34,<10%
2372,Comoros,F,Employment,Unemployed,... if she goes out without telling him,26.1,<10%
2373,Comoros,F,Employment,Employed for cash,... if she neglects the children,30.9,<10%
2374,Comoros,F,Employment,Employed for kind,... if she neglects the children,37.5,<10%
2375,Comoros,F,Employment,Unemployed,... if she neglects the children,27.2,<10%
2376,Comoros,F,Employment,Employed for cash,... if she refuses to have sex with him,20.7,<10%
2377,Comoros,F,Employment,Employed for kind,... if she refuses to have sex with him,27.5,<10%
2378,Comoros,F,Employment,Unemployed,... if she refuses to have sex with him,17.8,<10%
2379,Comoros,F,Marital status,Married or living together,... for at least one specific reason,38.7,<10%
2380,Comoros,F,Marital status,Never married,... for at least one specific reason,40.5,<10%
2381,Comoros,F,Marital status,"Widowed, divorced, separated",... for at least one specific reason,34.1,<10%
2382,Comoros,F,Marital status,Married or living together,... if she argues with him,15,<10%
2383,Comoros,F,Marital status,Never married,... if she argues with him,17.2,<10%
2384,Comoros,F,Marital status,"Widowed, divorced, separated",... if she argues with him,14.3,<10%
2385,Comoros,F,Marital status,Married or living together,... if she goes out without telling him,28.1,<10%
2386,Comoros,F,Marital status,Never married,... if she goes out without telling him,29.1,<10%
2387,Comoros,F,Marital status,"Widowed, divorced, separated",... if she goes out without telling him,27.1,<10%
2388,Comoros,F,Marital status,Married or living together,... if she neglects the children,29.2,<10%
2389,Comoros,F,Marital status,Never married,... if she neglects the children,31.2,<10%
2390,Comoros,F,Marital status,"Widowed, divorced, separated",... if she neglects the children,26.9,<10%
2391,Comoros,F,Marital status,Married or living together,... if she refuses to have sex with him,20.6,<10%
2392,Comoros,F,Marital status,Never married,... if she refuses to have sex with him,19.3,<10%
2393,Comoros,F,Marital status,"Widowed, divorced, separated",... if she refuses to have sex with him,17.8,<10%
2394,Comoros,F,Residence,Rural,... for at least one specific reason,43.3,<10%
2395,Comoros,F,Residence,Urban,... for at least one specific reason,30.3,<10%
2396,Comoros,F,Residence,Rural,... if she argues with him,18,<10%
2397,Comoros,F,Residence,Urban,... if she argues with him,11,<10%
2398,Comoros,F,Residence,Rural,... if she goes out without telling him,31.3,<10%
2399,Comoros,F,Residence,Urban,... if she goes out without telling him,22.5,<10%
2400,Comoros,F,Residence,Rural,... if she neglects the children,32.7,<10%
2401,Comoros,F,Residence,Urban,... if she neglects the children,23.8,<10%
2402,Comoros,F,Residence,Rural,... if she refuses to have sex with him,23.4,<10%
2403,Comoros,F,Residence,Urban,... if she refuses to have sex with him,13.1,<10%
2404,Comoros,M,Age,15-24,... for at least one specific reason,26,<10%
2405,Comoros,M,Age,25-34,... for at least one specific reason,14.1,<10%
2406,Comoros,M,Age,35-49,... for at least one specific reason,8.4,<10%
2407,Comoros,M,Age,15-24,... if she argues with him,11.9,<10%
2408,Comoros,M,Age,25-34,... if she argues with him,4.8,<10%
2409,Comoros,M,Age,35-49,... if she argues with him,1.6,<10%
2410,Comoros,M,Age,15-24,... if she goes out without telling him,10.8,<10%
2411,Comoros,M,Age,25-34,... if she goes out without telling him,5.4,<10%
2412,Comoros,M,Age,35-49,... if she goes out without telling him,3.3,<10%
2413,Comoros,M,Age,15-24,... if she neglects the children,12.8,<10%
2414,Comoros,M,Age,25-34,... if she neglects the children,4.6,<10%
2415,Comoros,M,Age,35-49,... if she neglects the children,4.4,<10%
2416,Comoros,M,Age,15-24,... if she refuses to have sex with him,10.1,<10%
2417,Comoros,M,Age,25-34,... if she refuses to have sex with him,9.5,<10%
2418,Comoros,M,Age,35-49,... if she refuses to have sex with him,3.8,<10%
2419,Comoros,M,Education,Higher,... for at least one specific reason,6.8,<10%
2420,Comoros,M,Education,No education,... for at least one specific reason,18.7,<10%
2421,Comoros,M,Education,Primary,... for at least one specific reason,18.1,<10%
2422,Comoros,M,Education,Secondary,... for at least one specific reason,19.1,<10%
2423,Comoros,M,Education,Higher,... if she argues with him,1.4,<10%
2424,Comoros,M,Education,No education,... if she argues with him,6.7,<10%
2425,Comoros,M,Education,Primary,... if she argues with him,7.1,<10%
2426,Comoros,M,Education,Secondary,... if she argues with him,8,<10%
2427,Comoros,M,Education,Higher,... if she goes out without telling him,2.7,<10%
2428,Comoros,M,Education,No education,... if she goes out without telling him,10.1,<10%
2429,Comoros,M,Education,Primary,... if she goes out without telling him,6.8,<10%
2430,Comoros,M,Education,Secondary,... if she goes out without telling him,7.1,<10%
2431,Comoros,M,Education,Higher,... if she neglects the children,3.5,<10%
2432,Comoros,M,Education,No education,... if she neglects the children,6.6,<10%
2433,Comoros,M,Education,Primary,... if she neglects the children,8.1,<10%
2434,Comoros,M,Education,Secondary,... if she neglects the children,9.6,<10%
2435,Comoros,M,Education,Higher,... if she refuses to have sex with him,2,<10%
2436,Comoros,M,Education,No education,... if she refuses to have sex with him,10.9,<10%
2437,Comoros,M,Education,Primary,... if she refuses to have sex with him,7.9,<10%
2438,Comoros,M,Education,Secondary,... if she refuses to have sex with him,8.7,<10%
2439,Comoros,M,Employment,Employed for cash,... for at least one specific reason,12.3,<10%
2440,Comoros,M,Employment,Employed for kind,... for at least one specific reason,23.8,<10%
2441,Comoros,M,Employment,Unemployed,... for at least one specific reason,22.7,<10%
2442,Comoros,M,Employment,Employed for cash,... if she argues with him,3.2,<10%
2443,Comoros,M,Employment,Employed for kind,... if she argues with him,11.3,<10%
2444,Comoros,M,Employment,Unemployed,... if she argues with him,10.9,<10%
2445,Comoros,M,Employment,Employed for cash,... if she goes out without telling him,5,<10%
2446,Comoros,M,Employment,Employed for kind,... if she goes out without telling him,11.5,<10%
2447,Comoros,M,Employment,Unemployed,... if she goes out without telling him,7.1,<10%
2448,Comoros,M,Employment,Employed for cash,... if she neglects the children,5.3,<10%
2449,Comoros,M,Employment,Employed for kind,... if she neglects the children,12,<10%
2450,Comoros,M,Employment,Unemployed,... if she neglects the children,10.3,<10%
2451,Comoros,M,Employment,Employed for cash,... if she refuses to have sex with him,6.8,<10%
2452,Comoros,M,Employment,Employed for kind,... if she refuses to have sex with him,8.2,<10%
2453,Comoros,M,Employment,Unemployed,... if she refuses to have sex with him,10.4,<10%
2454,Comoros,M,Marital status,Married or living together,... for at least one specific reason,10.5,<10%
2455,Comoros,M,Marital status,Never married,... for at least one specific reason,25.4,<10%
2456,Comoros,M,Marital status,"Widowed, divorced, separated",... for at least one specific reason,20.3,<10%
2457,Comoros,M,Marital status,Married or living together,... if she argues with him,4,<10%
2458,Comoros,M,Marital status,Never married,... if she argues with him,10.5,<10%
2459,Comoros,M,Marital status,"Widowed, divorced, separated",... if she argues with him,4.3,<10%
2460,Comoros,M,Marital status,Married or living together,... if she goes out without telling him,4.2,<10%
2461,Comoros,M,Marital status,Never married,... if she goes out without telling him,10.7,<10%
2462,Comoros,M,Marital status,"Widowed, divorced, separated",... if she goes out without telling him,4.8,<10%
2463,Comoros,M,Marital status,Married or living together,... if she neglects the children,5.6,<10%
2464,Comoros,M,Marital status,Never married,... if she neglects the children,10.9,<10%
2465,Comoros,M,Marital status,"Widowed, divorced, separated",... if she neglects the children,7.7,<10%
2466,Comoros,M,Marital status,Married or living together,... if she refuses to have sex with him,4.8,<10%
2467,Comoros,M,Marital status,Never married,... if she refuses to have sex with him,11.7,<10%
2468,Comoros,M,Marital status,"Widowed, divorced, separated",... if she refuses to have sex with him,11,<10%
2469,Comoros,M,Residence,Rural,... for at least one specific reason,18.9,<10%
2470,Comoros,M,Residence,Urban,... for at least one specific reason,14.3,<10%
2471,Comoros,M,Residence,Rural,... if she argues with him,7.7,<10%
2472,Comoros,M,Residence,Urban,... if she argues with him,5.1,<10%
2473,Comoros,M,Residence,Rural,... if she goes out without telling him,7.8,<10%
2474,Comoros,M,Residence,Urban,... if she goes out without telling him,5.5,<10%
2475,Comoros,M,Residence,Rural,... if she neglects the children,9.3,<10%
2476,Comoros,M,Residence,Urban,... if she neglects the children,5.5,<10%
2477,Comoros,M,Residence,Rural,... if she refuses to have sex with him,8.3,<10%
2478,Comoros,M,Residence,Urban,... if she refuses to have sex with him,7.5,<10%
2479,Congo,F,Age,15-24,... for at least one specific reason,64,<10%
2480,Congo,F,Age,25-34,... for at least one specific reason,58.9,<10%
2481,Congo,F,Age,35-49,... for at least one specific reason,58,<10%
2482,Congo,F,Age,15-24,... if she goes out without telling him,42.8,<10%
2483,Congo,F,Age,25-34,... if she goes out without telling him,39.9,<10%
2484,Congo,F,Age,35-49,... if she goes out without telling him,39.2,<10%
2485,Congo,F,Age,15-24,... if she neglects the children,50.9,<10%
2486,Congo,F,Age,25-34,... if she neglects the children,44.9,<10%
2487,Congo,F,Age,35-49,... if she neglects the children,43.3,<10%
2488,Congo,F,Age,15-24,... if she refuses to have sex with him,24.9,<10%
2489,Congo,F,Age,25-34,... if she refuses to have sex with him,25.9,<10%
2490,Congo,F,Age,35-49,... if she refuses to have sex with him,28.9,<10%
2491,Congo,F,Education,Higher,... for at least one specific reason,48.5,<10%
2492,Congo,F,Education,No education,... for at least one specific reason,59.5,<10%
2493,Congo,F,Education,Primary,... for at least one specific reason,61.2,<10%
2494,Congo,F,Education,Secondary,... for at least one specific reason,61.5,<10%
2495,Congo,F,Education,Higher,... if she goes out without telling him,22.5,<10%
2496,Congo,F,Education,No education,... if she goes out without telling him,41.2,<10%
2497,Congo,F,Education,Primary,... if she goes out without telling him,44.1,<10%
2498,Congo,F,Education,Secondary,... if she goes out without telling him,41.1,<10%
2499,Congo,F,Education,Higher,... if she neglects the children,38.3,<10%
2500,Congo,F,Education,No education,... if she neglects the children,44.2,<10%
2501,Congo,F,Education,Primary,... if she neglects the children,47.6,<10%
2502,Congo,F,Education,Secondary,... if she neglects the children,47.4,<10%
2503,Congo,F,Education,Higher,... if she refuses to have sex with him,14.4,<10%
2504,Congo,F,Education,No education,... if she refuses to have sex with him,35.1,<10%
2505,Congo,F,Education,Primary,... if she refuses to have sex with him,31.4,<10%
2506,Congo,F,Education,Secondary,... if she refuses to have sex with him,24.6,<10%
2507,Congo,F,Employment,Employed for cash,... for at least one specific reason,59.9,<10%
2508,Congo,F,Employment,Employed for kind,... for at least one specific reason,68.9,<10%
2509,Congo,F,Employment,Unemployed,... for at least one specific reason,60.5,<10%
2510,Congo,F,Employment,Employed for cash,... if she goes out without telling him,40.8,<10%
2511,Congo,F,Employment,Employed for kind,... if she goes out without telling him,50,<10%
2512,Congo,F,Employment,Unemployed,... if she goes out without telling him,39.1,<10%
2513,Congo,F,Employment,Employed for cash,... if she neglects the children,46.3,<10%
2514,Congo,F,Employment,Employed for kind,... if she neglects the children,52.8,<10%
2515,Congo,F,Employment,Unemployed,... if she neglects the children,46.5,<10%
2516,Congo,F,Employment,Employed for cash,... if she refuses to have sex with him,27.3,<10%
2517,Congo,F,Employment,Employed for kind,... if she refuses to have sex with him,32.1,<10%
2518,Congo,F,Employment,Unemployed,... if she refuses to have sex with him,23.4,<10%
2519,Congo,F,Marital status,Married or living together,... for at least one specific reason,60.6,<10%
2520,Congo,F,Marital status,Never married,... for at least one specific reason,60.5,<10%
2521,Congo,F,Marital status,"Widowed, divorced, separated",... for at least one specific reason,61,<10%
2522,Congo,F,Marital status,Married or living together,... if she goes out without telling him,41.1,<10%
2523,Congo,F,Marital status,Never married,... if she goes out without telling him,39.2,<10%
2524,Congo,F,Marital status,"Widowed, divorced, separated",... if she goes out without telling him,42.7,<10%
2525,Congo,F,Marital status,Married or living together,... if she neglects the children,46.6,<10%
2526,Congo,F,Marital status,Never married,... if she neglects the children,47.7,<10%
2527,Congo,F,Marital status,"Widowed, divorced, separated",... if she neglects the children,45.8,<10%
2528,Congo,F,Marital status,Married or living together,... if she refuses to have sex with him,28.2,<10%
2529,Congo,F,Marital status,Never married,... if she refuses to have sex with him,20.7,<10%
2530,Congo,F,Marital status,"Widowed, divorced, separated",... if she refuses to have sex with him,28.5,<10%
2531,Congo,F,Residence,Rural,... for at least one specific reason,60.9,<10%
2532,Congo,F,Residence,Urban,... for at least one specific reason,60.6,<10%
2533,Congo,F,Residence,Rural,... if she goes out without telling him,42.3,<10%
2534,Congo,F,Residence,Urban,... if she goes out without telling him,40.2,<10%
2535,Congo,F,Residence,Rural,... if she neglects the children,46.9,<10%
2536,Congo,F,Residence,Urban,... if she neglects the children,46.7,<10%
2537,Congo,F,Residence,Rural,... if she refuses to have sex with him,33.3,<10%
2538,Congo,F,Residence,Urban,... if she refuses to have sex with him,23.1,<10%
2539,Congo,M,Age,15-24,... for at least one specific reason,48.9,<10%
2540,Congo,M,Age,25-34,... for at least one specific reason,42.9,<10%
2541,Congo,M,Age,35-49,... for at least one specific reason,36.2,<10%
2542,Congo,M,Age,15-24,... if she goes out without telling him,24.1,<10%
2543,Congo,M,Age,25-34,... if she goes out without telling him,21.2,<10%
2544,Congo,M,Age,35-49,... if she goes out without telling him,21.1,<10%
2545,Congo,M,Age,15-24,... if she neglects the children,35.8,<10%
2546,Congo,M,Age,25-34,... if she neglects the children,32.2,<10%
2547,Congo,M,Age,35-49,... if she neglects the children,25.1,<10%
2548,Congo,M,Age,15-24,... if she refuses to have sex with him,15.1,<10%
2549,Congo,M,Age,25-34,... if she refuses to have sex with him,14.1,<10%
2550,Congo,M,Age,35-49,... if she refuses to have sex with him,10.2,<10%
2551,Congo,M,Education,Higher,... for at least one specific reason,29.4,<10%
2552,Congo,M,Education,No education,... for at least one specific reason,32.3,<10%
2553,Congo,M,Education,Primary,... for at least one specific reason,44.6,<10%
2554,Congo,M,Education,Secondary,... for at least one specific reason,45.3,<10%
2555,Congo,M,Education,Higher,... if she goes out without telling him,13.9,<10%
2556,Congo,M,Education,No education,... if she goes out without telling him,18.8,<10%
2557,Congo,M,Education,Primary,... if she goes out without telling him,22.5,<10%
2558,Congo,M,Education,Secondary,... if she goes out without telling him,23.8,<10%
2559,Congo,M,Education,Higher,... if she neglects the children,21.2,<10%
2560,Congo,M,Education,No education,... if she neglects the children,24.5,<10%
2561,Congo,M,Education,Primary,... if she neglects the children,32.3,<10%
2562,Congo,M,Education,Secondary,... if she neglects the children,32.9,<10%
2563,Congo,M,Education,Higher,... if she refuses to have sex with him,11.8,<10%
2564,Congo,M,Education,No education,... if she refuses to have sex with him,9.3,<10%
2565,Congo,M,Education,Primary,... if she refuses to have sex with him,18,<10%
2566,Congo,M,Education,Secondary,... if she refuses to have sex with him,12.4,<10%
2567,Congo,M,Employment,Employed for cash,... for at least one specific reason,41.9,<10%
2568,Congo,M,Employment,Employed for kind,... for at least one specific reason,29.6,<10%
2569,Congo,M,Employment,Unemployed,... for at least one specific reason,49.6,<10%
2570,Congo,M,Employment,Employed for cash,... if she goes out without telling him,21.7,<10%
2571,Congo,M,Employment,Employed for kind,... if she goes out without telling him,15.4,<10%
2572,Congo,M,Employment,Unemployed,... if she goes out without telling him,25.7,<10%
2573,Congo,M,Employment,Employed for cash,... if she neglects the children,30.4,<10%
2574,Congo,M,Employment,Employed for kind,... if she neglects the children,18.8,<10%
2575,Congo,M,Employment,Unemployed,... if she neglects the children,36.7,<10%
2576,Congo,M,Employment,Employed for cash,... if she refuses to have sex with him,12.8,<10%
2577,Congo,M,Employment,Employed for kind,... if she refuses to have sex with him,7.8,<10%
2578,Congo,M,Employment,Unemployed,... if she refuses to have sex with him,15.8,<10%
2579,Congo,M,Marital status,Married or living together,... for at least one specific reason,40,<10%
2580,Congo,M,Marital status,Never married,... for at least one specific reason,46.1,<10%
2581,Congo,M,Marital status,"Widowed, divorced, separated",... for at least one specific reason,42.3,<10%
2582,Congo,M,Marital status,Married or living together,... if she goes out without telling him,22.8,<10%
2583,Congo,M,Marital status,Never married,... if she goes out without telling him,21.4,<10%
2584,Congo,M,Marital status,"Widowed, divorced, separated",... if she goes out without telling him,23.2,<10%
2585,Congo,M,Marital status,Married or living together,... if she neglects the children,28.7,<10%
2586,Congo,M,Marital status,Never married,... if she neglects the children,33,<10%
2587,Congo,M,Marital status,"Widowed, divorced, separated",... if she neglects the children,35.8,<10%
2588,Congo,M,Marital status,Married or living together,... if she refuses to have sex with him,11.7,<10%
2589,Congo,M,Marital status,Never married,... if she refuses to have sex with him,14.8,<10%
2590,Congo,M,Marital status,"Widowed, divorced, separated",... if she refuses to have sex with him,12.9,<10%
2591,Congo,M,Residence,Rural,... for at least one specific reason,43.1,<10%
2592,Congo,M,Residence,Urban,... for at least one specific reason,42.7,<10%
2593,Congo,M,Residence,Rural,... if she goes out without telling him,25.1,<10%
2594,Congo,M,Residence,Urban,... if she goes out without telling him,21,<10%
2595,Congo,M,Residence,Rural,... if she neglects the children,29.8,<10%
2596,Congo,M,Residence,Urban,... if she neglects the children,31.7,<10%
2597,Congo,M,Residence,Rural,... if she refuses to have sex with him,16.8,<10%
2598,Congo,M,Residence,Urban,... if she refuses to have sex with him,11.6,<10%
2599,Congo Democratic Republic,F,Education,Higher,... if she burns the food,6.1,<10%
2600,Congo Democratic Republic,F,Residence,Urban,... if she burns the food,20.8,<10%
2601,Congo Democratic Republic,F,Employment,Employed for kind,... if she burns the food,21.2,<10%
2602,Congo Democratic Republic,F,Age,35-49,... if she burns the food,22.5,<10%
2603,Congo Democratic Republic,F,Education,Secondary,... if she burns the food,22.5,<10%
2604,Congo Democratic Republic,F,Employment,Unemployed,... if she burns the food,22.9,<10%
2605,Congo Democratic Republic,F,Marital status,Never married,... if she burns the food,23.5,<10%
2606,Congo Democratic Republic,F,Age,25-34,... if she burns the food,23.9,<10%
2607,Congo Democratic Republic,F,Education,No education,... if she burns the food,24.1,<10%
2608,Congo Democratic Republic,F,Marital status,"Widowed, divorced, separated",... if she burns the food,24.5,<10%
2609,Congo Democratic Republic,F,Marital status,Married or living together,... if she burns the food,24.7,<10%
2610,Congo Democratic Republic,F,Employment,Employed for cash,... if she burns the food,25.7,<10%
2611,Congo Democratic Republic,F,Age,15-24,... if she burns the food,25.9,<10%
2612,Congo Democratic Republic,F,Residence,Rural,... if she burns the food,26.6,<10%
2613,Congo Democratic Republic,F,Education,Primary,... if she burns the food,28.5,<10%
2614,Congo Democratic Republic,M,Education,Higher,... if she burns the food,3.3,<10%
2615,Congo Democratic Republic,M,Age,35-49,... if she burns the food,10.7,<10%
2616,Congo Democratic Republic,M,Residence,Urban,... if she burns the food,11.7,<10%
2617,Congo Democratic Republic,M,Employment,Employed for kind,... if she burns the food,12.3,<10%
2618,Congo Democratic Republic,M,Marital status,Married or living together,... if she burns the food,12.3,<10%
2619,Congo Democratic Republic,M,Age,25-34,... if she burns the food,13.2,<10%
2620,Congo Democratic Republic,M,Employment,Employed for cash,... if she burns the food,14.2,<10%
2621,Congo Democratic Republic,M,Marital status,"Widowed, divorced, separated",... if she burns the food,14.8,<10%
2622,Congo Democratic Republic,M,Education,No education,... if she burns the food,15.6,<10%
2623,Congo Democratic Republic,M,Education,Secondary,... if she burns the food,16,<10%
2624,Congo Democratic Republic,M,Education,Primary,... if she burns the food,17.2,<10%
2625,Congo Democratic Republic,M,Residence,Rural,... if she burns the food,17.2,<10%
2626,Congo Democratic Republic,M,Marital status,Never married,... if she burns the food,18.8,<10%
2627,Congo Democratic Republic,M,Age,15-24,... if she burns the food,19.8,<10%
2628,Congo Democratic Republic,M,Employment,Unemployed,... if she burns the food,19.9,<10%
2629,Congo Democratic Republic,F,Age,15-24,... for at least one specific reason,76.3,<10%
2630,Congo Democratic Republic,F,Age,25-34,... for at least one specific reason,75.2,<10%
2631,Congo Democratic Republic,F,Age,35-49,... for at least one specific reason,71.8,<10%
2632,Congo Democratic Republic,F,Age,15-24,... if she argues with him,59.7,<10%
2633,Congo Democratic Republic,F,Age,25-34,... if she argues with him,57.9,<10%
2634,Congo Democratic Republic,F,Age,35-49,... if she argues with him,54.3,<10%
2635,Congo Democratic Republic,F,Age,15-24,... if she goes out without telling him,49.6,<10%
2636,Congo Democratic Republic,F,Age,25-34,... if she goes out without telling him,50.5,<10%
2637,Congo Democratic Republic,F,Age,35-49,... if she goes out without telling him,46.5,<10%
2638,Congo Democratic Republic,F,Age,15-24,... if she neglects the children,52.6,<10%
2639,Congo Democratic Republic,F,Age,25-34,... if she neglects the children,51.7,<10%
2640,Congo Democratic Republic,F,Age,35-49,... if she neglects the children,49.2,<10%
2641,Congo Democratic Republic,F,Age,15-24,... if she refuses to have sex with him,40.8,<10%
2642,Congo Democratic Republic,F,Age,25-34,... if she refuses to have sex with him,46.1,<10%
2643,Congo Democratic Republic,F,Age,35-49,... if she refuses to have sex with him,44.4,<10%
2644,Congo Democratic Republic,F,Education,Higher,... for at least one specific reason,49.8,<10%
2645,Congo Democratic Republic,F,Education,No education,... for at least one specific reason,75.4,<10%
2646,Congo Democratic Republic,F,Education,Primary,... for at least one specific reason,76.2,<10%
2647,Congo Democratic Republic,F,Education,Secondary,... for at least one specific reason,75.4,<10%
2648,Congo Democratic Republic,F,Education,Higher,... if she argues with him,33.1,<10%
2649,Congo Democratic Republic,F,Education,No education,... if she argues with him,58.7,<10%
2650,Congo Democratic Republic,F,Education,Primary,... if she argues with him,59.7,<10%
2651,Congo Democratic Republic,F,Education,Secondary,... if she argues with him,57.6,<10%
2652,Congo Democratic Republic,F,Education,Higher,... if she goes out without telling him,22.6,<10%
2653,Congo Democratic Republic,F,Education,No education,... if she goes out without telling him,49.7,<10%
2654,Congo Democratic Republic,F,Education,Primary,... if she goes out without telling him,51.8,<10%
2655,Congo Democratic Republic,F,Education,Secondary,... if she goes out without telling him,48.8,<10%
2656,Congo Democratic Republic,F,Education,Higher,... if she neglects the children,33.3,<10%
2657,Congo Democratic Republic,F,Education,No education,... if she neglects the children,50.2,<10%
2658,Congo Democratic Republic,F,Education,Primary,... if she neglects the children,51.6,<10%
2659,Congo Democratic Republic,F,Education,Secondary,... if she neglects the children,53.2,<10%
2660,Congo Democratic Republic,F,Education,Higher,... if she refuses to have sex with him,18.4,<10%
2661,Congo Democratic Republic,F,Education,No education,... if she refuses to have sex with him,50.7,<10%
2662,Congo Democratic Republic,F,Education,Primary,... if she refuses to have sex with him,49.3,<10%
2663,Congo Democratic Republic,F,Education,Secondary,... if she refuses to have sex with him,38.1,<10%
2664,Congo Democratic Republic,F,Employment,Employed for cash,... for at least one specific reason,77.1,<10%
2665,Congo Democratic Republic,F,Employment,Employed for kind,... for at least one specific reason,69.6,<10%
2666,Congo Democratic Republic,F,Employment,Unemployed,... for at least one specific reason,72,<10%
2667,Congo Democratic Republic,F,Employment,Employed for cash,... if she argues with him,60.2,<10%
2668,Congo Democratic Republic,F,Employment,Employed for kind,... if she argues with him,52.1,<10%
2669,Congo Democratic Republic,F,Employment,Unemployed,... if she argues with him,54.6,<10%
2670,Congo Democratic Republic,F,Employment,Employed for cash,... if she goes out without telling him,51.4,<10%
2671,Congo Democratic Republic,F,Employment,Employed for kind,... if she goes out without telling him,43.2,<10%
2672,Congo Democratic Republic,F,Employment,Unemployed,... if she goes out without telling him,46.7,<10%
2673,Congo Democratic Republic,F,Employment,Employed for cash,... if she neglects the children,54.2,<10%
2674,Congo Democratic Republic,F,Employment,Employed for kind,... if she neglects the children,40.6,<10%
2675,Congo Democratic Republic,F,Employment,Unemployed,... if she neglects the children,49.9,<10%
2676,Congo Democratic Republic,F,Employment,Employed for cash,... if she refuses to have sex with him,46.1,<10%
2677,Congo Democratic Republic,F,Employment,Employed for kind,... if she refuses to have sex with him,44.3,<10%
2678,Congo Democratic Republic,F,Employment,Unemployed,... if she refuses to have sex with him,37.4,<10%
2679,Congo Democratic Republic,F,Marital status,Married or living together,... for at least one specific reason,76.1,<10%
2680,Congo Democratic Republic,F,Marital status,Never married,... for at least one specific reason,72.1,<10%
2681,Congo Democratic Republic,F,Marital status,"Widowed, divorced, separated",... for at least one specific reason,72.7,<10%
2682,Congo Democratic Republic,F,Marital status,Married or living together,... if she argues with him,59.4,<10%
2683,Congo Democratic Republic,F,Marital status,Never married,... if she argues with him,54.5,<10%
2684,Congo Democratic Republic,F,Marital status,"Widowed, divorced, separated",... if she argues with him,54.9,<10%
2685,Congo Democratic Republic,F,Marital status,Married or living together,... if she goes out without telling him,51.2,<10%
2686,Congo Democratic Republic,F,Marital status,Never married,... if she goes out without telling him,44.4,<10%
2687,Congo Democratic Republic,F,Marital status,"Widowed, divorced, separated",... if she goes out without telling him,47.4,<10%
2688,Congo Democratic Republic,F,Marital status,Married or living together,... if she neglects the children,51.9,<10%
2689,Congo Democratic Republic,F,Marital status,Never married,... if she neglects the children,50.5,<10%
2690,Congo Democratic Republic,F,Marital status,"Widowed, divorced, separated",... if she neglects the children,50.9,<10%
2691,Congo Democratic Republic,F,Marital status,Married or living together,... if she refuses to have sex with him,47,<10%
2692,Congo Democratic Republic,F,Marital status,Never married,... if she refuses to have sex with him,33.6,<10%
2693,Congo Democratic Republic,F,Marital status,"Widowed, divorced, separated",... if she refuses to have sex with him,46.5,<10%
2694,Congo Democratic Republic,F,Residence,Rural,... for at least one specific reason,75.7,<10%
2695,Congo Democratic Republic,F,Residence,Urban,... for at least one specific reason,73.2,<10%
2696,Congo Democratic Republic,F,Residence,Rural,... if she argues with him,60,<10%
2697,Congo Democratic Republic,F,Residence,Urban,... if she argues with him,54,<10%
2698,Congo Democratic Republic,F,Residence,Rural,... if she goes out without telling him,51.6,<10%
2699,Congo Democratic Republic,F,Residence,Urban,... if she goes out without telling him,45.1,<10%
2700,Congo Democratic Republic,F,Residence,Rural,... if she neglects the children,51.4,<10%
2701,Congo Democratic Republic,F,Residence,Urban,... if she neglects the children,51.5,<10%
2702,Congo Democratic Republic,F,Residence,Rural,... if she refuses to have sex with him,48.4,<10%
2703,Congo Democratic Republic,F,Residence,Urban,... if she refuses to have sex with him,35.6,<10%
2704,Congo Democratic Republic,M,Age,15-24,... for at least one specific reason,67.6,<10%
2705,Congo Democratic Republic,M,Age,25-34,... for at least one specific reason,60.8,<10%
2706,Congo Democratic Republic,M,Age,35-49,... for at least one specific reason,52.2,<10%
2707,Congo Democratic Republic,M,Age,15-24,... if she argues with him,47.2,<10%
2708,Congo Democratic Republic,M,Age,25-34,... if she argues with him,42.6,<10%
2709,Congo Democratic Republic,M,Age,35-49,... if she argues with him,35.1,<10%
2710,Congo Democratic Republic,M,Age,15-24,... if she goes out without telling him,38.1,<10%
2711,Congo Democratic Republic,M,Age,25-34,... if she goes out without telling him,32.6,<10%
2712,Congo Democratic Republic,M,Age,35-49,... if she goes out without telling him,25.1,<10%
2713,Congo Democratic Republic,M,Age,15-24,... if she neglects the children,45.4,<10%
2714,Congo Democratic Republic,M,Age,25-34,... if she neglects the children,40.7,<10%
2715,Congo Democratic Republic,M,Age,35-49,... if she neglects the children,32.5,<10%
2716,Congo Democratic Republic,M,Age,15-24,... if she refuses to have sex with him,26.6,<10%
2717,Congo Democratic Republic,M,Age,25-34,... if she refuses to have sex with him,21.4,<10%
2718,Congo Democratic Republic,M,Age,35-49,... if she refuses to have sex with him,20.8,<10%
2719,Congo Democratic Republic,M,Education,Higher,... for at least one specific reason,41.7,<10%
2720,Congo Democratic Republic,M,Education,No education,... for at least one specific reason,63.9,<10%
2721,Congo Democratic Republic,M,Education,Primary,... for at least one specific reason,64.9,<10%
2722,Congo Democratic Republic,M,Education,Secondary,... for at least one specific reason,62.1,<10%
2723,Congo Democratic Republic,M,Education,Higher,... if she argues with him,25.3,<10%
2724,Congo Democratic Republic,M,Education,No education,... if she argues with him,42,<10%
2725,Congo Democratic Republic,M,Education,Primary,... if she argues with him,46.3,<10%
2726,Congo Democratic Republic,M,Education,Secondary,... if she argues with him,43.1,<10%
2727,Congo Democratic Republic,M,Education,Higher,... if she goes out without telling him,16.6,<10%
2728,Congo Democratic Republic,M,Education,No education,... if she goes out without telling him,32.9,<10%
2729,Congo Democratic Republic,M,Education,Primary,... if she goes out without telling him,37.1,<10%
2730,Congo Democratic Republic,M,Education,Secondary,... if she goes out without telling him,33.2,<10%
2731,Congo Democratic Republic,M,Education,Higher,... if she neglects the children,23.7,<10%
2732,Congo Democratic Republic,M,Education,No education,... if she neglects the children,42.5,<10%
2733,Congo Democratic Republic,M,Education,Primary,... if she neglects the children,41.3,<10%
2734,Congo Democratic Republic,M,Education,Secondary,... if she neglects the children,41.8,<10%
2735,Congo Democratic Republic,M,Education,Higher,... if she refuses to have sex with him,6.7,<10%
2736,Congo Democratic Republic,M,Education,No education,... if she refuses to have sex with him,30.8,<10%
2737,Congo Democratic Republic,M,Education,Primary,... if she refuses to have sex with him,29.7,<10%
2738,Congo Democratic Republic,M,Education,Secondary,... if she refuses to have sex with him,23,<10%
2739,Congo Democratic Republic,M,Employment,Employed for cash,... for at least one specific reason,59.6,<10%
2740,Congo Democratic Republic,M,Employment,Employed for kind,... for at least one specific reason,57.6,<10%
2741,Congo Democratic Republic,M,Employment,Unemployed,... for at least one specific reason,67.8,<10%
2742,Congo Democratic Republic,M,Employment,Employed for cash,... if she argues with him,42,<10%
2743,Congo Democratic Republic,M,Employment,Employed for kind,... if she argues with him,36.1,<10%
2744,Congo Democratic Republic,M,Employment,Unemployed,... if she argues with him,45.6,<10%
2745,Congo Democratic Republic,M,Employment,Employed for cash,... if she goes out without telling him,31.6,<10%
2746,Congo Democratic Republic,M,Employment,Employed for kind,... if she goes out without telling him,30,<10%
2747,Congo Democratic Republic,M,Employment,Unemployed,... if she goes out without telling him,37.4,<10%
2748,Congo Democratic Republic,M,Employment,Employed for cash,... if she neglects the children,38.9,<10%
2749,Congo Democratic Republic,M,Employment,Employed for kind,... if she neglects the children,36.5,<10%
2750,Congo Democratic Republic,M,Employment,Unemployed,... if she neglects the children,46.3,<10%
2751,Congo Democratic Republic,M,Employment,Employed for cash,... if she refuses to have sex with him,22.9,<10%
2752,Congo Democratic Republic,M,Employment,Employed for kind,... if she refuses to have sex with him,20.1,<10%
2753,Congo Democratic Republic,M,Employment,Unemployed,... if she refuses to have sex with him,26.4,<10%
2754,Congo Democratic Republic,M,Marital status,Married or living together,... for at least one specific reason,56.5,<10%
2755,Congo Democratic Republic,M,Marital status,Never married,... for at least one specific reason,67,<10%
2756,Congo Democratic Republic,M,Marital status,"Widowed, divorced, separated",... for at least one specific reason,59.9,<10%
2757,Congo Democratic Republic,M,Marital status,Married or living together,... if she argues with him,38.8,<10%
2758,Congo Democratic Republic,M,Marital status,Never married,... if she argues with him,46.3,<10%
2759,Congo Democratic Republic,M,Marital status,"Widowed, divorced, separated",... if she argues with him,46,<10%
2760,Congo Democratic Republic,M,Marital status,Married or living together,... if she goes out without telling him,29.5,<10%
2761,Congo Democratic Republic,M,Marital status,Never married,... if she goes out without telling him,36.9,<10%
2762,Congo Democratic Republic,M,Marital status,"Widowed, divorced, separated",... if she goes out without telling him,29.3,<10%
2763,Congo Democratic Republic,M,Marital status,Married or living together,... if she neglects the children,36.8,<10%
2764,Congo Democratic Republic,M,Marital status,Never married,... if she neglects the children,44.5,<10%
2765,Congo Democratic Republic,M,Marital status,"Widowed, divorced, separated",... if she neglects the children,40.4,<10%
2766,Congo Democratic Republic,M,Marital status,Married or living together,... if she refuses to have sex with him,21.4,<10%
2767,Congo Democratic Republic,M,Marital status,Never married,... if she refuses to have sex with him,25.6,<10%
2768,Congo Democratic Republic,M,Marital status,"Widowed, divorced, separated",... if she refuses to have sex with him,26.6,<10%
2769,Congo Democratic Republic,M,Residence,Rural,... for at least one specific reason,61.4,<10%
2770,Congo Democratic Republic,M,Residence,Urban,... for at least one specific reason,60.4,<10%
2771,Congo Democratic Republic,M,Residence,Rural,... if she argues with him,44.2,<10%
2772,Congo Democratic Republic,M,Residence,Urban,... if she argues with him,38.9,<10%
2773,Congo Democratic Republic,M,Residence,Rural,... if she goes out without telling him,34.7,<10%
2774,Congo Democratic Republic,M,Residence,Urban,... if she goes out without telling him,29,<10%
2775,Congo Democratic Republic,M,Residence,Rural,... if she neglects the children,40.3,<10%
2776,Congo Democratic Republic,M,Residence,Urban,... if she neglects the children,39.8,<10%
2777,Congo Democratic Republic,M,Residence,Rural,... if she refuses to have sex with him,27.7,<10%
2778,Congo Democratic Republic,M,Residence,Urban,... if she refuses to have sex with him,16.1,<10%
2779,Cote d'Ivoire,F,Education,Higher,... if she burns the food,2.3,<10%
2780,Cote d'Ivoire,F,Education,Secondary,... if she burns the food,9.8,<10%
2781,Cote d'Ivoire,F,Marital status,Never married,... if she burns the food,12.1,<10%
2782,Cote d'Ivoire,F,Residence,Urban,... if she burns the food,12.8,<10%
2783,Cote d'Ivoire,F,Employment,Unemployed,... if she burns the food,15.7,<10%
2784,Cote d'Ivoire,F,Marital status,"Widowed, divorced, separated",... if she burns the food,15.9,<10%
2785,Cote d'Ivoire,F,Age,15-24,... if she burns the food,16,<10%
2786,Cote d'Ivoire,F,Age,25-34,... if she burns the food,16.4,<10%
2787,Cote d'Ivoire,F,Employment,Employed for cash,... if she burns the food,16.4,<10%
2788,Cote d'Ivoire,F,Age,35-49,... if she burns the food,16.9,<10%
2789,Cote d'Ivoire,F,Employment,Employed for kind,... if she burns the food,17.3,<10%
2790,Cote d'Ivoire,F,Education,Primary,... if she burns the food,17.9,<10%
2791,Cote d'Ivoire,F,Marital status,Married or living together,... if she burns the food,18.4,<10%
2792,Cote d'Ivoire,F,Education,No education,... if she burns the food,18.7,<10%
2793,Cote d'Ivoire,F,Residence,Rural,... if she burns the food,20.1,<10%
2794,Cote d'Ivoire,M,Education,Higher,... if she burns the food,5,<10%
2795,Cote d'Ivoire,M,Marital status,"Widowed, divorced, separated",... if she burns the food,7.3,<10%
2796,Cote d'Ivoire,M,Age,35-49,... if she burns the food,7.7,<10%
2797,Cote d'Ivoire,M,Marital status,Married or living together,... if she burns the food,9.7,<10%
2798,Cote d'Ivoire,M,Age,25-34,... if she burns the food,11.2,<10%
2799,Cote d'Ivoire,M,Employment,Employed for cash,... if she burns the food,11.5,<10%
2800,Cote d'Ivoire,M,Education,Secondary,... if she burns the food,11.8,<10%
2801,Cote d'Ivoire,M,Residence,Rural,... if she burns the food,12.3,<10%
2802,Cote d'Ivoire,M,Residence,Urban,... if she burns the food,12.8,<10%
2803,Cote d'Ivoire,M,Education,No education,... if she burns the food,13.3,<10%
2804,Cote d'Ivoire,M,Employment,Employed for kind,... if she burns the food,13.9,<10%
2805,Cote d'Ivoire,M,Education,Primary,... if she burns the food,14.5,<10%
2806,Cote d'Ivoire,M,Marital status,Never married,... if she burns the food,16.1,<10%
2807,Cote d'Ivoire,M,Employment,Unemployed,... if she burns the food,16.4,<10%
2808,Cote d'Ivoire,M,Age,15-24,... if she burns the food,17.7,<10%
2809,Cote d'Ivoire,F,Age,15-24,... for at least one specific reason,50.6,<10%
2810,Cote d'Ivoire,F,Age,25-34,... for at least one specific reason,46.3,<10%
2811,Cote d'Ivoire,F,Age,35-49,... for at least one specific reason,45.9,<10%
2812,Cote d'Ivoire,F,Age,15-24,... if she argues with him,35.4,<10%
2813,Cote d'Ivoire,F,Age,25-34,... if she argues with him,33.8,<10%
2814,Cote d'Ivoire,F,Age,35-49,... if she argues with him,33.5,<10%
2815,Cote d'Ivoire,F,Age,15-24,... if she goes out without telling him,25.9,<10%
2816,Cote d'Ivoire,F,Age,25-34,... if she goes out without telling him,27,<10%
2817,Cote d'Ivoire,F,Age,35-49,... if she goes out without telling him,26.9,<10%
2818,Cote d'Ivoire,F,Age,15-24,... if she neglects the children,34.4,<10%
2819,Cote d'Ivoire,F,Age,25-34,... if she neglects the children,31.7,<10%
2820,Cote d'Ivoire,F,Age,35-49,... if she neglects the children,31.6,<10%
2821,Cote d'Ivoire,F,Age,15-24,... if she refuses to have sex with him,20.2,<10%
2822,Cote d'Ivoire,F,Age,25-34,... if she refuses to have sex with him,21.4,<10%
2823,Cote d'Ivoire,F,Age,35-49,... if she refuses to have sex with him,23.6,<10%
2824,Cote d'Ivoire,F,Education,Higher,... for at least one specific reason,17.8,<10%
2825,Cote d'Ivoire,F,Education,No education,... for at least one specific reason,51.3,<10%
2826,Cote d'Ivoire,F,Education,Primary,... for at least one specific reason,50.1,<10%
2827,Cote d'Ivoire,F,Education,Secondary,... for at least one specific reason,39.5,<10%
2828,Cote d'Ivoire,F,Education,Higher,... if she argues with him,7.2,<10%
2829,Cote d'Ivoire,F,Education,No education,... if she argues with him,38.9,<10%
2830,Cote d'Ivoire,F,Education,Primary,... if she argues with him,34.7,<10%
2831,Cote d'Ivoire,F,Education,Secondary,... if she argues with him,24.6,<10%
2832,Cote d'Ivoire,F,Education,Higher,... if she goes out without telling him,2.7,<10%
2833,Cote d'Ivoire,F,Education,No education,... if she goes out without telling him,32,<10%
2834,Cote d'Ivoire,F,Education,Primary,... if she goes out without telling him,26.9,<10%
2835,Cote d'Ivoire,F,Education,Secondary,... if she goes out without telling him,14,<10%
2836,Cote d'Ivoire,F,Education,Higher,... if she neglects the children,8.8,<10%
2837,Cote d'Ivoire,F,Education,No education,... if she neglects the children,36.3,<10%
2838,Cote d'Ivoire,F,Education,Primary,... if she neglects the children,32.6,<10%
2839,Cote d'Ivoire,F,Education,Secondary,... if she neglects the children,26.2,<10%
2840,Cote d'Ivoire,F,Education,Higher,... if she refuses to have sex with him,2.9,<10%
2841,Cote d'Ivoire,F,Education,No education,... if she refuses to have sex with him,28.3,<10%
2842,Cote d'Ivoire,F,Education,Primary,... if she refuses to have sex with him,18.2,<10%
2843,Cote d'Ivoire,F,Education,Secondary,... if she refuses to have sex with him,9.3,<10%
2844,Cote d'Ivoire,F,Employment,Employed for cash,... for at least one specific reason,48.5,<10%
2845,Cote d'Ivoire,F,Employment,Employed for kind,... for at least one specific reason,52.4,<10%
2846,Cote d'Ivoire,F,Employment,Unemployed,... for at least one specific reason,44,<10%
2847,Cote d'Ivoire,F,Employment,Employed for cash,... if she argues with him,35.9,<10%
2848,Cote d'Ivoire,F,Employment,Employed for kind,... if she argues with him,37.1,<10%
2849,Cote d'Ivoire,F,Employment,Unemployed,... if she argues with him,29.8,<10%
2850,Cote d'Ivoire,F,Employment,Employed for cash,... if she goes out without telling him,28,<10%
2851,Cote d'Ivoire,F,Employment,Employed for kind,... if she goes out without telling him,28.8,<10%
2852,Cote d'Ivoire,F,Employment,Unemployed,... if she goes out without telling him,22.6,<10%
2853,Cote d'Ivoire,F,Employment,Employed for cash,... if she neglects the children,33.4,<10%
2854,Cote d'Ivoire,F,Employment,Employed for kind,... if she neglects the children,35.8,<10%
2855,Cote d'Ivoire,F,Employment,Unemployed,... if she neglects the children,29.7,<10%
2856,Cote d'Ivoire,F,Employment,Employed for cash,... if she refuses to have sex with him,22.9,<10%
2857,Cote d'Ivoire,F,Employment,Employed for kind,... if she refuses to have sex with him,23.9,<10%
2858,Cote d'Ivoire,F,Employment,Unemployed,... if she refuses to have sex with him,17.4,<10%
2859,Cote d'Ivoire,F,Marital status,Married or living together,... for at least one specific reason,50.4,<10%
2860,Cote d'Ivoire,F,Marital status,Never married,... for at least one specific reason,44.4,<10%
2861,Cote d'Ivoire,F,Marital status,"Widowed, divorced, separated",... for at least one specific reason,40.5,<10%
2862,Cote d'Ivoire,F,Marital status,Married or living together,... if she argues with him,37.8,<10%
2863,Cote d'Ivoire,F,Marital status,Never married,... if she argues with him,29.2,<10%
2864,Cote d'Ivoire,F,Marital status,"Widowed, divorced, separated",... if she argues with him,26,<10%
2865,Cote d'Ivoire,F,Marital status,Married or living together,... if she goes out without telling him,30.6,<10%
2866,Cote d'Ivoire,F,Marital status,Never married,... if she goes out without telling him,19.5,<10%
2867,Cote d'Ivoire,F,Marital status,"Widowed, divorced, separated",... if she goes out without telling him,21.1,<10%
2868,Cote d'Ivoire,F,Marital status,Married or living together,... if she neglects the children,34.7,<10%
2869,Cote d'Ivoire,F,Marital status,Never married,... if she neglects the children,29.7,<10%
2870,Cote d'Ivoire,F,Marital status,"Widowed, divorced, separated",... if she neglects the children,28.2,<10%
2871,Cote d'Ivoire,F,Marital status,Married or living together,... if she refuses to have sex with him,25,<10%
2872,Cote d'Ivoire,F,Marital status,Never married,... if she refuses to have sex with him,14.9,<10%
2873,Cote d'Ivoire,F,Marital status,"Widowed, divorced, separated",... if she refuses to have sex with him,18.3,<10%
2874,Cote d'Ivoire,F,Residence,Rural,... for at least one specific reason,53.1,<10%
2875,Cote d'Ivoire,F,Residence,Urban,... for at least one specific reason,43,<10%
2876,Cote d'Ivoire,F,Residence,Rural,... if she argues with him,39.7,<10%
2877,Cote d'Ivoire,F,Residence,Urban,... if she argues with him,29.2,<10%
2878,Cote d'Ivoire,F,Residence,Rural,... if she goes out without telling him,32.6,<10%
2879,Cote d'Ivoire,F,Residence,Urban,... if she goes out without telling him,20.8,<10%
2880,Cote d'Ivoire,F,Residence,Rural,... if she neglects the children,36.6,<10%
2881,Cote d'Ivoire,F,Residence,Urban,... if she neglects the children,29.1,<10%
2882,Cote d'Ivoire,F,Residence,Rural,... if she refuses to have sex with him,26.5,<10%
2883,Cote d'Ivoire,F,Residence,Urban,... if she refuses to have sex with him,16.8,<10%
2884,Cote d'Ivoire,M,Age,15-24,... for at least one specific reason,49,<10%
2885,Cote d'Ivoire,M,Age,25-34,... for at least one specific reason,42.8,<10%
2886,Cote d'Ivoire,M,Age,35-49,... for at least one specific reason,32.2,<10%
2887,Cote d'Ivoire,M,Age,15-24,... if she argues with him,30.6,<10%
2888,Cote d'Ivoire,M,Age,25-34,... if she argues with him,25,<10%
2889,Cote d'Ivoire,M,Age,35-49,... if she argues with him,20.3,<10%
2890,Cote d'Ivoire,M,Age,15-24,... if she goes out without telling him,24.6,<10%
2891,Cote d'Ivoire,M,Age,25-34,... if she goes out without telling him,22,<10%
2892,Cote d'Ivoire,M,Age,35-49,... if she goes out without telling him,18.7,<10%
2893,Cote d'Ivoire,M,Age,15-24,... if she neglects the children,33.5,<10%
2894,Cote d'Ivoire,M,Age,25-34,... if she neglects the children,30.9,<10%
2895,Cote d'Ivoire,M,Age,35-49,... if she neglects the children,20.6,<10%
2896,Cote d'Ivoire,M,Age,15-24,... if she refuses to have sex with him,14.1,<10%
2897,Cote d'Ivoire,M,Age,25-34,... if she refuses to have sex with him,11.4,<10%
2898,Cote d'Ivoire,M,Age,35-49,... if she refuses to have sex with him,9.1,<10%
2899,Cote d'Ivoire,M,Education,Higher,... for at least one specific reason,19.1,<10%
2900,Cote d'Ivoire,M,Education,No education,... for at least one specific reason,44.7,<10%
2901,Cote d'Ivoire,M,Education,Primary,... for at least one specific reason,45.9,<10%
2902,Cote d'Ivoire,M,Education,Secondary,... for at least one specific reason,40.5,<10%
2903,Cote d'Ivoire,M,Education,Higher,... if she argues with him,10.8,<10%
2904,Cote d'Ivoire,M,Education,No education,... if she argues with him,30.4,<10%
2905,Cote d'Ivoire,M,Education,Primary,... if she argues with him,29.2,<10%
2906,Cote d'Ivoire,M,Education,Secondary,... if she argues with him,20.9,<10%
2907,Cote d'Ivoire,M,Education,Higher,... if she goes out without telling him,5.5,<10%
2908,Cote d'Ivoire,M,Education,No education,... if she goes out without telling him,28,<10%
2909,Cote d'Ivoire,M,Education,Primary,... if she goes out without telling him,24.3,<10%
2910,Cote d'Ivoire,M,Education,Secondary,... if she goes out without telling him,17.2,<10%
2911,Cote d'Ivoire,M,Education,Higher,... if she neglects the children,10.9,<10%
2912,Cote d'Ivoire,M,Education,No education,... if she neglects the children,30.2,<10%
2913,Cote d'Ivoire,M,Education,Primary,... if she neglects the children,31.5,<10%
2914,Cote d'Ivoire,M,Education,Secondary,... if she neglects the children,28.6,<10%
2915,Cote d'Ivoire,M,Education,Higher,... if she refuses to have sex with him,1.3,<10%
2916,Cote d'Ivoire,M,Education,No education,... if she refuses to have sex with him,15.9,<10%
2917,Cote d'Ivoire,M,Education,Primary,... if she refuses to have sex with him,14.4,<10%
2918,Cote d'Ivoire,M,Education,Secondary,... if she refuses to have sex with him,7.4,<10%
2919,Cote d'Ivoire,M,Employment,Employed for cash,... for at least one specific reason,40.7,<10%
2920,Cote d'Ivoire,M,Employment,Employed for kind,... for at least one specific reason,45.5,<10%
2921,Cote d'Ivoire,M,Employment,Unemployed,... for at least one specific reason,44.4,<10%
2922,Cote d'Ivoire,M,Employment,Employed for cash,... if she argues with him,25.2,<10%
2923,Cote d'Ivoire,M,Employment,Employed for kind,... if she argues with him,30.6,<10%
2924,Cote d'Ivoire,M,Employment,Unemployed,... if she argues with him,23.2,<10%
2925,Cote d'Ivoire,M,Employment,Employed for cash,... if she goes out without telling him,21.6,<10%
2926,Cote d'Ivoire,M,Employment,Employed for kind,... if she goes out without telling him,26.5,<10%
2927,Cote d'Ivoire,M,Employment,Unemployed,... if she goes out without telling him,19.5,<10%
2928,Cote d'Ivoire,M,Employment,Employed for cash,... if she neglects the children,27.3,<10%
2929,Cote d'Ivoire,M,Employment,Employed for kind,... if she neglects the children,33.9,<10%
2930,Cote d'Ivoire,M,Employment,Unemployed,... if she neglects the children,30.5,<10%
2931,Cote d'Ivoire,M,Employment,Employed for cash,... if she refuses to have sex with him,11.1,<10%
2932,Cote d'Ivoire,M,Employment,Employed for kind,... if she refuses to have sex with him,17,<10%
2933,Cote d'Ivoire,M,Employment,Unemployed,... if she refuses to have sex with him,9.5,<10%
2934,Cote d'Ivoire,M,Marital status,Married or living together,... for at least one specific reason,37.4,<10%
2935,Cote d'Ivoire,M,Marital status,Never married,... for at least one specific reason,46.6,<10%
2936,Cote d'Ivoire,M,Marital status,"Widowed, divorced, separated",... for at least one specific reason,43.2,<10%
2937,Cote d'Ivoire,M,Marital status,Married or living together,... if she argues with him,23.6,<10%
2938,Cote d'Ivoire,M,Marital status,Never married,... if she argues with him,28.6,<10%
2939,Cote d'Ivoire,M,Marital status,"Widowed, divorced, separated",... if she argues with him,18.7,<10%
2940,Cote d'Ivoire,M,Marital status,Married or living together,... if she goes out without telling him,21.8,<10%
2941,Cote d'Ivoire,M,Marital status,Never married,... if she goes out without telling him,22.6,<10%
2942,Cote d'Ivoire,M,Marital status,"Widowed, divorced, separated",... if she goes out without telling him,17.6,<10%
2943,Cote d'Ivoire,M,Marital status,Married or living together,... if she neglects the children,25.7,<10%
2944,Cote d'Ivoire,M,Marital status,Never married,... if she neglects the children,31.6,<10%
2945,Cote d'Ivoire,M,Marital status,"Widowed, divorced, separated",... if she neglects the children,32.1,<10%
2946,Cote d'Ivoire,M,Marital status,Married or living together,... if she refuses to have sex with him,11.1,<10%
2947,Cote d'Ivoire,M,Marital status,Never married,... if she refuses to have sex with him,12.6,<10%
2948,Cote d'Ivoire,M,Marital status,"Widowed, divorced, separated",... if she refuses to have sex with him,9.6,<10%
2949,Cote d'Ivoire,M,Residence,Rural,... for at least one specific reason,43.7,<10%
2950,Cote d'Ivoire,M,Residence,Urban,... for at least one specific reason,40.3,<10%
2951,Cote d'Ivoire,M,Residence,Rural,... if she argues with him,28.1,<10%
2952,Cote d'Ivoire,M,Residence,Urban,... if she argues with him,23.4,<10%
2953,Cote d'Ivoire,M,Residence,Rural,... if she goes out without telling him,25.3,<10%
2954,Cote d'Ivoire,M,Residence,Urban,... if she goes out without telling him,18.9,<10%
2955,Cote d'Ivoire,M,Residence,Rural,... if she neglects the children,29.5,<10%
2956,Cote d'Ivoire,M,Residence,Urban,... if she neglects the children,28,<10%
2957,Cote d'Ivoire,M,Residence,Rural,... if she refuses to have sex with him,14.7,<10%
2958,Cote d'Ivoire,M,Residence,Urban,... if she refuses to have sex with him,9,<10%
2959,Dominican Republic,F,Education,Higher,... if she burns the food,0,>25%
2960,Dominican Republic,F,Age,25-34,... if she burns the food,0.4,>25%
2961,Dominican Republic,F,Education,Secondary,... if she burns the food,0.5,>25%
2962,Dominican Republic,F,Employment,Employed for cash,... if she burns the food,0.5,>25%
2963,Dominican Republic,F,Marital status,Married or living together,... if she burns the food,0.5,>25%
2964,Dominican Republic,F,Marital status,Never married,... if she burns the food,0.6,>25%
2965,Dominican Republic,F,Residence,Urban,... if she burns the food,0.6,>25%
2966,Dominican Republic,F,Age,15-24,... if she burns the food,0.7,>25%
2967,Dominican Republic,F,Age,35-49,... if she burns the food,0.7,>25%
2968,Dominican Republic,F,Employment,Employed for kind,... if she burns the food,0.7,>25%
2969,Dominican Republic,F,Residence,Rural,... if she burns the food,0.7,>25%
2970,Dominican Republic,F,Employment,Unemployed,... if she burns the food,0.8,>25%
2971,Dominican Republic,F,Marital status,"Widowed, divorced, separated",... if she burns the food,0.9,>25%
2972,Dominican Republic,F,Education,Primary,... if she burns the food,1.3,>25%
2973,Dominican Republic,F,Education,No education,... if she burns the food,1.9,>25%
2974,Dominican Republic,M,Education,Higher,... if she burns the food,0,>25%
2975,Dominican Republic,M,Age,35-49,... if she burns the food,0.5,>25%
2976,Dominican Republic,M,Education,Secondary,... if she burns the food,0.6,>25%
2977,Dominican Republic,M,Marital status,Married or living together,... if she burns the food,0.6,>25%
2978,Dominican Republic,M,Age,25-34,... if she burns the food,0.7,>25%
2979,Dominican Republic,M,Residence,Urban,... if she burns the food,0.8,>25%
2980,Dominican Republic,M,Employment,Unemployed,... if she burns the food,0.9,>25%
2981,Dominican Republic,M,Marital status,"Widowed, divorced, separated",... if she burns the food,1.1,>25%
2982,Dominican Republic,M,Marital status,Never married,... if she burns the food,1.2,>25%
2983,Dominican Republic,M,Residence,Rural,... if she burns the food,1.2,>25%
2984,Dominican Republic,M,Age,15-24,... if she burns the food,1.4,>25%
2985,Dominican Republic,M,Education,Primary,... if she burns the food,1.5,>25%
2986,Dominican Republic,M,Education,No education,... if she burns the food,3.1,>25%
2987,Dominican Republic,F,Age,15-24,... for at least one specific reason,2.9,>25%
2988,Dominican Republic,F,Age,25-34,... for at least one specific reason,2.3,>25%
2989,Dominican Republic,F,Age,35-49,... for at least one specific reason,1.8,>25%
2990,Dominican Republic,F,Age,15-24,... if she argues with him,0.8,>25%
2991,Dominican Republic,F,Age,25-34,... if she argues with him,0.6,>25%
2992,Dominican Republic,F,Age,35-49,... if she argues with him,0.6,>25%
2993,Dominican Republic,F,Age,15-24,... if she goes out without telling him,0.7,>25%
2994,Dominican Republic,F,Age,25-34,... if she goes out without telling him,1.1,>25%
2995,Dominican Republic,F,Age,35-49,... if she goes out without telling him,0.7,>25%
2996,Dominican Republic,F,Age,15-24,... if she neglects the children,1.9,>25%
2997,Dominican Republic,F,Age,25-34,... if she neglects the children,1.7,>25%
2998,Dominican Republic,F,Age,35-49,... if she neglects the children,1.5,>25%
2999,Dominican Republic,F,Age,15-24,... if she refuses to have sex with him,0.5,>25%
3000,Dominican Republic,F,Age,25-34,... if she refuses to have sex with him,0.3,>25%
3001,Dominican Republic,F,Age,35-49,... if she refuses to have sex with him,0.3,>25%
3002,Dominican Republic,F,Education,Higher,... for at least one specific reason,0.5,>25%
3003,Dominican Republic,F,Education,No education,... for at least one specific reason,3.9,>25%
3004,Dominican Republic,F,Education,Primary,... for at least one specific reason,4.4,>25%
3005,Dominican Republic,F,Education,Secondary,... for at least one specific reason,2,>25%
3006,Dominican Republic,F,Education,Higher,... if she argues with him,0.2,>25%
3007,Dominican Republic,F,Education,No education,... if she argues with him,3.3,>25%
3008,Dominican Republic,F,Education,Primary,... if she argues with him,1.2,>25%
3009,Dominican Republic,F,Education,Secondary,... if she argues with him,0.5,>25%
3010,Dominican Republic,F,Education,Higher,... if she goes out without telling him,0.2,>25%
3011,Dominican Republic,F,Education,No education,... if she goes out without telling him,1.9,>25%
3012,Dominican Republic,F,Education,Primary,... if she goes out without telling him,1.5,>25%
3013,Dominican Republic,F,Education,Secondary,... if she goes out without telling him,0.7,>25%
3014,Dominican Republic,F,Education,Higher,... if she neglects the children,0.3,>25%
3015,Dominican Republic,F,Education,No education,... if she neglects the children,2.5,>25%
3016,Dominican Republic,F,Education,Primary,... if she neglects the children,3.3,>25%
3017,Dominican Republic,F,Education,Secondary,... if she neglects the children,1.5,>25%
3018,Dominican Republic,F,Education,Higher,... if she refuses to have sex with him,0.2,>25%
3019,Dominican Republic,F,Education,No education,... if she refuses to have sex with him,2.1,>25%
3020,Dominican Republic,F,Education,Primary,... if she refuses to have sex with him,0.6,>25%
3021,Dominican Republic,F,Education,Secondary,... if she refuses to have sex with him,0.3,>25%
3022,Dominican Republic,F,Employment,Employed for cash,... for at least one specific reason,2.1,>25%
3023,Dominican Republic,F,Employment,Employed for kind,... for at least one specific reason,2.2,>25%
3024,Dominican Republic,F,Employment,Unemployed,... for at least one specific reason,2.7,>25%
3025,Dominican Republic,F,Employment,Employed for cash,... if she argues with him,0.7,>25%
3026,Dominican Republic,F,Employment,Employed for kind,... if she argues with him,0.5,>25%
3027,Dominican Republic,F,Employment,Unemployed,... if she argues with him,0.7,>25%
3028,Dominican Republic,F,Employment,Employed for cash,... if she goes out without telling him,0.8,>25%
3029,Dominican Republic,F,Employment,Employed for kind,... if she goes out without telling him,1,>25%
3030,Dominican Republic,F,Employment,Unemployed,... if she goes out without telling him,0.8,>25%
3031,Dominican Republic,F,Employment,Employed for cash,... if she neglects the children,1.5,>25%
3032,Dominican Republic,F,Employment,Employed for kind,... if she neglects the children,1.7,>25%
3033,Dominican Republic,F,Employment,Unemployed,... if she neglects the children,2,>25%
3034,Dominican Republic,F,Employment,Employed for cash,... if she refuses to have sex with him,0.3,>25%
3035,Dominican Republic,F,Employment,Employed for kind,... if she refuses to have sex with him,0.6,>25%
3036,Dominican Republic,F,Employment,Unemployed,... if she refuses to have sex with him,0.5,>25%
3037,Dominican Republic,F,Marital status,Married or living together,... for at least one specific reason,2.2,>25%
3038,Dominican Republic,F,Marital status,Never married,... for at least one specific reason,2.8,>25%
3039,Dominican Republic,F,Marital status,"Widowed, divorced, separated",... for at least one specific reason,2.3,>25%
3040,Dominican Republic,F,Marital status,Married or living together,... if she argues with him,0.4,>25%
3041,Dominican Republic,F,Marital status,Never married,... if she argues with him,0.9,>25%
3042,Dominican Republic,F,Marital status,"Widowed, divorced, separated",... if she argues with him,1,>25%
3043,Dominican Republic,F,Marital status,Married or living together,... if she goes out without telling him,0.9,>25%
3044,Dominican Republic,F,Marital status,Never married,... if she goes out without telling him,0.5,>25%
3045,Dominican Republic,F,Marital status,"Widowed, divorced, separated",... if she goes out without telling him,0.9,>25%
3046,Dominican Republic,F,Marital status,Married or living together,... if she neglects the children,1.6,>25%
3047,Dominican Republic,F,Marital status,Never married,... if she neglects the children,1.8,>25%
3048,Dominican Republic,F,Marital status,"Widowed, divorced, separated",... if she neglects the children,1.9,>25%
3049,Dominican Republic,F,Marital status,Married or living together,... if she refuses to have sex with him,0.4,>25%
3050,Dominican Republic,F,Marital status,Never married,... if she refuses to have sex with him,0.5,>25%
3051,Dominican Republic,F,Marital status,"Widowed, divorced, separated",... if she refuses to have sex with him,0.3,>25%
3052,Dominican Republic,F,Residence,Rural,... for at least one specific reason,2.6,>25%
3053,Dominican Republic,F,Residence,Urban,... for at least one specific reason,2.3,>25%
3054,Dominican Republic,F,Residence,Rural,... if she argues with him,1,>25%
3055,Dominican Republic,F,Residence,Urban,... if she argues with him,0.6,>25%
3056,Dominican Republic,F,Residence,Rural,... if she goes out without telling him,0.7,>25%
3057,Dominican Republic,F,Residence,Urban,... if she goes out without telling him,0.8,>25%
3058,Dominican Republic,F,Residence,Rural,... if she neglects the children,1.8,>25%
3059,Dominican Republic,F,Residence,Urban,... if she neglects the children,1.7,>25%
3060,Dominican Republic,F,Residence,Rural,... if she refuses to have sex with him,0.6,>25%
3061,Dominican Republic,F,Residence,Urban,... if she refuses to have sex with him,0.3,>25%
3062,Dominican Republic,M,Age,15-24,... for at least one specific reason,6.2,>25%
3063,Dominican Republic,M,Age,25-34,... for at least one specific reason,3.6,>25%
3064,Dominican Republic,M,Age,35-49,... for at least one specific reason,2.2,>25%
3065,Dominican Republic,M,Age,15-24,... if she argues with him,1.5,>25%
3066,Dominican Republic,M,Age,25-34,... if she argues with him,1,>25%
3067,Dominican Republic,M,Age,35-49,... if she argues with him,0.6,>25%
3068,Dominican Republic,M,Age,15-24,... if she goes out without telling him,3.4,>25%
3069,Dominican Republic,M,Age,25-34,... if she goes out without telling him,1.9,>25%
3070,Dominican Republic,M,Age,35-49,... if she goes out without telling him,1.1,>25%
3071,Dominican Republic,M,Age,15-24,... if she neglects the children,3.6,>25%
3072,Dominican Republic,M,Age,25-34,... if she neglects the children,2.1,>25%
3073,Dominican Republic,M,Age,35-49,... if she neglects the children,1,>25%
3074,Dominican Republic,M,Age,15-24,... if she refuses to have sex with him,0.8,>25%
3075,Dominican Republic,M,Age,25-34,... if she refuses to have sex with him,0.9,>25%
3076,Dominican Republic,M,Age,35-49,... if she refuses to have sex with him,0.2,>25%
3077,Dominican Republic,M,Education,Higher,... for at least one specific reason,0.9,>25%
3078,Dominican Republic,M,Education,No education,... for at least one specific reason,10.4,>25%
3079,Dominican Republic,M,Education,Primary,... for at least one specific reason,6.6,>25%
3080,Dominican Republic,M,Education,Secondary,... for at least one specific reason,2.7,>25%
3081,Dominican Republic,M,Education,Higher,... if she argues with him,0.1,>25%
3082,Dominican Republic,M,Education,No education,... if she argues with him,3,>25%
3083,Dominican Republic,M,Education,Primary,... if she argues with him,1.7,>25%
3084,Dominican Republic,M,Education,Secondary,... if she argues with him,0.7,>25%
3085,Dominican Republic,M,Education,Higher,... if she goes out without telling him,0.2,>25%
3086,Dominican Republic,M,Education,No education,... if she goes out without telling him,5,>25%
3087,Dominican Republic,M,Education,Primary,... if she goes out without telling him,3.9,>25%
3088,Dominican Republic,M,Education,Secondary,... if she goes out without telling him,1.1,>25%
3089,Dominican Republic,M,Education,Higher,... if she neglects the children,0.3,>25%
3090,Dominican Republic,M,Education,No education,... if she neglects the children,6,>25%
3091,Dominican Republic,M,Education,Primary,... if she neglects the children,3.9,>25%
3092,Dominican Republic,M,Education,Secondary,... if she neglects the children,1.4,>25%
3093,Dominican Republic,M,Education,Higher,... if she refuses to have sex with him,0.3,>25%
3094,Dominican Republic,M,Education,No education,... if she refuses to have sex with him,0.9,>25%
3095,Dominican Republic,M,Education,Primary,... if she refuses to have sex with him,0.9,>25%
3096,Dominican Republic,M,Education,Secondary,... if she refuses to have sex with him,0.5,>25%
3097,Dominican Republic,M,Employment,Unemployed,... for at least one specific reason,4.2,>25%
3098,Dominican Republic,M,Employment,Unemployed,... if she argues with him,1.1,>25%
3099,Dominican Republic,M,Employment,Unemployed,... if she goes out without telling him,2.2,>25%
3100,Dominican Republic,M,Employment,Unemployed,... if she neglects the children,2.3,>25%
3101,Dominican Republic,M,Employment,Unemployed,... if she refuses to have sex with him,0.6,>25%
3102,Dominican Republic,M,Marital status,Married or living together,... for at least one specific reason,2.7,>25%
3103,Dominican Republic,M,Marital status,Never married,... for at least one specific reason,5.8,>25%
3104,Dominican Republic,M,Marital status,"Widowed, divorced, separated",... for at least one specific reason,4.4,>25%
3105,Dominican Republic,M,Marital status,Married or living together,... if she argues with him,0.6,>25%
3106,Dominican Republic,M,Marital status,Never married,... if she argues with him,1.6,>25%
3107,Dominican Republic,M,Marital status,"Widowed, divorced, separated",... if she argues with him,1.1,>25%
3108,Dominican Republic,M,Marital status,Married or living together,... if she goes out without telling him,1.3,>25%
3109,Dominican Republic,M,Marital status,Never married,... if she goes out without telling him,3.3,>25%
3110,Dominican Republic,M,Marital status,"Widowed, divorced, separated",... if she goes out without telling him,2,>25%
3111,Dominican Republic,M,Marital status,Married or living together,... if she neglects the children,1.6,>25%
3112,Dominican Republic,M,Marital status,Never married,... if she neglects the children,3.3,>25%
3113,Dominican Republic,M,Marital status,"Widowed, divorced, separated",... if she neglects the children,2.1,>25%
3114,Dominican Republic,M,Marital status,Married or living together,... if she refuses to have sex with him,0.4,>25%
3115,Dominican Republic,M,Marital status,Never married,... if she refuses to have sex with him,0.9,>25%
3116,Dominican Republic,M,Marital status,"Widowed, divorced, separated",... if she refuses to have sex with him,0.6,>25%
3117,Dominican Republic,M,Residence,Rural,... for at least one specific reason,4.6,>25%
3118,Dominican Republic,M,Residence,Urban,... for at least one specific reason,4,>25%
3119,Dominican Republic,M,Residence,Rural,... if she argues with him,1.2,>25%
3120,Dominican Republic,M,Residence,Urban,... if she argues with him,1,>25%
3121,Dominican Republic,M,Residence,Rural,... if she goes out without telling him,2.3,>25%
3122,Dominican Republic,M,Residence,Urban,... if she goes out without telling him,2.2,>25%
3123,Dominican Republic,M,Residence,Rural,... if she neglects the children,2.8,>25%
3124,Dominican Republic,M,Residence,Urban,... if she neglects the children,2.1,>25%
3125,Dominican Republic,M,Residence,Rural,... if she refuses to have sex with him,0.9,>25%
3126,Dominican Republic,M,Residence,Urban,... if she refuses to have sex with him,0.5,>25%
3127,Egypt,F,Education,Higher,... if she burns the food,1.1,>25%
3128,Egypt,F,Residence,Urban,... if she burns the food,3.2,>25%
3129,Egypt,F,Employment,Employed for cash,... if she burns the food,4.4,>25%
3130,Egypt,F,Education,Secondary,... if she burns the food,4.9,>25%
3131,Egypt,F,Age,25-34,... if she burns the food,6.5,>25%
3132,Egypt,F,Marital status,Married or living together,... if she burns the food,6.9,>25%
3133,Egypt,F,Employment,Unemployed,... if she burns the food,7.1,>25%
3134,Egypt,F,Age,15-24,... if she burns the food,7.3,>25%
3135,Egypt,F,Age,35-49,... if she burns the food,7.3,>25%
3136,Egypt,F,Marital status,"Widowed, divorced, separated",... if she burns the food,8.1,>25%
3137,Egypt,F,Residence,Rural,... if she burns the food,9,>25%
3138,Egypt,F,Education,Primary,... if she burns the food,10.9,>25%
3139,Egypt,F,Education,No education,... if she burns the food,13.1,>25%
3140,Egypt,F,Employment,Employed for kind,... if she burns the food,20.8,>25%
3141,Egypt,F,Age,15-24,... for at least one specific reason,40.5,>25%
3142,Egypt,F,Age,25-34,... for at least one specific reason,33.7,>25%
3143,Egypt,F,Age,35-49,... for at least one specific reason,35.5,>25%
3144,Egypt,F,Age,15-24,... if she argues with him,14.4,>25%
3145,Egypt,F,Age,25-34,... if she argues with him,11.5,>25%
3146,Egypt,F,Age,35-49,... if she argues with him,13.3,>25%
3147,Egypt,F,Age,15-24,... if she goes out without telling him,29.1,>25%
3148,Egypt,F,Age,25-34,... if she goes out without telling him,23.5,>25%
3149,Egypt,F,Age,35-49,... if she goes out without telling him,26,>25%
3150,Egypt,F,Age,15-24,... if she neglects the children,27.6,>25%
3151,Egypt,F,Age,25-34,... if she neglects the children,22.2,>25%
3152,Egypt,F,Age,35-49,... if she neglects the children,24.6,>25%
3153,Egypt,F,Age,15-24,... if she refuses to have sex with him,20.6,>25%
3154,Egypt,F,Age,25-34,... if she refuses to have sex with him,18.3,>25%
3155,Egypt,F,Age,35-49,... if she refuses to have sex with him,21.2,>25%
3156,Egypt,F,Education,Higher,... for at least one specific reason,13.3,>25%
3157,Egypt,F,Education,No education,... for at least one specific reason,53.1,>25%
3158,Egypt,F,Education,Primary,... for at least one specific reason,47.2,>25%
3159,Egypt,F,Education,Secondary,... for at least one specific reason,31.3,>25%
3160,Egypt,F,Education,Higher,... if she argues with him,2.5,>25%
3161,Egypt,F,Education,No education,... if she argues with him,23.4,>25%
3162,Egypt,F,Education,Primary,... if she argues with him,20.4,>25%
3163,Egypt,F,Education,Secondary,... if she argues with him,9,>25%
3164,Egypt,F,Education,Higher,... if she goes out without telling him,6.5,>25%
3165,Egypt,F,Education,No education,... if she goes out without telling him,41.8,>25%
3166,Egypt,F,Education,Primary,... if she goes out without telling him,36.7,>25%
3167,Egypt,F,Education,Secondary,... if she goes out without telling him,20.9,>25%
3168,Egypt,F,Education,Higher,... if she neglects the children,6,>25%
3169,Egypt,F,Education,No education,... if she neglects the children,38.6,>25%
3170,Egypt,F,Education,Primary,... if she neglects the children,34.8,>25%
3171,Egypt,F,Education,Secondary,... if she neglects the children,20.2,>25%
3172,Egypt,F,Education,Higher,... if she refuses to have sex with him,6.7,>25%
3173,Egypt,F,Education,No education,... if she refuses to have sex with him,33.4,>25%
3174,Egypt,F,Education,Primary,... if she refuses to have sex with him,28.6,>25%
3175,Egypt,F,Education,Secondary,... if she refuses to have sex with him,15.4,>25%
3176,Egypt,F,Employment,Employed for cash,... for at least one specific reason,24.1,>25%
3177,Egypt,F,Employment,Employed for kind,... for at least one specific reason,62.3,>25%
3178,Egypt,F,Employment,Unemployed,... for at least one specific reason,37,>25%
3179,Egypt,F,Employment,Employed for cash,... if she argues with him,6.6,>25%
3180,Egypt,F,Employment,Employed for kind,... if she argues with him,30.3,>25%
3181,Egypt,F,Employment,Unemployed,... if she argues with him,13.4,>25%
3182,Egypt,F,Employment,Employed for cash,... if she goes out without telling him,15.1,>25%
3183,Egypt,F,Employment,Employed for kind,... if she goes out without telling him,45.4,>25%
3184,Egypt,F,Employment,Unemployed,... if she goes out without telling him,26.8,>25%
3185,Egypt,F,Employment,Employed for cash,... if she neglects the children,14.7,>25%
3186,Egypt,F,Employment,Employed for kind,... if she neglects the children,43,>25%
3187,Egypt,F,Employment,Unemployed,... if she neglects the children,25.3,>25%
3188,Egypt,F,Employment,Employed for cash,... if she refuses to have sex with him,13.2,>25%
3189,Egypt,F,Employment,Employed for kind,... if she refuses to have sex with him,39.4,>25%
3190,Egypt,F,Employment,Unemployed,... if she refuses to have sex with him,20.5,>25%
3191,Egypt,F,Marital status,Married or living together,... for at least one specific reason,35.8,>25%
3192,Egypt,F,Marital status,"Widowed, divorced, separated",... for at least one specific reason,33.2,>25%
3193,Egypt,F,Marital status,Married or living together,... if she argues with him,12.8,>25%
3194,Egypt,F,Marital status,"Widowed, divorced, separated",... if she argues with him,12,>25%
3195,Egypt,F,Marital status,Married or living together,... if she goes out without telling him,25.6,>25%
3196,Egypt,F,Marital status,"Widowed, divorced, separated",... if she goes out without telling him,24,>25%
3197,Egypt,F,Marital status,Married or living together,... if she neglects the children,24.2,>25%
3198,Egypt,F,Marital status,"Widowed, divorced, separated",... if she neglects the children,23.1,>25%
3199,Egypt,F,Marital status,Married or living together,... if she refuses to have sex with him,19.9,>25%
3200,Egypt,F,Marital status,"Widowed, divorced, separated",... if she refuses to have sex with him,20.2,>25%
3201,Egypt,F,Residence,Rural,... for at least one specific reason,43.9,>25%
3202,Egypt,F,Residence,Urban,... for at least one specific reason,20.3,>25%
3203,Egypt,F,Residence,Rural,... if she argues with him,16.3,>25%
3204,Egypt,F,Residence,Urban,... if she argues with him,6.2,>25%
3205,Egypt,F,Residence,Rural,... if she goes out without telling him,31.7,>25%
3206,Egypt,F,Residence,Urban,... if she goes out without telling him,14,>25%
3207,Egypt,F,Residence,Rural,... if she neglects the children,30.1,>25%
3208,Egypt,F,Residence,Urban,... if she neglects the children,13,>25%
3209,Egypt,F,Residence,Rural,... if she refuses to have sex with him,25.1,>25%
3210,Egypt,F,Residence,Urban,... if she refuses to have sex with him,10.2,>25%
3211,Eritrea,F,Education,Higher,... if she burns the food,5.1,<10%
3212,Eritrea,F,Education,Secondary,... if she burns the food,15.7,<10%
3213,Eritrea,F,Residence,Urban,... if she burns the food,22.2,<10%
3214,Eritrea,F,Marital status,Never married,... if she burns the food,23.9,<10%
3215,Eritrea,F,Employment,Employed for cash,... if she burns the food,27.2,<10%
3216,Eritrea,F,Age,25-34,... if she burns the food,27.4,<10%
3217,Eritrea,F,Employment,Unemployed,... if she burns the food,28.2,<10%
3218,Eritrea,F,Age,15-24,... if she burns the food,29.3,<10%
3219,Eritrea,F,Marital status,"Widowed, divorced, separated",... if she burns the food,29.8,<10%
3220,Eritrea,F,Age,35-49,... if she burns the food,30.7,<10%
3221,Eritrea,F,Marital status,Married or living together,... if she burns the food,30.9,<10%
3222,Eritrea,F,Education,Primary,... if she burns the food,31,<10%
3223,Eritrea,F,Education,No education,... if she burns the food,33.8,<10%
3224,Eritrea,F,Residence,Rural,... if she burns the food,34.4,<10%
3225,Eritrea,F,Employment,Employed for kind,... if she burns the food,46.1,<10%
3226,Eritrea,F,Age,15-24,... for at least one specific reason,69.4,<10%
3227,Eritrea,F,Age,25-34,... for at least one specific reason,70.1,<10%
3228,Eritrea,F,Age,35-49,... for at least one specific reason,73,<10%
3229,Eritrea,F,Age,15-24,... if she argues with him,42.6,<10%
3230,Eritrea,F,Age,25-34,... if she argues with him,44.5,<10%
3231,Eritrea,F,Age,35-49,... if she argues with him,47.2,<10%
3232,Eritrea,F,Age,15-24,... if she goes out without telling him,49.5,<10%
3233,Eritrea,F,Age,25-34,... if she goes out without telling him,51.4,<10%
3234,Eritrea,F,Age,35-49,... if she goes out without telling him,54.7,<10%
3235,Eritrea,F,Age,15-24,... if she neglects the children,50.6,<10%
3236,Eritrea,F,Age,25-34,... if she neglects the children,50.2,<10%
3237,Eritrea,F,Age,35-49,... if she neglects the children,52.2,<10%
3238,Eritrea,F,Age,15-24,... if she refuses to have sex with him,43.6,<10%
3239,Eritrea,F,Age,25-34,... if she refuses to have sex with him,48.3,<10%
3240,Eritrea,F,Age,35-49,... if she refuses to have sex with him,53.1,<10%
3241,Eritrea,F,Education,Higher,... for at least one specific reason,32.1,<10%
3242,Eritrea,F,Education,No education,... for at least one specific reason,77.5,<10%
3243,Eritrea,F,Education,Primary,... for at least one specific reason,73.9,<10%
3244,Eritrea,F,Education,Secondary,... for at least one specific reason,50.3,<10%
3245,Eritrea,F,Education,Higher,... if she argues with him,9.8,<10%
3246,Eritrea,F,Education,No education,... if she argues with him,55.1,<10%
3247,Eritrea,F,Education,Primary,... if she argues with him,43.3,<10%
3248,Eritrea,F,Education,Secondary,... if she argues with him,20.9,<10%
3249,Eritrea,F,Education,Higher,... if she goes out without telling him,9.3,<10%
3250,Eritrea,F,Education,No education,... if she goes out without telling him,61.5,<10%
3251,Eritrea,F,Education,Primary,... if she goes out without telling him,52.8,<10%
3252,Eritrea,F,Education,Secondary,... if she goes out without telling him,26.8,<10%
3253,Eritrea,F,Education,Higher,... if she neglects the children,18.8,<10%
3254,Eritrea,F,Education,No education,... if she neglects the children,55.2,<10%
3255,Eritrea,F,Education,Primary,... if she neglects the children,54.7,<10%
3256,Eritrea,F,Education,Secondary,... if she neglects the children,36.3,<10%
3257,Eritrea,F,Education,Higher,... if she refuses to have sex with him,9,<10%
3258,Eritrea,F,Education,No education,... if she refuses to have sex with him,58.3,<10%
3259,Eritrea,F,Education,Primary,... if she refuses to have sex with him,47.3,<10%
3260,Eritrea,F,Education,Secondary,... if she refuses to have sex with him,23.8,<10%
3261,Eritrea,F,Employment,Employed for cash,... for at least one specific reason,65.5,<10%
3262,Eritrea,F,Employment,Employed for kind,... for at least one specific reason,82.8,<10%
3263,Eritrea,F,Employment,Unemployed,... for at least one specific reason,70.9,<10%
3264,Eritrea,F,Employment,Employed for cash,... if she argues with him,36.8,<10%
3265,Eritrea,F,Employment,Employed for kind,... if she argues with him,60.2,<10%
3266,Eritrea,F,Employment,Unemployed,... if she argues with him,45,<10%
3267,Eritrea,F,Employment,Employed for cash,... if she goes out without telling him,43.8,<10%
3268,Eritrea,F,Employment,Employed for kind,... if she goes out without telling him,63.1,<10%
3269,Eritrea,F,Employment,Unemployed,... if she goes out without telling him,52.5,<10%
3270,Eritrea,F,Employment,Employed for cash,... if she neglects the children,49.5,<10%
3271,Eritrea,F,Employment,Employed for kind,... if she neglects the children,62.5,<10%
3272,Eritrea,F,Employment,Unemployed,... if she neglects the children,50.3,<10%
3273,Eritrea,F,Employment,Employed for cash,... if she refuses to have sex with him,39.8,<10%
3274,Eritrea,F,Employment,Employed for kind,... if she refuses to have sex with him,59.5,<10%
3275,Eritrea,F,Employment,Unemployed,... if she refuses to have sex with him,48.7,<10%
3276,Eritrea,F,Marital status,Married or living together,... for at least one specific reason,73.1,<10%
3277,Eritrea,F,Marital status,Never married,... for at least one specific reason,61.4,<10%
3278,Eritrea,F,Marital status,"Widowed, divorced, separated",... for at least one specific reason,75.9,<10%
3279,Eritrea,F,Marital status,Married or living together,... if she argues with him,48.7,<10%
3280,Eritrea,F,Marital status,Never married,... if she argues with him,32.8,<10%
3281,Eritrea,F,Marital status,"Widowed, divorced, separated",... if she argues with him,44.7,<10%
3282,Eritrea,F,Marital status,Married or living together,... if she goes out without telling him,55.6,<10%
3283,Eritrea,F,Marital status,Never married,... if she goes out without telling him,39.9,<10%
3284,Eritrea,F,Marital status,"Widowed, divorced, separated",... if she goes out without telling him,53.1,<10%
3285,Eritrea,F,Marital status,Married or living together,... if she neglects the children,52.2,<10%
3286,Eritrea,F,Marital status,Never married,... if she neglects the children,44.9,<10%
3287,Eritrea,F,Marital status,"Widowed, divorced, separated",... if she neglects the children,56.4,<10%
3288,Eritrea,F,Marital status,Married or living together,... if she refuses to have sex with him,52.6,<10%
3289,Eritrea,F,Marital status,Never married,... if she refuses to have sex with him,32.8,<10%
3290,Eritrea,F,Marital status,"Widowed, divorced, separated",... if she refuses to have sex with him,51.5,<10%
3291,Eritrea,F,Residence,Rural,... for at least one specific reason,77.9,<10%
3292,Eritrea,F,Residence,Urban,... for at least one specific reason,61.1,<10%
3293,Eritrea,F,Residence,Rural,... if she argues with him,55.3,<10%
3294,Eritrea,F,Residence,Urban,... if she argues with him,30.4,<10%
3295,Eritrea,F,Residence,Rural,... if she goes out without telling him,61,<10%
3296,Eritrea,F,Residence,Urban,... if she goes out without telling him,39.2,<10%
3297,Eritrea,F,Residence,Rural,... if she neglects the children,56.5,<10%
3298,Eritrea,F,Residence,Urban,... if she neglects the children,43.7,<10%
3299,Eritrea,F,Residence,Rural,... if she refuses to have sex with him,58.1,<10%
3300,Eritrea,F,Residence,Urban,... if she refuses to have sex with him,34.3,<10%
3301,Eswatini,F,Education,Higher,... if she burns the food,0.2,<10%
3302,Eswatini,F,Education,Secondary,... if she burns the food,1.4,<10%
3303,Eswatini,F,Residence,Urban,... if she burns the food,1.8,<10%
3304,Eswatini,F,Employment,Employed for cash,... if she burns the food,1.9,<10%
3305,Eswatini,F,Age,35-49,... if she burns the food,2,<10%
3306,Eswatini,F,Age,25-34,... if she burns the food,2.4,<10%
3307,Eswatini,F,Marital status,Married or living together,... if she burns the food,2.6,<10%
3308,Eswatini,F,Marital status,Never married,... if she burns the food,3,<10%
3309,Eswatini,F,Marital status,"Widowed, divorced, separated",... if she burns the food,3.2,<10%
3310,Eswatini,F,Residence,Rural,... if she burns the food,3.3,<10%
3311,Eswatini,F,Employment,Unemployed,... if she burns the food,3.6,<10%
3312,Eswatini,F,Age,15-24,... if she burns the food,3.7,<10%
3313,Eswatini,F,Education,Primary,... if she burns the food,5.2,<10%
3314,Eswatini,F,Education,No education,... if she burns the food,5.3,<10%
3315,Eswatini,F,Employment,Employed for kind,... if she burns the food,5.4,<10%
3316,Eswatini,M,Education,Higher,... if she burns the food,1,<10%
3317,Eswatini,M,Age,25-34,... if she burns the food,1.5,<10%
3318,Eswatini,M,Residence,Urban,... if she burns the food,1.8,<10%
3319,Eswatini,M,Marital status,Married or living together,... if she burns the food,1.9,<10%
3320,Eswatini,M,Employment,Employed for cash,... if she burns the food,2.5,<10%
3321,Eswatini,M,Age,35-49,... if she burns the food,2.7,<10%
3322,Eswatini,M,Education,Secondary,... if she burns the food,2.8,<10%
3323,Eswatini,M,Marital status,"Widowed, divorced, separated",... if she burns the food,3,<10%
3324,Eswatini,M,Education,No education,... if she burns the food,4.1,<10%
3325,Eswatini,M,Residence,Rural,... if she burns the food,5.1,<10%
3326,Eswatini,M,Marital status,Never married,... if she burns the food,5.3,<10%
3327,Eswatini,M,Employment,Unemployed,... if she burns the food,5.7,<10%
3328,Eswatini,M,Age,15-24,... if she burns the food,6.1,<10%
3329,Eswatini,M,Employment,Employed for kind,... if she burns the food,6.6,<10%
3330,Eswatini,M,Education,Primary,... if she burns the food,6.8,<10%
3331,Eswatini,F,Age,15-24,... for at least one specific reason,31.5,<10%
3332,Eswatini,F,Age,25-34,... for at least one specific reason,15.7,<10%
3333,Eswatini,F,Age,35-49,... for at least one specific reason,16.2,<10%
3334,Eswatini,F,Age,15-24,... if she argues with him,23.4,<10%
3335,Eswatini,F,Age,25-34,... if she argues with him,11.7,<10%
3336,Eswatini,F,Age,35-49,... if she argues with him,11.5,<10%
3337,Eswatini,F,Age,15-24,... if she goes out without telling him,13.5,<10%
3338,Eswatini,F,Age,25-34,... if she goes out without telling him,4.5,<10%
3339,Eswatini,F,Age,35-49,... if she goes out without telling him,6.6,<10%
3340,Eswatini,F,Age,15-24,... if she neglects the children,17,<10%
3341,Eswatini,F,Age,25-34,... if she neglects the children,6.3,<10%
3342,Eswatini,F,Age,35-49,... if she neglects the children,5.7,<10%
3343,Eswatini,F,Age,15-24,... if she refuses to have sex with him,3.2,<10%
3344,Eswatini,F,Age,25-34,... if she refuses to have sex with him,3.2,<10%
3345,Eswatini,F,Age,35-49,... if she refuses to have sex with him,3.6,<10%
3346,Eswatini,F,Education,Higher,... for at least one specific reason,3.9,<10%
3347,Eswatini,F,Education,No education,... for at least one specific reason,30.1,<10%
3348,Eswatini,F,Education,Primary,... for at least one specific reason,31.4,<10%
3349,Eswatini,F,Education,Secondary,... for at least one specific reason,19.7,<10%
3350,Eswatini,F,Education,Higher,... if she argues with him,2.1,<10%
3351,Eswatini,F,Education,No education,... if she argues with him,23.9,<10%
3352,Eswatini,F,Education,Primary,... if she argues with him,23.9,<10%
3353,Eswatini,F,Education,Secondary,... if she argues with him,13.8,<10%
3354,Eswatini,F,Education,Higher,... if she goes out without telling him,1.2,<10%
3355,Eswatini,F,Education,No education,... if she goes out without telling him,11.8,<10%
3356,Eswatini,F,Education,Primary,... if she goes out without telling him,13.9,<10%
3357,Eswatini,F,Education,Secondary,... if she goes out without telling him,7.1,<10%
3358,Eswatini,F,Education,Higher,... if she neglects the children,1.4,<10%
3359,Eswatini,F,Education,No education,... if she neglects the children,12.2,<10%
3360,Eswatini,F,Education,Primary,... if she neglects the children,14.9,<10%
3361,Eswatini,F,Education,Secondary,... if she neglects the children,10,<10%
3362,Eswatini,F,Education,Higher,... if she refuses to have sex with him,0.3,<10%
3363,Eswatini,F,Education,No education,... if she refuses to have sex with him,7.6,<10%
3364,Eswatini,F,Education,Primary,... if she refuses to have sex with him,5.8,<10%
3365,Eswatini,F,Education,Secondary,... if she refuses to have sex with him,1.5,<10%
3366,Eswatini,F,Employment,Employed for cash,... for at least one specific reason,17.9,<10%
3367,Eswatini,F,Employment,Employed for kind,... for at least one specific reason,38.1,<10%
3368,Eswatini,F,Employment,Unemployed,... for at least one specific reason,26.4,<10%
3369,Eswatini,F,Employment,Employed for cash,... if she argues with him,13.9,<10%
3370,Eswatini,F,Employment,Employed for kind,... if she argues with him,29,<10%
3371,Eswatini,F,Employment,Unemployed,... if she argues with him,18.7,<10%
3372,Eswatini,F,Employment,Employed for cash,... if she goes out without telling him,5.4,<10%
3373,Eswatini,F,Employment,Employed for kind,... if she goes out without telling him,9.1,<10%
3374,Eswatini,F,Employment,Unemployed,... if she goes out without telling him,11.8,<10%
3375,Eswatini,F,Employment,Employed for cash,... if she neglects the children,7.4,<10%
3376,Eswatini,F,Employment,Employed for kind,... if she neglects the children,15.4,<10%
3377,Eswatini,F,Employment,Unemployed,... if she neglects the children,13.5,<10%
3378,Eswatini,F,Employment,Employed for cash,... if she refuses to have sex with him,2.9,<10%
3379,Eswatini,F,Employment,Employed for kind,... if she refuses to have sex with him,3.6,<10%
3380,Eswatini,F,Employment,Unemployed,... if she refuses to have sex with him,3.6,<10%
3381,Eswatini,F,Marital status,Married or living together,... for at least one specific reason,19.5,<10%
3382,Eswatini,F,Marital status,Never married,... for at least one specific reason,26.7,<10%
3383,Eswatini,F,Marital status,"Widowed, divorced, separated",... for at least one specific reason,20.3,<10%
3384,Eswatini,F,Marital status,Married or living together,... if she argues with him,15.3,<10%
3385,Eswatini,F,Marital status,Never married,... if she argues with him,19.1,<10%
3386,Eswatini,F,Marital status,"Widowed, divorced, separated",... if she argues with him,13.9,<10%
3387,Eswatini,F,Marital status,Married or living together,... if she goes out without telling him,7.8,<10%
3388,Eswatini,F,Marital status,Never married,... if she goes out without telling him,10.9,<10%
3389,Eswatini,F,Marital status,"Widowed, divorced, separated",... if she goes out without telling him,6.6,<10%
3390,Eswatini,F,Marital status,Married or living together,... if she neglects the children,7.5,<10%
3391,Eswatini,F,Marital status,Never married,... if she neglects the children,14.8,<10%
3392,Eswatini,F,Marital status,"Widowed, divorced, separated",... if she neglects the children,7.3,<10%
3393,Eswatini,F,Marital status,Married or living together,... if she refuses to have sex with him,3.6,<10%
3394,Eswatini,F,Marital status,Never married,... if she refuses to have sex with him,2.5,<10%
3395,Eswatini,F,Marital status,"Widowed, divorced, separated",... if she refuses to have sex with him,6.8,<10%
3396,Eswatini,F,Residence,Rural,... for at least one specific reason,27,<10%
3397,Eswatini,F,Residence,Urban,... for at least one specific reason,12.6,<10%
3398,Eswatini,F,Residence,Rural,... if she argues with him,19.9,<10%
3399,Eswatini,F,Residence,Urban,... if she argues with him,9.3,<10%
3400,Eswatini,F,Residence,Rural,... if she goes out without telling him,11.1,<10%
3401,Eswatini,F,Residence,Urban,... if she goes out without telling him,4,<10%
3402,Eswatini,F,Residence,Rural,... if she neglects the children,13,<10%
3403,Eswatini,F,Residence,Urban,... if she neglects the children,6.1,<10%
3404,Eswatini,F,Residence,Rural,... if she refuses to have sex with him,3.9,<10%
3405,Eswatini,F,Residence,Urban,... if she refuses to have sex with him,1.6,<10%
3406,Eswatini,M,Age,15-24,... for at least one specific reason,41.7,<10%
3407,Eswatini,M,Age,25-34,... for at least one specific reason,21.9,<10%
3408,Eswatini,M,Age,35-49,... for at least one specific reason,16.7,<10%
3409,Eswatini,M,Age,15-24,... if she argues with him,30.5,<10%
3410,Eswatini,M,Age,25-34,... if she argues with him,15.7,<10%
3411,Eswatini,M,Age,35-49,... if she argues with him,11.6,<10%
3412,Eswatini,M,Age,15-24,... if she goes out without telling him,20.3,<10%
3413,Eswatini,M,Age,25-34,... if she goes out without telling him,9.9,<10%
3414,Eswatini,M,Age,35-49,... if she goes out without telling him,7.4,<10%
3415,Eswatini,M,Age,15-24,... if she neglects the children,21.5,<10%
3416,Eswatini,M,Age,25-34,... if she neglects the children,9,<10%
3417,Eswatini,M,Age,35-49,... if she neglects the children,6.9,<10%
3418,Eswatini,M,Age,15-24,... if she refuses to have sex with him,4.4,<10%
3419,Eswatini,M,Age,25-34,... if she refuses to have sex with him,2.6,<10%
3420,Eswatini,M,Age,35-49,... if she refuses to have sex with him,3.2,<10%
3421,Eswatini,M,Education,Higher,... for at least one specific reason,10.4,<10%
3422,Eswatini,M,Education,No education,... for at least one specific reason,28,<10%
3423,Eswatini,M,Education,Primary,... for at least one specific reason,40.9,<10%
3424,Eswatini,M,Education,Secondary,... for at least one specific reason,28.5,<10%
3425,Eswatini,M,Education,Higher,... if she argues with him,7.7,<10%
3426,Eswatini,M,Education,No education,... if she argues with him,21.1,<10%
3427,Eswatini,M,Education,Primary,... if she argues with him,30.6,<10%
3428,Eswatini,M,Education,Secondary,... if she argues with him,19.8,<10%
3429,Eswatini,M,Education,Higher,... if she goes out without telling him,4.1,<10%
3430,Eswatini,M,Education,No education,... if she goes out without telling him,11.5,<10%
3431,Eswatini,M,Education,Primary,... if she goes out without telling him,21,<10%
3432,Eswatini,M,Education,Secondary,... if she goes out without telling him,12.9,<10%
3433,Eswatini,M,Education,Higher,... if she neglects the children,5.1,<10%
3434,Eswatini,M,Education,No education,... if she neglects the children,12.2,<10%
3435,Eswatini,M,Education,Primary,... if she neglects the children,21,<10%
3436,Eswatini,M,Education,Secondary,... if she neglects the children,13.3,<10%
3437,Eswatini,M,Education,Higher,... if she refuses to have sex with him,1.5,<10%
3438,Eswatini,M,Education,No education,... if she refuses to have sex with him,6.1,<10%
3439,Eswatini,M,Education,Primary,... if she refuses to have sex with him,6.3,<10%
3440,Eswatini,M,Education,Secondary,... if she refuses to have sex with him,1.9,<10%
3441,Eswatini,M,Employment,Employed for cash,... for at least one specific reason,24.8,<10%
3442,Eswatini,M,Employment,Employed for kind,... for at least one specific reason,37.7,<10%
3443,Eswatini,M,Employment,Unemployed,... for at least one specific reason,38.1,<10%
3444,Eswatini,M,Employment,Employed for cash,... if she argues with him,17.9,<10%
3445,Eswatini,M,Employment,Employed for kind,... if she argues with him,26.8,<10%
3446,Eswatini,M,Employment,Unemployed,... if she argues with him,27.7,<10%
3447,Eswatini,M,Employment,Employed for cash,... if she goes out without telling him,11.6,<10%
3448,Eswatini,M,Employment,Employed for kind,... if she goes out without telling him,16.7,<10%
3449,Eswatini,M,Employment,Unemployed,... if she goes out without telling him,18.5,<10%
3450,Eswatini,M,Employment,Employed for cash,... if she neglects the children,11.3,<10%
3451,Eswatini,M,Employment,Employed for kind,... if she neglects the children,21.4,<10%
3452,Eswatini,M,Employment,Unemployed,... if she neglects the children,18.9,<10%
3453,Eswatini,M,Employment,Employed for cash,... if she refuses to have sex with him,3,<10%
3454,Eswatini,M,Employment,Employed for kind,... if she refuses to have sex with him,5.7,<10%
3455,Eswatini,M,Employment,Unemployed,... if she refuses to have sex with him,4.2,<10%
3456,Eswatini,M,Marital status,Married or living together,... for at least one specific reason,18.7,<10%
3457,Eswatini,M,Marital status,Never married,... for at least one specific reason,37.3,<10%
3458,Eswatini,M,Marital status,"Widowed, divorced, separated",... for at least one specific reason,25.7,<10%
3459,Eswatini,M,Marital status,Married or living together,... if she argues with him,13,<10%
3460,Eswatini,M,Marital status,Never married,... if she argues with him,27.2,<10%
3461,Eswatini,M,Marital status,"Widowed, divorced, separated",... if she argues with him,19.4,<10%
3462,Eswatini,M,Marital status,Married or living together,... if she goes out without telling him,8.7,<10%
3463,Eswatini,M,Marital status,Never married,... if she goes out without telling him,17.9,<10%
3464,Eswatini,M,Marital status,"Widowed, divorced, separated",... if she goes out without telling him,10.9,<10%
3465,Eswatini,M,Marital status,Married or living together,... if she neglects the children,7,<10%
3466,Eswatini,M,Marital status,Never married,... if she neglects the children,19.1,<10%
3467,Eswatini,M,Marital status,"Widowed, divorced, separated",... if she neglects the children,10.9,<10%
3468,Eswatini,M,Marital status,Married or living together,... if she refuses to have sex with him,2.4,<10%
3469,Eswatini,M,Marital status,Never married,... if she refuses to have sex with him,4.1,<10%
3470,Eswatini,M,Marital status,"Widowed, divorced, separated",... if she refuses to have sex with him,6.1,<10%
3471,Eswatini,M,Residence,Rural,... for at least one specific reason,35.5,<10%
3472,Eswatini,M,Residence,Urban,... for at least one specific reason,20.6,<10%
3473,Eswatini,M,Residence,Rural,... if she argues with him,26.1,<10%
3474,Eswatini,M,Residence,Urban,... if she argues with him,14.1,<10%
3475,Eswatini,M,Residence,Rural,... if she goes out without telling him,17,<10%
3476,Eswatini,M,Residence,Urban,... if she goes out without telling him,9.5,<10%
3477,Eswatini,M,Residence,Rural,... if she neglects the children,17.4,<10%
3478,Eswatini,M,Residence,Urban,... if she neglects the children,9.6,<10%
3479,Eswatini,M,Residence,Rural,... if she refuses to have sex with him,4.2,<10%
3480,Eswatini,M,Residence,Urban,... if she refuses to have sex with him,2.5,<10%
3481,Ethiopia,F,Education,Higher,... if she burns the food,6.4,<10%
3482,Ethiopia,F,Residence,Urban,... if she burns the food,16.3,<10%
3483,Ethiopia,F,Education,Secondary,... if she burns the food,17.7,<10%
3484,Ethiopia,F,Employment,Employed for cash,... if she burns the food,30.2,<10%
3485,Ethiopia,F,Marital status,Never married,... if she burns the food,30.5,<10%
3486,Ethiopia,F,Age,15-24,... if she burns the food,36.4,<10%
3487,Ethiopia,F,Marital status,"Widowed, divorced, separated",... if she burns the food,37.1,<10%
3488,Ethiopia,F,Education,Primary,... if she burns the food,39.4,<10%
3489,Ethiopia,F,Employment,Unemployed,... if she burns the food,40,<10%
3490,Ethiopia,F,Age,25-34,... if she burns the food,40.6,<10%
3491,Ethiopia,F,Age,35-49,... if she burns the food,43.5,<10%
3492,Ethiopia,F,Marital status,Married or living together,... if she burns the food,43.8,<10%
3493,Ethiopia,F,Residence,Rural,... if she burns the food,46.4,<10%
3494,Ethiopia,F,Employment,Employed for kind,... if she burns the food,47.9,<10%
3495,Ethiopia,F,Education,No education,... if she burns the food,49.3,<10%
3496,Ethiopia,M,Education,Higher,... if she burns the food,3.2,<10%
3497,Ethiopia,M,Residence,Urban,... if she burns the food,3.8,<10%
3498,Ethiopia,M,Education,Secondary,... if she burns the food,5.3,<10%
3499,Ethiopia,M,Employment,Unemployed,... if she burns the food,6.7,<10%
3500,Ethiopia,M,Employment,Employed for cash,... if she burns the food,7.7,<10%
3501,Ethiopia,M,Age,25-34,... if she burns the food,10.3,<10%
3502,Ethiopia,M,Age,35-49,... if she burns the food,11.2,<10%
3503,Ethiopia,M,Marital status,Never married,... if she burns the food,11.4,<10%
3504,Ethiopia,M,Marital status,Married or living together,... if she burns the food,11.5,<10%
3505,Ethiopia,M,Education,Primary,... if she burns the food,12.3,<10%
3506,Ethiopia,M,Age,15-24,... if she burns the food,13.1,<10%
3507,Ethiopia,M,Residence,Rural,... if she burns the food,13.6,<10%
3508,Ethiopia,M,Employment,Employed for kind,... if she burns the food,14.3,<10%
3509,Ethiopia,M,Education,No education,... if she burns the food,16.7,<10%
3510,Ethiopia,M,Marital status,"Widowed, divorced, separated",... if she burns the food,19.8,<10%
3511,Ethiopia,F,Age,15-24,... for at least one specific reason,60.3,<10%
3512,Ethiopia,F,Age,25-34,... for at least one specific reason,63.9,<10%
3513,Ethiopia,F,Age,35-49,... for at least one specific reason,65.8,<10%
3514,Ethiopia,F,Age,15-24,... if she argues with him,38.6,<10%
3515,Ethiopia,F,Age,25-34,... if she argues with him,43.6,<10%
3516,Ethiopia,F,Age,35-49,... if she argues with him,45.6,<10%
3517,Ethiopia,F,Age,15-24,... if she goes out without telling him,39.1,<10%
3518,Ethiopia,F,Age,25-34,... if she goes out without telling him,46,<10%
3519,Ethiopia,F,Age,35-49,... if she goes out without telling him,46.1,<10%
3520,Ethiopia,F,Age,15-24,... if she neglects the children,45,<10%
3521,Ethiopia,F,Age,25-34,... if she neglects the children,48.7,<10%
3522,Ethiopia,F,Age,35-49,... if she neglects the children,49.5,<10%
3523,Ethiopia,F,Age,15-24,... if she refuses to have sex with him,29.1,<10%
3524,Ethiopia,F,Age,25-34,... if she refuses to have sex with him,37.5,<10%
3525,Ethiopia,F,Age,35-49,... if she refuses to have sex with him,39.4,<10%
3526,Ethiopia,F,Education,Higher,... for at least one specific reason,26.1,<10%
3527,Ethiopia,F,Education,No education,... for at least one specific reason,71.9,<10%
3528,Ethiopia,F,Education,Primary,... for at least one specific reason,63.7,<10%
3529,Ethiopia,F,Education,Secondary,... for at least one specific reason,41.9,<10%
3530,Ethiopia,F,Education,Higher,... if she argues with him,9.6,<10%
3531,Ethiopia,F,Education,No education,... if she argues with him,50.9,<10%
3532,Ethiopia,F,Education,Primary,... if she argues with him,42.3,<10%
3533,Ethiopia,F,Education,Secondary,... if she argues with him,21.4,<10%
3534,Ethiopia,F,Education,Higher,... if she goes out without telling him,11.7,<10%
3535,Ethiopia,F,Education,No education,... if she goes out without telling him,52.2,<10%
3536,Ethiopia,F,Education,Primary,... if she goes out without telling him,42.3,<10%
3537,Ethiopia,F,Education,Secondary,... if she goes out without telling him,25.2,<10%
3538,Ethiopia,F,Education,Higher,... if she neglects the children,19.6,<10%
3539,Ethiopia,F,Education,No education,... if she neglects the children,54.5,<10%
3540,Ethiopia,F,Education,Primary,... if she neglects the children,47.7,<10%
3541,Ethiopia,F,Education,Secondary,... if she neglects the children,31.2,<10%
3542,Ethiopia,F,Education,Higher,... if she refuses to have sex with him,5.6,<10%
3543,Ethiopia,F,Education,No education,... if she refuses to have sex with him,44,<10%
3544,Ethiopia,F,Education,Primary,... if she refuses to have sex with him,32.9,<10%
3545,Ethiopia,F,Education,Secondary,... if she refuses to have sex with him,16.1,<10%
3546,Ethiopia,F,Employment,Employed for cash,... for at least one specific reason,54.6,<10%
3547,Ethiopia,F,Employment,Employed for kind,... for at least one specific reason,71.3,<10%
3548,Ethiopia,F,Employment,Unemployed,... for at least one specific reason,62.5,<10%
3549,Ethiopia,F,Employment,Employed for cash,... if she argues with him,33.8,<10%
3550,Ethiopia,F,Employment,Employed for kind,... if she argues with him,49,<10%
3551,Ethiopia,F,Employment,Unemployed,... if she argues with him,42.4,<10%
3552,Ethiopia,F,Employment,Employed for cash,... if she goes out without telling him,36,<10%
3553,Ethiopia,F,Employment,Employed for kind,... if she goes out without telling him,46.5,<10%
3554,Ethiopia,F,Employment,Unemployed,... if she goes out without telling him,45.2,<10%
3555,Ethiopia,F,Employment,Employed for cash,... if she neglects the children,40.7,<10%
3556,Ethiopia,F,Employment,Employed for kind,... if she neglects the children,53.1,<10%
3557,Ethiopia,F,Employment,Unemployed,... if she neglects the children,47.7,<10%
3558,Ethiopia,F,Employment,Employed for cash,... if she refuses to have sex with him,25.7,<10%
3559,Ethiopia,F,Employment,Employed for kind,... if she refuses to have sex with him,41.4,<10%
3560,Ethiopia,F,Employment,Unemployed,... if she refuses to have sex with him,35.4,<10%
3561,Ethiopia,F,Marital status,Married or living together,... for at least one specific reason,66.6,<10%
3562,Ethiopia,F,Marital status,Never married,... for at least one specific reason,53.7,<10%
3563,Ethiopia,F,Marital status,"Widowed, divorced, separated",... for at least one specific reason,63.6,<10%
3564,Ethiopia,F,Marital status,Married or living together,... if she argues with him,46.4,<10%
3565,Ethiopia,F,Marital status,Never married,... if she argues with him,32.3,<10%
3566,Ethiopia,F,Marital status,"Widowed, divorced, separated",... if she argues with him,39.7,<10%
3567,Ethiopia,F,Marital status,Married or living together,... if she goes out without telling him,47.5,<10%
3568,Ethiopia,F,Marital status,Never married,... if she goes out without telling him,34.4,<10%
3569,Ethiopia,F,Marital status,"Widowed, divorced, separated",... if she goes out without telling him,38.7,<10%
3570,Ethiopia,F,Marital status,Married or living together,... if she neglects the children,50.8,<10%
3571,Ethiopia,F,Marital status,Never married,... if she neglects the children,39.8,<10%
3572,Ethiopia,F,Marital status,"Widowed, divorced, separated",... if she neglects the children,45.4,<10%
3573,Ethiopia,F,Marital status,Married or living together,... if she refuses to have sex with him,39.4,<10%
3574,Ethiopia,F,Marital status,Never married,... if she refuses to have sex with him,23.6,<10%
3575,Ethiopia,F,Marital status,"Widowed, divorced, separated",... if she refuses to have sex with him,32.7,<10%
3576,Ethiopia,F,Residence,Rural,... for at least one specific reason,69.8,<10%
3577,Ethiopia,F,Residence,Urban,... for at least one specific reason,39.2,<10%
3578,Ethiopia,F,Residence,Rural,... if she argues with him,48.1,<10%
3579,Ethiopia,F,Residence,Urban,... if she argues with him,21.1,<10%
3580,Ethiopia,F,Residence,Rural,... if she goes out without telling him,49,<10%
3581,Ethiopia,F,Residence,Urban,... if she goes out without telling him,23.6,<10%
3582,Ethiopia,F,Residence,Rural,... if she neglects the children,52.7,<10%
3583,Ethiopia,F,Residence,Urban,... if she neglects the children,29,<10%
3584,Ethiopia,F,Residence,Rural,... if she refuses to have sex with him,40.2,<10%
3585,Ethiopia,F,Residence,Urban,... if she refuses to have sex with him,15.4,<10%
3586,Ethiopia,M,Age,15-24,... for at least one specific reason,31.4,<10%
3587,Ethiopia,M,Age,25-34,... for at least one specific reason,23.4,<10%
3588,Ethiopia,M,Age,35-49,... for at least one specific reason,27.4,<10%
3589,Ethiopia,M,Age,15-24,... if she argues with him,18,<10%
3590,Ethiopia,M,Age,25-34,... if she argues with him,13.2,<10%
3591,Ethiopia,M,Age,35-49,... if she argues with him,16.4,<10%
3592,Ethiopia,M,Age,15-24,... if she goes out without telling him,17,<10%
3593,Ethiopia,M,Age,25-34,... if she goes out without telling him,14.8,<10%
3594,Ethiopia,M,Age,35-49,... if she goes out without telling him,18.6,<10%
3595,Ethiopia,M,Age,15-24,... if she neglects the children,21.8,<10%
3596,Ethiopia,M,Age,25-34,... if she neglects the children,15.9,<10%
3597,Ethiopia,M,Age,35-49,... if she neglects the children,19,<10%
3598,Ethiopia,M,Age,15-24,... if she refuses to have sex with him,14.1,<10%
3599,Ethiopia,M,Age,25-34,... if she refuses to have sex with him,11.4,<10%
3600,Ethiopia,M,Age,35-49,... if she refuses to have sex with him,11.9,<10%
3601,Ethiopia,M,Education,Higher,... for at least one specific reason,11.2,<10%
3602,Ethiopia,M,Education,No education,... for at least one specific reason,36,<10%
3603,Ethiopia,M,Education,Primary,... for at least one specific reason,29,<10%
3604,Ethiopia,M,Education,Secondary,... for at least one specific reason,18,<10%
3605,Ethiopia,M,Education,Higher,... if she argues with him,5.5,<10%
3606,Ethiopia,M,Education,No education,... if she argues with him,21.5,<10%
3607,Ethiopia,M,Education,Primary,... if she argues with him,17.4,<10%
3608,Ethiopia,M,Education,Secondary,... if she argues with him,7.9,<10%
3609,Ethiopia,M,Education,Higher,... if she goes out without telling him,5.6,<10%
3610,Ethiopia,M,Education,No education,... if she goes out without telling him,22.4,<10%
3611,Ethiopia,M,Education,Primary,... if she goes out without telling him,17.7,<10%
3612,Ethiopia,M,Education,Secondary,... if she goes out without telling him,10.2,<10%
3613,Ethiopia,M,Education,Higher,... if she neglects the children,7.5,<10%
3614,Ethiopia,M,Education,No education,... if she neglects the children,25.9,<10%
3615,Ethiopia,M,Education,Primary,... if she neglects the children,19.3,<10%
3616,Ethiopia,M,Education,Secondary,... if she neglects the children,13,<10%
3617,Ethiopia,M,Education,Higher,... if she refuses to have sex with him,4.3,<10%
3618,Ethiopia,M,Education,No education,... if she refuses to have sex with him,17.4,<10%
3619,Ethiopia,M,Education,Primary,... if she refuses to have sex with him,13.3,<10%
3620,Ethiopia,M,Education,Secondary,... if she refuses to have sex with him,6.4,<10%
3621,Ethiopia,M,Employment,Employed for cash,... for at least one specific reason,17.5,<10%
3622,Ethiopia,M,Employment,Employed for kind,... for at least one specific reason,33.6,<10%
3623,Ethiopia,M,Employment,Unemployed,... for at least one specific reason,20.9,<10%
3624,Ethiopia,M,Employment,Employed for cash,... if she argues with him,9.3,<10%
3625,Ethiopia,M,Employment,Employed for kind,... if she argues with him,19.9,<10%
3626,Ethiopia,M,Employment,Unemployed,... if she argues with him,11.7,<10%
3627,Ethiopia,M,Employment,Employed for cash,... if she goes out without telling him,10.6,<10%
3628,Ethiopia,M,Employment,Employed for kind,... if she goes out without telling him,20.5,<10%
3629,Ethiopia,M,Employment,Unemployed,... if she goes out without telling him,11.5,<10%
3630,Ethiopia,M,Employment,Employed for cash,... if she neglects the children,11.6,<10%
3631,Ethiopia,M,Employment,Employed for kind,... if she neglects the children,23.4,<10%
3632,Ethiopia,M,Employment,Unemployed,... if she neglects the children,14.9,<10%
3633,Ethiopia,M,Employment,Employed for cash,... if she refuses to have sex with him,8,<10%
3634,Ethiopia,M,Employment,Employed for kind,... if she refuses to have sex with him,15.3,<10%
3635,Ethiopia,M,Employment,Unemployed,... if she refuses to have sex with him,9,<10%
3636,Ethiopia,M,Marital status,Married or living together,... for at least one specific reason,26.7,<10%
3637,Ethiopia,M,Marital status,Never married,... for at least one specific reason,28.2,<10%
3638,Ethiopia,M,Marital status,"Widowed, divorced, separated",... for at least one specific reason,40.9,<10%
3639,Ethiopia,M,Marital status,Married or living together,... if she argues with him,15.5,<10%
3640,Ethiopia,M,Marital status,Never married,... if she argues with him,16.3,<10%
3641,Ethiopia,M,Marital status,"Widowed, divorced, separated",... if she argues with him,22.9,<10%
3642,Ethiopia,M,Marital status,Married or living together,... if she goes out without telling him,17.3,<10%
3643,Ethiopia,M,Marital status,Never married,... if she goes out without telling him,15.7,<10%
3644,Ethiopia,M,Marital status,"Widowed, divorced, separated",... if she goes out without telling him,22.6,<10%
3645,Ethiopia,M,Marital status,Married or living together,... if she neglects the children,18,<10%
3646,Ethiopia,M,Marital status,Never married,... if she neglects the children,20.2,<10%
3647,Ethiopia,M,Marital status,"Widowed, divorced, separated",... if she neglects the children,26.6,<10%
3648,Ethiopia,M,Marital status,Married or living together,... if she refuses to have sex with him,12.1,<10%
3649,Ethiopia,M,Marital status,Never married,... if she refuses to have sex with him,12.7,<10%
3650,Ethiopia,M,Marital status,"Widowed, divorced, separated",... if she refuses to have sex with him,21,<10%
3651,Ethiopia,M,Residence,Rural,... for at least one specific reason,30.8,<10%
3652,Ethiopia,M,Residence,Urban,... for at least one specific reason,15.1,<10%
3653,Ethiopia,M,Residence,Rural,... if she argues with him,18.4,<10%
3654,Ethiopia,M,Residence,Urban,... if she argues with him,6.3,<10%
3655,Ethiopia,M,Residence,Rural,... if she goes out without telling him,19.2,<10%
3656,Ethiopia,M,Residence,Urban,... if she goes out without telling him,7.2,<10%
3657,Ethiopia,M,Residence,Rural,... if she neglects the children,21.2,<10%
3658,Ethiopia,M,Residence,Urban,... if she neglects the children,10.6,<10%
3659,Ethiopia,M,Residence,Rural,... if she refuses to have sex with him,14.3,<10%
3660,Ethiopia,M,Residence,Urban,... if she refuses to have sex with him,5.9,<10%
3661,Gabon,F,Education,Higher,... if she burns the food,2.2,>25%
3662,Gabon,F,Residence,Urban,... if she burns the food,9.5,>25%
3663,Gabon,F,Education,Secondary,... if she burns the food,9.6,>25%
3664,Gabon,F,Age,25-34,... if she burns the food,9.8,>25%
3665,Gabon,F,Marital status,Never married,... if she burns the food,9.9,>25%
3666,Gabon,F,Employment,Employed for cash,... if she burns the food,10.4,>25%
3667,Gabon,F,Marital status,Married or living together,... if she burns the food,10.4,>25%
3668,Gabon,F,Age,15-24,... if she burns the food,10.6,>25%
3669,Gabon,F,Employment,Unemployed,... if she burns the food,10.6,>25%
3670,Gabon,F,Age,35-49,... if she burns the food,11.7,>25%
3671,Gabon,F,Employment,Employed for kind,... if she burns the food,12,>25%
3672,Gabon,F,Marital status,"Widowed, divorced, separated",... if she burns the food,14.5,>25%
3673,Gabon,F,Education,No education,... if she burns the food,15.9,>25%
3674,Gabon,F,Education,Primary,... if she burns the food,16.6,>25%
3675,Gabon,F,Residence,Rural,... if she burns the food,19.1,>25%
3676,Gabon,M,Education,Higher,... if she burns the food,3.5,>25%
3677,Gabon,M,Employment,Employed for kind,... if she burns the food,5,>25%
3678,Gabon,M,Age,35-49,... if she burns the food,5.2,>25%
3679,Gabon,M,Marital status,"Widowed, divorced, separated",... if she burns the food,5.6,>25%
3680,Gabon,M,Marital status,Married or living together,... if she burns the food,6.2,>25%
3681,Gabon,M,Employment,Employed for cash,... if she burns the food,6.5,>25%
3682,Gabon,M,Age,25-34,... if she burns the food,6.6,>25%
3683,Gabon,M,Residence,Urban,... if she burns the food,6.8,>25%
3684,Gabon,M,Education,Primary,... if she burns the food,6.9,>25%
3685,Gabon,M,Residence,Rural,... if she burns the food,6.9,>25%
3686,Gabon,M,Education,Secondary,... if she burns the food,7.2,>25%
3687,Gabon,M,Marital status,Never married,... if she burns the food,7.5,>25%
3688,Gabon,M,Employment,Unemployed,... if she burns the food,8.2,>25%
3689,Gabon,M,Age,15-24,... if she burns the food,8.5,>25%
3690,Gabon,M,Education,No education,... if she burns the food,9.9,>25%
3691,Gabon,F,Age,15-24,... for at least one specific reason,55,>25%
3692,Gabon,F,Age,25-34,... for at least one specific reason,46.2,>25%
3693,Gabon,F,Age,35-49,... for at least one specific reason,47.9,>25%
3694,Gabon,F,Age,15-24,... if she argues with him,27,>25%
3695,Gabon,F,Age,25-34,... if she argues with him,23.6,>25%
3696,Gabon,F,Age,35-49,... if she argues with him,27.6,>25%
3697,Gabon,F,Age,15-24,... if she goes out without telling him,17.9,>25%
3698,Gabon,F,Age,25-34,... if she goes out without telling him,18.1,>25%
3699,Gabon,F,Age,35-49,... if she goes out without telling him,21.8,>25%
3700,Gabon,F,Age,15-24,... if she neglects the children,45,>25%
3701,Gabon,F,Age,25-34,... if she neglects the children,36.6,>25%
3702,Gabon,F,Age,35-49,... if she neglects the children,37.3,>25%
3703,Gabon,F,Age,15-24,... if she refuses to have sex with him,6,>25%
3704,Gabon,F,Age,25-34,... if she refuses to have sex with him,9.5,>25%
3705,Gabon,F,Age,35-49,... if she refuses to have sex with him,12.2,>25%
3706,Gabon,F,Education,Higher,... for at least one specific reason,24.1,>25%
3707,Gabon,F,Education,No education,... for at least one specific reason,58.7,>25%
3708,Gabon,F,Education,Primary,... for at least one specific reason,59,>25%
3709,Gabon,F,Education,Secondary,... for at least one specific reason,50.7,>25%
3710,Gabon,F,Education,Higher,... if she argues with him,10.9,>25%
3711,Gabon,F,Education,No education,... if she argues with him,37.1,>25%
3712,Gabon,F,Education,Primary,... if she argues with him,35,>25%
3713,Gabon,F,Education,Secondary,... if she argues with him,24.7,>25%
3714,Gabon,F,Education,Higher,... if she goes out without telling him,3.8,>25%
3715,Gabon,F,Education,No education,... if she goes out without telling him,35.6,>25%
3716,Gabon,F,Education,Primary,... if she goes out without telling him,32.6,>25%
3717,Gabon,F,Education,Secondary,... if she goes out without telling him,15.7,>25%
3718,Gabon,F,Education,Higher,... if she neglects the children,17.1,>25%
3719,Gabon,F,Education,No education,... if she neglects the children,50.2,>25%
3720,Gabon,F,Education,Primary,... if she neglects the children,46.2,>25%
3721,Gabon,F,Education,Secondary,... if she neglects the children,41.1,>25%
3722,Gabon,F,Education,Higher,... if she refuses to have sex with him,2.2,>25%
3723,Gabon,F,Education,No education,... if she refuses to have sex with him,23.2,>25%
3724,Gabon,F,Education,Primary,... if she refuses to have sex with him,16.3,>25%
3725,Gabon,F,Education,Secondary,... if she refuses to have sex with him,6.4,>25%
3726,Gabon,F,Employment,Employed for cash,... for at least one specific reason,48.8,>25%
3727,Gabon,F,Employment,Employed for kind,... for at least one specific reason,57.7,>25%
3728,Gabon,F,Employment,Unemployed,... for at least one specific reason,50.5,>25%
3729,Gabon,F,Employment,Employed for cash,... if she argues with him,26.3,>25%
3730,Gabon,F,Employment,Employed for kind,... if she argues with him,31.7,>25%
3731,Gabon,F,Employment,Unemployed,... if she argues with him,25.1,>25%
3732,Gabon,F,Employment,Employed for cash,... if she goes out without telling him,18.6,>25%
3733,Gabon,F,Employment,Employed for kind,... if she goes out without telling him,26.8,>25%
3734,Gabon,F,Employment,Unemployed,... if she goes out without telling him,18.4,>25%
3735,Gabon,F,Employment,Employed for cash,... if she neglects the children,38.2,>25%
3736,Gabon,F,Employment,Employed for kind,... if she neglects the children,48.3,>25%
3737,Gabon,F,Employment,Unemployed,... if she neglects the children,40.8,>25%
3738,Gabon,F,Employment,Employed for cash,... if she refuses to have sex with him,10.4,>25%
3739,Gabon,F,Employment,Employed for kind,... if she refuses to have sex with him,12.3,>25%
3740,Gabon,F,Employment,Unemployed,... if she refuses to have sex with him,7.1,>25%
3741,Gabon,F,Marital status,Married or living together,... for at least one specific reason,51.3,>25%
3742,Gabon,F,Marital status,Never married,... for at least one specific reason,47.8,>25%
3743,Gabon,F,Marital status,"Widowed, divorced, separated",... for at least one specific reason,53.3,>25%
3744,Gabon,F,Marital status,Married or living together,... if she argues with him,28,>25%
3745,Gabon,F,Marital status,Never married,... if she argues with him,22.1,>25%
3746,Gabon,F,Marital status,"Widowed, divorced, separated",... if she argues with him,30.1,>25%
3747,Gabon,F,Marital status,Married or living together,... if she goes out without telling him,21.9,>25%
3748,Gabon,F,Marital status,Never married,... if she goes out without telling him,14.4,>25%
3749,Gabon,F,Marital status,"Widowed, divorced, separated",... if she goes out without telling him,20.3,>25%
3750,Gabon,F,Marital status,Married or living together,... if she neglects the children,40.6,>25%
3751,Gabon,F,Marital status,Never married,... if she neglects the children,38.5,>25%
3752,Gabon,F,Marital status,"Widowed, divorced, separated",... if she neglects the children,43.8,>25%
3753,Gabon,F,Marital status,Married or living together,... if she refuses to have sex with him,11.3,>25%
3754,Gabon,F,Marital status,Never married,... if she refuses to have sex with him,4.6,>25%
3755,Gabon,F,Marital status,"Widowed, divorced, separated",... if she refuses to have sex with him,10.7,>25%
3756,Gabon,F,Residence,Rural,... for at least one specific reason,60.9,>25%
3757,Gabon,F,Residence,Urban,... for at least one specific reason,48.9,>25%
3758,Gabon,F,Residence,Rural,... if she argues with him,38.7,>25%
3759,Gabon,F,Residence,Urban,... if she argues with him,24.5,>25%
3760,Gabon,F,Residence,Rural,... if she goes out without telling him,33.3,>25%
3761,Gabon,F,Residence,Urban,... if she goes out without telling him,17.2,>25%
3762,Gabon,F,Residence,Rural,... if she neglects the children,49.7,>25%
3763,Gabon,F,Residence,Urban,... if she neglects the children,39,>25%
3764,Gabon,F,Residence,Rural,... if she refuses to have sex with him,16.2,>25%
3765,Gabon,F,Residence,Urban,... if she refuses to have sex with him,7.9,>25%
3766,Gabon,M,Age,15-24,... for at least one specific reason,44.1,>25%
3767,Gabon,M,Age,25-34,... for at least one specific reason,41.5,>25%
3768,Gabon,M,Age,35-49,... for at least one specific reason,33.3,>25%
3769,Gabon,M,Age,15-24,... if she argues with him,22.5,>25%
3770,Gabon,M,Age,25-34,... if she argues with him,19.7,>25%
3771,Gabon,M,Age,35-49,... if she argues with him,16.2,>25%
3772,Gabon,M,Age,15-24,... if she goes out without telling him,14.9,>25%
3773,Gabon,M,Age,25-34,... if she goes out without telling him,14.4,>25%
3774,Gabon,M,Age,35-49,... if she goes out without telling him,12.8,>25%
3775,Gabon,M,Age,15-24,... if she neglects the children,32.8,>25%
3776,Gabon,M,Age,25-34,... if she neglects the children,31.2,>25%
3777,Gabon,M,Age,35-49,... if she neglects the children,22.9,>25%
3778,Gabon,M,Age,15-24,... if she refuses to have sex with him,7.4,>25%
3779,Gabon,M,Age,25-34,... if she refuses to have sex with him,5.1,>25%
3780,Gabon,M,Age,35-49,... if she refuses to have sex with him,5,>25%
3781,Gabon,M,Education,Higher,... for at least one specific reason,23.5,>25%
3782,Gabon,M,Education,No education,... for at least one specific reason,37.4,>25%
3783,Gabon,M,Education,Primary,... for at least one specific reason,40.1,>25%
3784,Gabon,M,Education,Secondary,... for at least one specific reason,43.6,>25%
3785,Gabon,M,Education,Higher,... if she argues with him,11.3,>25%
3786,Gabon,M,Education,No education,... if she argues with him,21.3,>25%
3787,Gabon,M,Education,Primary,... if she argues with him,20.7,>25%
3788,Gabon,M,Education,Secondary,... if she argues with him,21,>25%
3789,Gabon,M,Education,Higher,... if she goes out without telling him,6.3,>25%
3790,Gabon,M,Education,No education,... if she goes out without telling him,16.3,>25%
3791,Gabon,M,Education,Primary,... if she goes out without telling him,17.7,>25%
3792,Gabon,M,Education,Secondary,... if she goes out without telling him,14.8,>25%
3793,Gabon,M,Education,Higher,... if she neglects the children,16.4,>25%
3794,Gabon,M,Education,No education,... if she neglects the children,26.3,>25%
3795,Gabon,M,Education,Primary,... if she neglects the children,28.3,>25%
3796,Gabon,M,Education,Secondary,... if she neglects the children,32.4,>25%
3797,Gabon,M,Education,Higher,... if she refuses to have sex with him,1.7,>25%
3798,Gabon,M,Education,No education,... if she refuses to have sex with him,15.7,>25%
3799,Gabon,M,Education,Primary,... if she refuses to have sex with him,7.3,>25%
3800,Gabon,M,Education,Secondary,... if she refuses to have sex with him,5.5,>25%
3801,Gabon,M,Employment,Employed for cash,... for at least one specific reason,39.5,>25%
3802,Gabon,M,Employment,Employed for kind,... for at least one specific reason,44.1,>25%
3803,Gabon,M,Employment,Unemployed,... for at least one specific reason,39.6,>25%
3804,Gabon,M,Employment,Employed for cash,... if she argues with him,20.1,>25%
3805,Gabon,M,Employment,Employed for kind,... if she argues with him,16.5,>25%
3806,Gabon,M,Employment,Unemployed,... if she argues with him,18.8,>25%
3807,Gabon,M,Employment,Employed for cash,... if she goes out without telling him,14.1,>25%
3808,Gabon,M,Employment,Employed for kind,... if she goes out without telling him,13.3,>25%
3809,Gabon,M,Employment,Unemployed,... if she goes out without telling him,14.1,>25%
3810,Gabon,M,Employment,Employed for cash,... if she neglects the children,28.5,>25%
3811,Gabon,M,Employment,Employed for kind,... if she neglects the children,37.8,>25%
3812,Gabon,M,Employment,Unemployed,... if she neglects the children,29.3,>25%
3813,Gabon,M,Employment,Employed for cash,... if she refuses to have sex with him,5.4,>25%
3814,Gabon,M,Employment,Employed for kind,... if she refuses to have sex with him,6.8,>25%
3815,Gabon,M,Employment,Unemployed,... if she refuses to have sex with him,7.1,>25%
3816,Gabon,M,Marital status,Married or living together,... for at least one specific reason,38.6,>25%
3817,Gabon,M,Marital status,Never married,... for at least one specific reason,40.3,>25%
3818,Gabon,M,Marital status,"Widowed, divorced, separated",... for at least one specific reason,42.8,>25%
3819,Gabon,M,Marital status,Married or living together,... if she argues with him,18.3,>25%
3820,Gabon,M,Marital status,Never married,... if she argues with him,20.7,>25%
3821,Gabon,M,Marital status,"Widowed, divorced, separated",... if she argues with him,20.3,>25%
3822,Gabon,M,Marital status,Married or living together,... if she goes out without telling him,14.7,>25%
3823,Gabon,M,Marital status,Never married,... if she goes out without telling him,13,>25%
3824,Gabon,M,Marital status,"Widowed, divorced, separated",... if she goes out without telling him,16.3,>25%
3825,Gabon,M,Marital status,Married or living together,... if she neglects the children,27.3,>25%
3826,Gabon,M,Marital status,Never married,... if she neglects the children,30.5,>25%
3827,Gabon,M,Marital status,"Widowed, divorced, separated",... if she neglects the children,30.7,>25%
3828,Gabon,M,Marital status,Married or living together,... if she refuses to have sex with him,5,>25%
3829,Gabon,M,Marital status,Never married,... if she refuses to have sex with him,7.2,>25%
3830,Gabon,M,Marital status,"Widowed, divorced, separated",... if she refuses to have sex with him,3.6,>25%
3831,Gabon,M,Residence,Rural,... for at least one specific reason,46.5,>25%
3832,Gabon,M,Residence,Urban,... for at least one specific reason,38.7,>25%
3833,Gabon,M,Residence,Rural,... if she argues with him,22,>25%
3834,Gabon,M,Residence,Urban,... if she argues with him,19.2,>25%
3835,Gabon,M,Residence,Rural,... if she goes out without telling him,16.3,>25%
3836,Gabon,M,Residence,Urban,... if she goes out without telling him,13.7,>25%
3837,Gabon,M,Residence,Rural,... if she neglects the children,35.4,>25%
3838,Gabon,M,Residence,Urban,... if she neglects the children,28.1,>25%
3839,Gabon,M,Residence,Rural,... if she refuses to have sex with him,6.7,>25%
3840,Gabon,M,Residence,Urban,... if she refuses to have sex with him,5.8,>25%
3841,Gambia,F,Education,Higher,... if she burns the food,1.9,<10%
3842,Gambia,F,Residence,Urban,... if she burns the food,4.8,<10%
3843,Gambia,F,Marital status,"Widowed, divorced, separated",... if she burns the food,5.2,<10%
3844,Gambia,F,Education,Secondary,... if she burns the food,7,<10%
3845,Gambia,F,Employment,Unemployed,... if she burns the food,8.8,<10%
3846,Gambia,F,Age,25-34,... if she burns the food,9.1,<10%
3847,Gambia,F,Marital status,Never married,... if she burns the food,9.4,<10%
3848,Gambia,F,Age,35-49,... if she burns the food,10,<10%
3849,Gambia,F,Marital status,Married or living together,... if she burns the food,11.5,<10%
3850,Gambia,F,Age,15-24,... if she burns the food,12,<10%
3851,Gambia,F,Employment,Employed for kind,... if she burns the food,12.1,<10%
3852,Gambia,F,Employment,Employed for cash,... if she burns the food,12.5,<10%
3853,Gambia,F,Education,No education,... if she burns the food,13.4,<10%
3854,Gambia,F,Education,Primary,... if she burns the food,13.7,<10%
3855,Gambia,F,Residence,Rural,... if she burns the food,18,<10%
3856,Gambia,M,Education,Higher,... if she burns the food,2.3,<10%
3857,Gambia,M,Age,35-49,... if she burns the food,3.1,<10%
3858,Gambia,M,Marital status,Married or living together,... if she burns the food,3.5,<10%
3859,Gambia,M,Marital status,"Widowed, divorced, separated",... if she burns the food,3.9,<10%
3860,Gambia,M,Residence,Urban,... if she burns the food,4.2,<10%
3861,Gambia,M,Age,25-34,... if she burns the food,4.3,<10%
3862,Gambia,M,Employment,Employed for cash,... if she burns the food,4.3,<10%
3863,Gambia,M,Education,No education,... if she burns the food,4.7,<10%
3864,Gambia,M,Education,Secondary,... if she burns the food,7,<10%
3865,Gambia,M,Marital status,Never married,... if she burns the food,8.1,<10%
3866,Gambia,M,Age,15-24,... if she burns the food,9.1,<10%
3867,Gambia,M,Employment,Unemployed,... if she burns the food,9.7,<10%
3868,Gambia,M,Residence,Rural,... if she burns the food,9.7,<10%
3869,Gambia,M,Education,Primary,... if she burns the food,10.2,<10%
3870,Gambia,M,Employment,Employed for kind,... if she burns the food,10.7,<10%
3871,Gambia,F,Age,15-24,... for at least one specific reason,57.6,<10%
3872,Gambia,F,Age,25-34,... for at least one specific reason,58.7,<10%
3873,Gambia,F,Age,35-49,... for at least one specific reason,59.6,<10%
3874,Gambia,F,Age,15-24,... if she argues with him,24.9,<10%
3875,Gambia,F,Age,25-34,... if she argues with him,23.8,<10%
3876,Gambia,F,Age,35-49,... if she argues with him,22.9,<10%
3877,Gambia,F,Age,15-24,... if she goes out without telling him,41.3,<10%
3878,Gambia,F,Age,25-34,... if she goes out without telling him,42.3,<10%
3879,Gambia,F,Age,35-49,... if she goes out without telling him,42.8,<10%
3880,Gambia,F,Age,15-24,... if she neglects the children,36.3,<10%
3881,Gambia,F,Age,25-34,... if she neglects the children,34.1,<10%
3882,Gambia,F,Age,35-49,... if she neglects the children,34.8,<10%
3883,Gambia,F,Age,15-24,... if she refuses to have sex with him,42.5,<10%
3884,Gambia,F,Age,25-34,... if she refuses to have sex with him,46,<10%
3885,Gambia,F,Age,35-49,... if she refuses to have sex with him,47.1,<10%
3886,Gambia,F,Education,Higher,... for at least one specific reason,28.2,<10%
3887,Gambia,F,Education,No education,... for at least one specific reason,67.8,<10%
3888,Gambia,F,Education,Primary,... for at least one specific reason,66.8,<10%
3889,Gambia,F,Education,Secondary,... for at least one specific reason,47.1,<10%
3890,Gambia,F,Education,Higher,... if she argues with him,4.2,<10%
3891,Gambia,F,Education,No education,... if she argues with him,29.8,<10%
3892,Gambia,F,Education,Primary,... if she argues with him,29.8,<10%
3893,Gambia,F,Education,Secondary,... if she argues with him,17.3,<10%
3894,Gambia,F,Education,Higher,... if she goes out without telling him,11.9,<10%
3895,Gambia,F,Education,No education,... if she goes out without telling him,52,<10%
3896,Gambia,F,Education,Primary,... if she goes out without telling him,49.7,<10%
3897,Gambia,F,Education,Secondary,... if she goes out without telling him,30.1,<10%
3898,Gambia,F,Education,Higher,... if she neglects the children,12.8,<10%
3899,Gambia,F,Education,No education,... if she neglects the children,42.1,<10%
3900,Gambia,F,Education,Primary,... if she neglects the children,40.9,<10%
3901,Gambia,F,Education,Secondary,... if she neglects the children,27.3,<10%
3902,Gambia,F,Education,Higher,... if she refuses to have sex with him,17.4,<10%
3903,Gambia,F,Education,No education,... if she refuses to have sex with him,54.7,<10%
3904,Gambia,F,Education,Primary,... if she refuses to have sex with him,53.3,<10%
3905,Gambia,F,Education,Secondary,... if she refuses to have sex with him,32,<10%
3906,Gambia,F,Employment,Employed for cash,... for at least one specific reason,63.8,<10%
3907,Gambia,F,Employment,Employed for kind,... for at least one specific reason,67.2,<10%
3908,Gambia,F,Employment,Unemployed,... for at least one specific reason,52.8,<10%
3909,Gambia,F,Employment,Employed for cash,... if she argues with him,27.8,<10%
3910,Gambia,F,Employment,Employed for kind,... if she argues with him,30.2,<10%
3911,Gambia,F,Employment,Unemployed,... if she argues with him,20.2,<10%
3912,Gambia,F,Employment,Employed for cash,... if she goes out without telling him,47.2,<10%
3913,Gambia,F,Employment,Employed for kind,... if she goes out without telling him,53.1,<10%
3914,Gambia,F,Employment,Unemployed,... if she goes out without telling him,36.4,<10%
3915,Gambia,F,Employment,Employed for cash,... if she neglects the children,39.8,<10%
3916,Gambia,F,Employment,Employed for kind,... if she neglects the children,44.6,<10%
3917,Gambia,F,Employment,Unemployed,... if she neglects the children,30.4,<10%
3918,Gambia,F,Employment,Employed for cash,... if she refuses to have sex with him,49.6,<10%
3919,Gambia,F,Employment,Employed for kind,... if she refuses to have sex with him,51.4,<10%
3920,Gambia,F,Employment,Unemployed,... if she refuses to have sex with him,39.7,<10%
3921,Gambia,F,Marital status,Married or living together,... for at least one specific reason,62.9,<10%
3922,Gambia,F,Marital status,Never married,... for at least one specific reason,50,<10%
3923,Gambia,F,Marital status,"Widowed, divorced, separated",... for at least one specific reason,46.9,<10%
3924,Gambia,F,Marital status,Married or living together,... if she argues with him,27.4,<10%
3925,Gambia,F,Marital status,Never married,... if she argues with him,18.1,<10%
3926,Gambia,F,Marital status,"Widowed, divorced, separated",... if she argues with him,14.4,<10%
3927,Gambia,F,Marital status,Married or living together,... if she goes out without telling him,46.5,<10%
3928,Gambia,F,Marital status,Never married,... if she goes out without telling him,33.3,<10%
3929,Gambia,F,Marital status,"Widowed, divorced, separated",... if she goes out without telling him,32,<10%
3930,Gambia,F,Marital status,Married or living together,... if she neglects the children,38.1,<10%
3931,Gambia,F,Marital status,Never married,... if she neglects the children,30.5,<10%
3932,Gambia,F,Marital status,"Widowed, divorced, separated",... if she neglects the children,25.4,<10%
3933,Gambia,F,Marital status,Married or living together,... if she refuses to have sex with him,50.1,<10%
3934,Gambia,F,Marital status,Never married,... if she refuses to have sex with him,33.6,<10%
3935,Gambia,F,Marital status,"Widowed, divorced, separated",... if she refuses to have sex with him,36.6,<10%
3936,Gambia,F,Residence,Rural,... for at least one specific reason,72.7,<10%
3937,Gambia,F,Residence,Urban,... for at least one specific reason,47.1,<10%
3938,Gambia,F,Residence,Rural,... if she argues with him,37.2,<10%
3939,Gambia,F,Residence,Urban,... if she argues with him,13.8,<10%
3940,Gambia,F,Residence,Rural,... if she goes out without telling him,57.7,<10%
3941,Gambia,F,Residence,Urban,... if she goes out without telling him,29.7,<10%
3942,Gambia,F,Residence,Rural,... if she neglects the children,50.4,<10%
3943,Gambia,F,Residence,Urban,... if she neglects the children,23.4,<10%
3944,Gambia,F,Residence,Rural,... if she refuses to have sex with him,59.5,<10%
3945,Gambia,F,Residence,Urban,... if she refuses to have sex with him,33.1,<10%
3946,Gambia,M,Age,15-24,... for at least one specific reason,38.8,<10%
3947,Gambia,M,Age,25-34,... for at least one specific reason,30.5,<10%
3948,Gambia,M,Age,35-49,... for at least one specific reason,25,<10%
3949,Gambia,M,Age,15-24,... if she argues with him,14.3,<10%
3950,Gambia,M,Age,25-34,... if she argues with him,9.7,<10%
3951,Gambia,M,Age,35-49,... if she argues with him,7.7,<10%
3952,Gambia,M,Age,15-24,... if she goes out without telling him,26.2,<10%
3953,Gambia,M,Age,25-34,... if she goes out without telling him,17.4,<10%
3954,Gambia,M,Age,35-49,... if she goes out without telling him,14.5,<10%
3955,Gambia,M,Age,15-24,... if she neglects the children,22.4,<10%
3956,Gambia,M,Age,25-34,... if she neglects the children,16.9,<10%
3957,Gambia,M,Age,35-49,... if she neglects the children,14.5,<10%
3958,Gambia,M,Age,15-24,... if she refuses to have sex with him,23.4,<10%
3959,Gambia,M,Age,25-34,... if she refuses to have sex with him,16.3,<10%
3960,Gambia,M,Age,35-49,... if she refuses to have sex with him,14.8,<10%
3961,Gambia,M,Education,Higher,... for at least one specific reason,15.4,<10%
3962,Gambia,M,Education,No education,... for at least one specific reason,35.2,<10%
3963,Gambia,M,Education,Primary,... for at least one specific reason,41.9,<10%
3964,Gambia,M,Education,Secondary,... for at least one specific reason,32.5,<10%
3965,Gambia,M,Education,Higher,... if she argues with him,2.7,<10%
3966,Gambia,M,Education,No education,... if she argues with him,12,<10%
3967,Gambia,M,Education,Primary,... if she argues with him,16.6,<10%
3968,Gambia,M,Education,Secondary,... if she argues with him,11.1,<10%
3969,Gambia,M,Education,Higher,... if she goes out without telling him,8.3,<10%
3970,Gambia,M,Education,No education,... if she goes out without telling him,24.6,<10%
3971,Gambia,M,Education,Primary,... if she goes out without telling him,27.9,<10%
3972,Gambia,M,Education,Secondary,... if she goes out without telling him,18.8,<10%
3973,Gambia,M,Education,Higher,... if she neglects the children,10.2,<10%
3974,Gambia,M,Education,No education,... if she neglects the children,19.9,<10%
3975,Gambia,M,Education,Primary,... if she neglects the children,23,<10%
3976,Gambia,M,Education,Secondary,... if she neglects the children,18.8,<10%
3977,Gambia,M,Education,Higher,... if she refuses to have sex with him,4.6,<10%
3978,Gambia,M,Education,No education,... if she refuses to have sex with him,23.4,<10%
3979,Gambia,M,Education,Primary,... if she refuses to have sex with him,26.4,<10%
3980,Gambia,M,Education,Secondary,... if she refuses to have sex with him,17.4,<10%
3981,Gambia,M,Employment,Employed for cash,... for at least one specific reason,30.3,<10%
3982,Gambia,M,Employment,Employed for kind,... for at least one specific reason,47.4,<10%
3983,Gambia,M,Employment,Unemployed,... for at least one specific reason,35.4,<10%
3984,Gambia,M,Employment,Employed for cash,... if she argues with him,9.8,<10%
3985,Gambia,M,Employment,Employed for kind,... if she argues with him,20.7,<10%
3986,Gambia,M,Employment,Unemployed,... if she argues with him,12.3,<10%
3987,Gambia,M,Employment,Employed for cash,... if she goes out without telling him,17.8,<10%
3988,Gambia,M,Employment,Employed for kind,... if she goes out without telling him,35.3,<10%
3989,Gambia,M,Employment,Unemployed,... if she goes out without telling him,24.1,<10%
3990,Gambia,M,Employment,Employed for cash,... if she neglects the children,16.8,<10%
3991,Gambia,M,Employment,Employed for kind,... if she neglects the children,30.5,<10%
3992,Gambia,M,Employment,Unemployed,... if she neglects the children,20.6,<10%
3993,Gambia,M,Employment,Employed for cash,... if she refuses to have sex with him,18.2,<10%
3994,Gambia,M,Employment,Employed for kind,... if she refuses to have sex with him,25.7,<10%
3995,Gambia,M,Employment,Unemployed,... if she refuses to have sex with him,20,<10%
3996,Gambia,M,Marital status,Married or living together,... for at least one specific reason,26.6,<10%
3997,Gambia,M,Marital status,Never married,... for at least one specific reason,37.2,<10%
3998,Gambia,M,Marital status,"Widowed, divorced, separated",... for at least one specific reason,26.4,<10%
3999,Gambia,M,Marital status,Married or living together,... if she argues with him,7.9,<10%
4000,Gambia,M,Marital status,Never married,... if she argues with him,13.6,<10%
4001,Gambia,M,Marital status,"Widowed, divorced, separated",... if she argues with him,6.7,<10%
4002,Gambia,M,Marital status,Married or living together,... if she goes out without telling him,14.7,<10%
4003,Gambia,M,Marital status,Never married,... if she goes out without telling him,24.7,<10%
4004,Gambia,M,Marital status,"Widowed, divorced, separated",... if she goes out without telling him,17.2,<10%
4005,Gambia,M,Marital status,Married or living together,... if she neglects the children,14.8,<10%
4006,Gambia,M,Marital status,Never married,... if she neglects the children,21.5,<10%
4007,Gambia,M,Marital status,"Widowed, divorced, separated",... if she neglects the children,17.7,<10%
4008,Gambia,M,Marital status,Married or living together,... if she refuses to have sex with him,15.1,<10%
4009,Gambia,M,Marital status,Never married,... if she refuses to have sex with him,22,<10%
4010,Gambia,M,Marital status,"Widowed, divorced, separated",... if she refuses to have sex with him,16.1,<10%
4011,Gambia,M,Residence,Rural,... for at least one specific reason,40.8,<10%
4012,Gambia,M,Residence,Urban,... for at least one specific reason,28.3,<10%
4013,Gambia,M,Residence,Rural,... if she argues with him,15.6,<10%
4014,Gambia,M,Residence,Urban,... if she argues with him,8.8,<10%
4015,Gambia,M,Residence,Rural,... if she goes out without telling him,27.2,<10%
4016,Gambia,M,Residence,Urban,... if she goes out without telling him,17,<10%
4017,Gambia,M,Residence,Rural,... if she neglects the children,24.4,<10%
4018,Gambia,M,Residence,Urban,... if she neglects the children,15.6,<10%
4019,Gambia,M,Residence,Rural,... if she refuses to have sex with him,24.7,<10%
4020,Gambia,M,Residence,Urban,... if she refuses to have sex with him,16,<10%
4021,Ghana,F,Education,Higher,... if she burns the food,1.1,10-25%
4022,Ghana,F,Residence,Urban,... if she burns the food,4.5,10-25%
4023,Ghana,F,Education,Secondary,... if she burns the food,4.7,10-25%
4024,Ghana,F,Marital status,"Widowed, divorced, separated",... if she burns the food,5.3,10-25%
4025,Ghana,F,Employment,Employed for cash,... if she burns the food,6.3,10-25%
4026,Ghana,F,Age,35-49,... if she burns the food,6.5,10-25%
4027,Ghana,F,Marital status,Never married,... if she burns the food,6.7,10-25%
4028,Ghana,F,Age,25-34,... if she burns the food,6.8,10-25%
4029,Ghana,F,Marital status,Married or living together,... if she burns the food,8.2,10-25%
4030,Ghana,F,Employment,Unemployed,... if she burns the food,8.3,10-25%
4031,Ghana,F,Age,15-24,... if she burns the food,8.9,10-25%
4032,Ghana,F,Education,Primary,... if she burns the food,9.7,10-25%
4033,Ghana,F,Employment,Employed for kind,... if she burns the food,10.2,10-25%
4034,Ghana,F,Residence,Rural,... if she burns the food,10.8,10-25%
4035,Ghana,F,Education,No education,... if she burns the food,15.4,10-25%
4036,Ghana,M,Marital status,"Widowed, divorced, separated",... if she burns the food,0.6,10-25%
4037,Ghana,M,Education,Higher,... if she burns the food,0.9,10-25%
4038,Ghana,M,Age,35-49,... if she burns the food,1.3,10-25%
4039,Ghana,M,Age,25-34,... if she burns the food,1.7,10-25%
4040,Ghana,M,Marital status,Married or living together,... if she burns the food,1.7,10-25%
4041,Ghana,M,Residence,Urban,... if she burns the food,2,10-25%
4042,Ghana,M,Employment,Employed for cash,... if she burns the food,2.6,10-25%
4043,Ghana,M,Employment,Unemployed,... if she burns the food,2.7,10-25%
4044,Ghana,M,Education,Secondary,... if she burns the food,2.8,10-25%
4045,Ghana,M,Residence,Rural,... if she burns the food,3.9,10-25%
4046,Ghana,M,Education,No education,... if she burns the food,4,10-25%
4047,Ghana,M,Education,Primary,... if she burns the food,4.1,10-25%
4048,Ghana,M,Marital status,Never married,... if she burns the food,4.2,10-25%
4049,Ghana,M,Age,15-24,... if she burns the food,5.2,10-25%
4050,Ghana,M,Employment,Employed for kind,... if she burns the food,5.2,10-25%
4051,Ghana,F,Age,15-24,... for at least one specific reason,31.8,10-25%
4052,Ghana,F,Age,25-34,... for at least one specific reason,25.3,10-25%
4053,Ghana,F,Age,35-49,... for at least one specific reason,27.5,10-25%
4054,Ghana,F,Age,15-24,... if she argues with him,16.7,10-25%
4055,Ghana,F,Age,25-34,... if she argues with him,14.8,10-25%
4056,Ghana,F,Age,35-49,... if she argues with him,15.3,10-25%
4057,Ghana,F,Age,15-24,... if she goes out without telling him,17.9,10-25%
4058,Ghana,F,Age,25-34,... if she goes out without telling him,14.8,10-25%
4059,Ghana,F,Age,35-49,... if she goes out without telling him,16.7,10-25%
4060,Ghana,F,Age,15-24,... if she neglects the children,23.6,10-25%
4061,Ghana,F,Age,25-34,... if she neglects the children,18.9,10-25%
4062,Ghana,F,Age,35-49,... if she neglects the children,20.2,10-25%
4063,Ghana,F,Age,15-24,... if she refuses to have sex with him,12,10-25%
4064,Ghana,F,Age,25-34,... if she refuses to have sex with him,12.5,10-25%
4065,Ghana,F,Age,35-49,... if she refuses to have sex with him,12.1,10-25%
4066,Ghana,F,Education,Higher,... for at least one specific reason,4.2,10-25%
4067,Ghana,F,Education,No education,... for at least one specific reason,47.1,10-25%
4068,Ghana,F,Education,Primary,... for at least one specific reason,34.7,10-25%
4069,Ghana,F,Education,Secondary,... for at least one specific reason,22.6,10-25%
4070,Ghana,F,Education,Higher,... if she argues with him,1.6,10-25%
4071,Ghana,F,Education,No education,... if she argues with him,30.3,10-25%
4072,Ghana,F,Education,Primary,... if she argues with him,20,10-25%
4073,Ghana,F,Education,Secondary,... if she argues with him,10.9,10-25%
4074,Ghana,F,Education,Higher,... if she goes out without telling him,2.3,10-25%
4075,Ghana,F,Education,No education,... if she goes out without telling him,30.8,10-25%
4076,Ghana,F,Education,Primary,... if she goes out without telling him,22.4,10-25%
4077,Ghana,F,Education,Secondary,... if she goes out without telling him,11.4,10-25%
4078,Ghana,F,Education,Higher,... if she neglects the children,3.1,10-25%
4079,Ghana,F,Education,No education,... if she neglects the children,36.6,10-25%
4080,Ghana,F,Education,Primary,... if she neglects the children,26.1,10-25%
4081,Ghana,F,Education,Secondary,... if she neglects the children,16.1,10-25%
4082,Ghana,F,Education,Higher,... if she refuses to have sex with him,1.1,10-25%
4083,Ghana,F,Education,No education,... if she refuses to have sex with him,29,10-25%
4084,Ghana,F,Education,Primary,... if she refuses to have sex with him,14,10-25%
4085,Ghana,F,Education,Secondary,... if she refuses to have sex with him,7.2,10-25%
4086,Ghana,F,Employment,Employed for cash,... for at least one specific reason,23.9,10-25%
4087,Ghana,F,Employment,Employed for kind,... for at least one specific reason,41.1,10-25%
4088,Ghana,F,Employment,Unemployed,... for at least one specific reason,30.7,10-25%
4089,Ghana,F,Employment,Employed for cash,... if she argues with him,13.6,10-25%
4090,Ghana,F,Employment,Employed for kind,... if she argues with him,23.1,10-25%
4091,Ghana,F,Employment,Unemployed,... if she argues with him,15.8,10-25%
4092,Ghana,F,Employment,Employed for cash,... if she goes out without telling him,13.9,10-25%
4093,Ghana,F,Employment,Employed for kind,... if she goes out without telling him,26.5,10-25%
4094,Ghana,F,Employment,Unemployed,... if she goes out without telling him,16.4,10-25%
4095,Ghana,F,Employment,Employed for cash,... if she neglects the children,17.8,10-25%
4096,Ghana,F,Employment,Employed for kind,... if she neglects the children,30.2,10-25%
4097,Ghana,F,Employment,Unemployed,... if she neglects the children,22.6,10-25%
4098,Ghana,F,Employment,Employed for cash,... if she refuses to have sex with him,9.7,10-25%
4099,Ghana,F,Employment,Employed for kind,... if she refuses to have sex with him,21.2,10-25%
4100,Ghana,F,Employment,Unemployed,... if she refuses to have sex with him,12.4,10-25%
4101,Ghana,F,Marital status,Married or living together,... for at least one specific reason,29.7,10-25%
4102,Ghana,F,Marital status,Never married,... for at least one specific reason,27,10-25%
4103,Ghana,F,Marital status,"Widowed, divorced, separated",... for at least one specific reason,24.5,10-25%
4104,Ghana,F,Marital status,Married or living together,... if she argues with him,17.4,10-25%
4105,Ghana,F,Marital status,Never married,... if she argues with him,13.6,10-25%
4106,Ghana,F,Marital status,"Widowed, divorced, separated",... if she argues with him,12.6,10-25%
4107,Ghana,F,Marital status,Married or living together,... if she goes out without telling him,18.5,10-25%
4108,Ghana,F,Marital status,Never married,... if she goes out without telling him,13.7,10-25%
4109,Ghana,F,Marital status,"Widowed, divorced, separated",... if she goes out without telling him,14.5,10-25%
4110,Ghana,F,Marital status,Married or living together,... if she neglects the children,22.4,10-25%
4111,Ghana,F,Marital status,Never married,... if she neglects the children,19.7,10-25%
4112,Ghana,F,Marital status,"Widowed, divorced, separated",... if she neglects the children,17.1,10-25%
4113,Ghana,F,Marital status,Married or living together,... if she refuses to have sex with him,14.7,10-25%
4114,Ghana,F,Marital status,Never married,... if she refuses to have sex with him,9,10-25%
4115,Ghana,F,Marital status,"Widowed, divorced, separated",... if she refuses to have sex with him,8.3,10-25%
4116,Ghana,F,Residence,Rural,... for at least one specific reason,36.7,10-25%
4117,Ghana,F,Residence,Urban,... for at least one specific reason,21,10-25%
4118,Ghana,F,Residence,Rural,... if she argues with him,22.2,10-25%
4119,Ghana,F,Residence,Urban,... if she argues with him,10,10-25%
4120,Ghana,F,Residence,Rural,... if she goes out without telling him,22.4,10-25%
4121,Ghana,F,Residence,Urban,... if she goes out without telling him,11.4,10-25%
4122,Ghana,F,Residence,Rural,... if she neglects the children,28.1,10-25%
4123,Ghana,F,Residence,Urban,... if she neglects the children,14.8,10-25%
4124,Ghana,F,Residence,Rural,... if she refuses to have sex with him,18,10-25%
4125,Ghana,F,Residence,Urban,... if she refuses to have sex with him,7.2,10-25%
4126,Ghana,M,Age,15-24,... for at least one specific reason,18.8,10-25%
4127,Ghana,M,Age,25-34,... for at least one specific reason,10.2,10-25%
4128,Ghana,M,Age,35-49,... for at least one specific reason,8.8,10-25%
4129,Ghana,M,Age,15-24,... if she argues with him,9,10-25%
4130,Ghana,M,Age,25-34,... if she argues with him,3.9,10-25%
4131,Ghana,M,Age,35-49,... if she argues with him,4.1,10-25%
4132,Ghana,M,Age,15-24,... if she goes out without telling him,9.9,10-25%
4133,Ghana,M,Age,25-34,... if she goes out without telling him,5.2,10-25%
4134,Ghana,M,Age,35-49,... if she goes out without telling him,4.2,10-25%
4135,Ghana,M,Age,15-24,... if she neglects the children,11.8,10-25%
4136,Ghana,M,Age,25-34,... if she neglects the children,7.6,10-25%
4137,Ghana,M,Age,35-49,... if she neglects the children,5.4,10-25%
4138,Ghana,M,Age,15-24,... if she refuses to have sex with him,7,10-25%
4139,Ghana,M,Age,25-34,... if she refuses to have sex with him,3.4,10-25%
4140,Ghana,M,Age,35-49,... if she refuses to have sex with him,3.5,10-25%
4141,Ghana,M,Education,Higher,... for at least one specific reason,3.1,10-25%
4142,Ghana,M,Education,No education,... for at least one specific reason,23.5,10-25%
4143,Ghana,M,Education,Primary,... for at least one specific reason,18.4,10-25%
4144,Ghana,M,Education,Secondary,... for at least one specific reason,12,10-25%
4145,Ghana,M,Education,Higher,... if she argues with him,1.6,10-25%
4146,Ghana,M,Education,No education,... if she argues with him,9,10-25%
4147,Ghana,M,Education,Primary,... if she argues with him,9.6,10-25%
4148,Ghana,M,Education,Secondary,... if she argues with him,5.4,10-25%
4149,Ghana,M,Education,Higher,... if she goes out without telling him,1.7,10-25%
4150,Ghana,M,Education,No education,... if she goes out without telling him,15.5,10-25%
4151,Ghana,M,Education,Primary,... if she goes out without telling him,8.8,10-25%
4152,Ghana,M,Education,Secondary,... if she goes out without telling him,5.8,10-25%
4153,Ghana,M,Education,Higher,... if she neglects the children,1.8,10-25%
4154,Ghana,M,Education,No education,... if she neglects the children,15.7,10-25%
4155,Ghana,M,Education,Primary,... if she neglects the children,12.8,10-25%
4156,Ghana,M,Education,Secondary,... if she neglects the children,7.6,10-25%
4157,Ghana,M,Education,Higher,... if she refuses to have sex with him,1.5,10-25%
4158,Ghana,M,Education,No education,... if she refuses to have sex with him,12.8,10-25%
4159,Ghana,M,Education,Primary,... if she refuses to have sex with him,6.7,10-25%
4160,Ghana,M,Education,Secondary,... if she refuses to have sex with him,3.8,10-25%
4161,Ghana,M,Employment,Employed for cash,... for at least one specific reason,11.9,10-25%
4162,Ghana,M,Employment,Employed for kind,... for at least one specific reason,19.9,10-25%
4163,Ghana,M,Employment,Unemployed,... for at least one specific reason,13.7,10-25%
4164,Ghana,M,Employment,Employed for cash,... if she argues with him,5.6,10-25%
4165,Ghana,M,Employment,Employed for kind,... if she argues with him,8.4,10-25%
4166,Ghana,M,Employment,Unemployed,... if she argues with him,5.6,10-25%
4167,Ghana,M,Employment,Employed for cash,... if she goes out without telling him,6.3,10-25%
4168,Ghana,M,Employment,Employed for kind,... if she goes out without telling him,10.3,10-25%
4169,Ghana,M,Employment,Unemployed,... if she goes out without telling him,5.9,10-25%
4170,Ghana,M,Employment,Employed for cash,... if she neglects the children,8.1,10-25%
4171,Ghana,M,Employment,Employed for kind,... if she neglects the children,13.6,10-25%
4172,Ghana,M,Employment,Unemployed,... if she neglects the children,6.7,10-25%
4173,Ghana,M,Employment,Employed for cash,... if she refuses to have sex with him,4.4,10-25%
4174,Ghana,M,Employment,Employed for kind,... if she refuses to have sex with him,6.2,10-25%
4175,Ghana,M,Employment,Unemployed,... if she refuses to have sex with him,5.6,10-25%
4176,Ghana,M,Marital status,Married or living together,... for at least one specific reason,10,10-25%
4177,Ghana,M,Marital status,Never married,... for at least one specific reason,16.3,10-25%
4178,Ghana,M,Marital status,"Widowed, divorced, separated",... for at least one specific reason,7.6,10-25%
4179,Ghana,M,Marital status,Married or living together,... if she argues with him,4.4,10-25%
4180,Ghana,M,Marital status,Never married,... if she argues with him,7.5,10-25%
4181,Ghana,M,Marital status,"Widowed, divorced, separated",... if she argues with him,3.5,10-25%
4182,Ghana,M,Marital status,Married or living together,... if she goes out without telling him,5.2,10-25%
4183,Ghana,M,Marital status,Never married,... if she goes out without telling him,8.4,10-25%
4184,Ghana,M,Marital status,"Widowed, divorced, separated",... if she goes out without telling him,3.6,10-25%
4185,Ghana,M,Marital status,Married or living together,... if she neglects the children,6.4,10-25%
4186,Ghana,M,Marital status,Never married,... if she neglects the children,10.6,10-25%
4187,Ghana,M,Marital status,"Widowed, divorced, separated",... if she neglects the children,5.7,10-25%
4188,Ghana,M,Marital status,Married or living together,... if she refuses to have sex with him,3.5,10-25%
4189,Ghana,M,Marital status,Never married,... if she refuses to have sex with him,6.1,10-25%
4190,Ghana,M,Marital status,"Widowed, divorced, separated",... if she refuses to have sex with him,3.8,10-25%
4191,Ghana,M,Residence,Rural,... for at least one specific reason,16.9,10-25%
4192,Ghana,M,Residence,Urban,... for at least one specific reason,9.4,10-25%
4193,Ghana,M,Residence,Rural,... if she argues with him,7.9,10-25%
4194,Ghana,M,Residence,Urban,... if she argues with him,4,10-25%
4195,Ghana,M,Residence,Rural,... if she goes out without telling him,9,10-25%
4196,Ghana,M,Residence,Urban,... if she goes out without telling him,4.6,10-25%
4197,Ghana,M,Residence,Rural,... if she neglects the children,11.4,10-25%
4198,Ghana,M,Residence,Urban,... if she neglects the children,5.8,10-25%
4199,Ghana,M,Residence,Rural,... if she refuses to have sex with him,6.6,10-25%
4200,Ghana,M,Residence,Urban,... if she refuses to have sex with him,3.2,10-25%
4201,Guatemala,F,Education,Higher,... if she burns the food,0.1,<10%
4202,Guatemala,F,Education,Secondary,... if she burns the food,1.1,<10%
4203,Guatemala,F,Residence,Urban,... if she burns the food,1.8,<10%
4204,Guatemala,F,Employment,Employed for cash,... if she burns the food,3.2,<10%
4205,Guatemala,F,Age,25-34,... if she burns the food,3.4,<10%
4206,Guatemala,F,Marital status,Married or living together,... if she burns the food,4.2,<10%
4207,Guatemala,F,Marital status,Never married,... if she burns the food,4.2,<10%
4208,Guatemala,F,Marital status,"Widowed, divorced, separated",... if she burns the food,4.3,<10%
4209,Guatemala,F,Age,15-24,... if she burns the food,4.4,<10%
4210,Guatemala,F,Age,35-49,... if she burns the food,4.7,<10%
4211,Guatemala,F,Employment,Unemployed,... if she burns the food,4.9,<10%
4212,Guatemala,F,Education,Primary,... if she burns the food,5.7,<10%
4213,Guatemala,F,Residence,Rural,... if she burns the food,6.1,<10%
4214,Guatemala,F,Employment,Employed for kind,... if she burns the food,7,<10%
4215,Guatemala,F,Education,No education,... if she burns the food,8.3,<10%
4216,Guatemala,M,Education,Higher,... if she burns the food,0.3,<10%
4217,Guatemala,M,Age,25-34,... if she burns the food,0.5,<10%
4218,Guatemala,M,Age,35-49,... if she burns the food,0.5,<10%
4219,Guatemala,M,Marital status,Married or living together,... if she burns the food,0.5,<10%
4220,Guatemala,M,Education,No education,... if she burns the food,0.9,<10%
4221,Guatemala,M,Education,Secondary,... if she burns the food,1,<10%
4222,Guatemala,M,Residence,Urban,... if she burns the food,1.1,<10%
4223,Guatemala,M,Employment,Employed for cash,... if she burns the food,1.2,<10%
4224,Guatemala,M,Employment,Employed for kind,... if she burns the food,1.3,<10%
4225,Guatemala,M,Residence,Rural,... if she burns the food,1.4,<10%
4226,Guatemala,M,Marital status,"Widowed, divorced, separated",... if she burns the food,1.6,<10%
4227,Guatemala,M,Education,Primary,... if she burns the food,1.8,<10%
4228,Guatemala,M,Employment,Unemployed,... if she burns the food,1.8,<10%
4229,Guatemala,M,Age,15-24,... if she burns the food,2.3,<10%
4230,Guatemala,M,Marital status,Never married,... if she burns the food,2.3,<10%
4231,Guatemala,F,Age,15-24,... for at least one specific reason,11.7,<10%
4232,Guatemala,F,Age,25-34,... for at least one specific reason,9.4,<10%
4233,Guatemala,F,Age,35-49,... for at least one specific reason,11.6,<10%
4234,Guatemala,F,Age,15-24,... if she argues with him,3.3,<10%
4235,Guatemala,F,Age,25-34,... if she argues with him,2.7,<10%
4236,Guatemala,F,Age,35-49,... if she argues with him,3.8,<10%
4237,Guatemala,F,Age,15-24,... if she goes out without telling him,3.7,<10%
4238,Guatemala,F,Age,25-34,... if she goes out without telling him,3.1,<10%
4239,Guatemala,F,Age,35-49,... if she goes out without telling him,3.8,<10%
4240,Guatemala,F,Age,15-24,... if she neglects the children,8.2,<10%
4241,Guatemala,F,Age,25-34,... if she neglects the children,6.7,<10%
4242,Guatemala,F,Age,35-49,... if she neglects the children,7.6,<10%
4243,Guatemala,F,Age,15-24,... if she refuses to have sex with him,2.5,<10%
4244,Guatemala,F,Age,25-34,... if she refuses to have sex with him,2.1,<10%
4245,Guatemala,F,Age,35-49,... if she refuses to have sex with him,2.6,<10%
4246,Guatemala,F,Education,Higher,... for at least one specific reason,0.8,<10%
4247,Guatemala,F,Education,No education,... for at least one specific reason,18.3,<10%
4248,Guatemala,F,Education,Primary,... for at least one specific reason,14.3,<10%
4249,Guatemala,F,Education,Secondary,... for at least one specific reason,5.2,<10%
4250,Guatemala,F,Education,Higher,... if she argues with him,0.3,<10%
4251,Guatemala,F,Education,No education,... if she argues with him,5.7,<10%
4252,Guatemala,F,Education,Primary,... if she argues with him,4.5,<10%
4253,Guatemala,F,Education,Secondary,... if she argues with him,1.1,<10%
4254,Guatemala,F,Education,Higher,... if she goes out without telling him,0,<10%
4255,Guatemala,F,Education,No education,... if she goes out without telling him,6.2,<10%
4256,Guatemala,F,Education,Primary,... if she goes out without telling him,5,<10%
4257,Guatemala,F,Education,Secondary,... if she goes out without telling him,1.2,<10%
4258,Guatemala,F,Education,Higher,... if she neglects the children,0.5,<10%
4259,Guatemala,F,Education,No education,... if she neglects the children,11.9,<10%
4260,Guatemala,F,Education,Primary,... if she neglects the children,9.9,<10%
4261,Guatemala,F,Education,Secondary,... if she neglects the children,3.8,<10%
4262,Guatemala,F,Education,Higher,... if she refuses to have sex with him,0.1,<10%
4263,Guatemala,F,Education,No education,... if she refuses to have sex with him,4.4,<10%
4264,Guatemala,F,Education,Primary,... if she refuses to have sex with him,3.4,<10%
4265,Guatemala,F,Education,Secondary,... if she refuses to have sex with him,0.5,<10%
4266,Guatemala,F,Employment,Employed for cash,... for at least one specific reason,9.1,<10%
4267,Guatemala,F,Employment,Employed for kind,... for at least one specific reason,15.5,<10%
4268,Guatemala,F,Employment,Unemployed,... for at least one specific reason,12.5,<10%
4269,Guatemala,F,Employment,Employed for cash,... if she argues with him,2.4,<10%
4270,Guatemala,F,Employment,Employed for kind,... if she argues with him,3.9,<10%
4271,Guatemala,F,Employment,Unemployed,... if she argues with him,4,<10%
4272,Guatemala,F,Employment,Employed for cash,... if she goes out without telling him,2.7,<10%
4273,Guatemala,F,Employment,Employed for kind,... if she goes out without telling him,5.4,<10%
4274,Guatemala,F,Employment,Unemployed,... if she goes out without telling him,4.3,<10%
4275,Guatemala,F,Employment,Employed for cash,... if she neglects the children,6.3,<10%
4276,Guatemala,F,Employment,Employed for kind,... if she neglects the children,9.4,<10%
4277,Guatemala,F,Employment,Unemployed,... if she neglects the children,8.7,<10%
4278,Guatemala,F,Employment,Employed for cash,... if she refuses to have sex with him,1.9,<10%
4279,Guatemala,F,Employment,Employed for kind,... if she refuses to have sex with him,2.8,<10%
4280,Guatemala,F,Employment,Unemployed,... if she refuses to have sex with him,2.8,<10%
4281,Guatemala,F,Marital status,Married or living together,... for at least one specific reason,11.3,<10%
4282,Guatemala,F,Marital status,Never married,... for at least one specific reason,10.8,<10%
4283,Guatemala,F,Marital status,"Widowed, divorced, separated",... for at least one specific reason,10.2,<10%
4284,Guatemala,F,Marital status,Married or living together,... if she argues with him,3.4,<10%
4285,Guatemala,F,Marital status,Never married,... if she argues with him,3,<10%
4286,Guatemala,F,Marital status,"Widowed, divorced, separated",... if she argues with him,3.1,<10%
4287,Guatemala,F,Marital status,Married or living together,... if she goes out without telling him,3.7,<10%
4288,Guatemala,F,Marital status,Never married,... if she goes out without telling him,3.4,<10%
4289,Guatemala,F,Marital status,"Widowed, divorced, separated",... if she goes out without telling him,3.3,<10%
4290,Guatemala,F,Marital status,Married or living together,... if she neglects the children,7.8,<10%
4291,Guatemala,F,Marital status,Never married,... if she neglects the children,7.3,<10%
4292,Guatemala,F,Marital status,"Widowed, divorced, separated",... if she neglects the children,7,<10%
4293,Guatemala,F,Marital status,Married or living together,... if she refuses to have sex with him,2.4,<10%
4294,Guatemala,F,Marital status,Never married,... if she refuses to have sex with him,2.4,<10%
4295,Guatemala,F,Marital status,"Widowed, divorced, separated",... if she refuses to have sex with him,2.6,<10%
4296,Guatemala,F,Residence,Rural,... for at least one specific reason,14.9,<10%
4297,Guatemala,F,Residence,Urban,... for at least one specific reason,6.3,<10%
4298,Guatemala,F,Residence,Rural,... if she argues with him,4.7,<10%
4299,Guatemala,F,Residence,Urban,... if she argues with him,1.5,<10%
4300,Guatemala,F,Residence,Rural,... if she goes out without telling him,5.1,<10%
4301,Guatemala,F,Residence,Urban,... if she goes out without telling him,1.7,<10%
4302,Guatemala,F,Residence,Rural,... if she neglects the children,10,<10%
4303,Guatemala,F,Residence,Urban,... if she neglects the children,4.6,<10%
4304,Guatemala,F,Residence,Rural,... if she refuses to have sex with him,3.4,<10%
4305,Guatemala,F,Residence,Urban,... if she refuses to have sex with him,1.2,<10%
4306,Guatemala,M,Age,15-24,... for at least one specific reason,10.5,<10%
4307,Guatemala,M,Age,25-34,... for at least one specific reason,4.5,<10%
4308,Guatemala,M,Age,35-49,... for at least one specific reason,4.9,<10%
4309,Guatemala,M,Age,15-24,... if she argues with him,3.9,<10%
4310,Guatemala,M,Age,25-34,... if she argues with him,1.1,<10%
4311,Guatemala,M,Age,35-49,... if she argues with him,1.8,<10%
4312,Guatemala,M,Age,15-24,... if she goes out without telling him,2.8,<10%
4313,Guatemala,M,Age,25-34,... if she goes out without telling him,1.3,<10%
4314,Guatemala,M,Age,35-49,... if she goes out without telling him,1.6,<10%
4315,Guatemala,M,Age,15-24,... if she neglects the children,6.6,<10%
4316,Guatemala,M,Age,25-34,... if she neglects the children,2.5,<10%
4317,Guatemala,M,Age,35-49,... if she neglects the children,2.5,<10%
4318,Guatemala,M,Age,15-24,... if she refuses to have sex with him,1.7,<10%
4319,Guatemala,M,Age,25-34,... if she refuses to have sex with him,1.2,<10%
4320,Guatemala,M,Age,35-49,... if she refuses to have sex with him,1.3,<10%
4321,Guatemala,M,Education,Higher,... for at least one specific reason,1.8,<10%
4322,Guatemala,M,Education,No education,... for at least one specific reason,8.7,<10%
4323,Guatemala,M,Education,Primary,... for at least one specific reason,8.1,<10%
4324,Guatemala,M,Education,Secondary,... for at least one specific reason,7.2,<10%
4325,Guatemala,M,Education,Higher,... if she argues with him,0.5,<10%
4326,Guatemala,M,Education,No education,... if she argues with him,2.1,<10%
4327,Guatemala,M,Education,Primary,... if she argues with him,2.8,<10%
4328,Guatemala,M,Education,Secondary,... if she argues with him,2.7,<10%
4329,Guatemala,M,Education,Higher,... if she goes out without telling him,0.2,<10%
4330,Guatemala,M,Education,No education,... if she goes out without telling him,2.4,<10%
4331,Guatemala,M,Education,Primary,... if she goes out without telling him,2.7,<10%
4332,Guatemala,M,Education,Secondary,... if she goes out without telling him,1.6,<10%
4333,Guatemala,M,Education,Higher,... if she neglects the children,1.1,<10%
4334,Guatemala,M,Education,No education,... if she neglects the children,5.1,<10%
4335,Guatemala,M,Education,Primary,... if she neglects the children,4.9,<10%
4336,Guatemala,M,Education,Secondary,... if she neglects the children,4.1,<10%
4337,Guatemala,M,Education,Higher,... if she refuses to have sex with him,0.4,<10%
4338,Guatemala,M,Education,No education,... if she refuses to have sex with him,1,<10%
4339,Guatemala,M,Education,Primary,... if she refuses to have sex with him,1.8,<10%
4340,Guatemala,M,Education,Secondary,... if she refuses to have sex with him,1.4,<10%
4341,Guatemala,M,Employment,Employed for cash,... for at least one specific reason,6.6,<10%
4342,Guatemala,M,Employment,Employed for kind,... for at least one specific reason,10.5,<10%
4343,Guatemala,M,Employment,Unemployed,... for at least one specific reason,12.7,<10%
4344,Guatemala,M,Employment,Employed for cash,... if she argues with him,2.3,<10%
4345,Guatemala,M,Employment,Employed for kind,... if she argues with him,2.2,<10%
4346,Guatemala,M,Employment,Unemployed,... if she argues with him,5.2,<10%
4347,Guatemala,M,Employment,Employed for cash,... if she goes out without telling him,1.9,<10%
4348,Guatemala,M,Employment,Employed for kind,... if she goes out without telling him,2.6,<10%
4349,Guatemala,M,Employment,Unemployed,... if she goes out without telling him,3.3,<10%
4350,Guatemala,M,Employment,Employed for cash,... if she neglects the children,3.9,<10%
4351,Guatemala,M,Employment,Employed for kind,... if she neglects the children,7.2,<10%
4352,Guatemala,M,Employment,Unemployed,... if she neglects the children,6.9,<10%
4353,Guatemala,M,Employment,Employed for cash,... if she refuses to have sex with him,1.4,<10%
4354,Guatemala,M,Employment,Employed for kind,... if she refuses to have sex with him,1.6,<10%
4355,Guatemala,M,Employment,Unemployed,... if she refuses to have sex with him,2.5,<10%
4356,Guatemala,M,Marital status,Married or living together,... for at least one specific reason,4.9,<10%
4357,Guatemala,M,Marital status,Never married,... for at least one specific reason,10.5,<10%
4358,Guatemala,M,Marital status,"Widowed, divorced, separated",... for at least one specific reason,6.2,<10%
4359,Guatemala,M,Marital status,Married or living together,... if she argues with him,1.6,<10%
4360,Guatemala,M,Marital status,Never married,... if she argues with him,3.7,<10%
4361,Guatemala,M,Marital status,"Widowed, divorced, separated",... if she argues with him,3.2,<10%
4362,Guatemala,M,Marital status,Married or living together,... if she goes out without telling him,1.5,<10%
4363,Guatemala,M,Marital status,Never married,... if she goes out without telling him,2.9,<10%
4364,Guatemala,M,Marital status,"Widowed, divorced, separated",... if she goes out without telling him,0.9,<10%
4365,Guatemala,M,Marital status,Married or living together,... if she neglects the children,2.7,<10%
4366,Guatemala,M,Marital status,Never married,... if she neglects the children,6.5,<10%
4367,Guatemala,M,Marital status,"Widowed, divorced, separated",... if she neglects the children,3.3,<10%
4368,Guatemala,M,Marital status,Married or living together,... if she refuses to have sex with him,1.4,<10%
4369,Guatemala,M,Marital status,Never married,... if she refuses to have sex with him,1.6,<10%
4370,Guatemala,M,Marital status,"Widowed, divorced, separated",... if she refuses to have sex with him,1.6,<10%
4371,Guatemala,M,Residence,Rural,... for at least one specific reason,8.3,<10%
4372,Guatemala,M,Residence,Urban,... for at least one specific reason,6.1,<10%
4373,Guatemala,M,Residence,Rural,... if she argues with him,3.1,<10%
4374,Guatemala,M,Residence,Urban,... if she argues with him,1.9,<10%
4375,Guatemala,M,Residence,Rural,... if she goes out without telling him,2.6,<10%
4376,Guatemala,M,Residence,Urban,... if she goes out without telling him,1.4,<10%
4377,Guatemala,M,Residence,Rural,... if she neglects the children,4.8,<10%
4378,Guatemala,M,Residence,Urban,... if she neglects the children,3.7,<10%
4379,Guatemala,M,Residence,Rural,... if she refuses to have sex with him,1.6,<10%
4380,Guatemala,M,Residence,Urban,... if she refuses to have sex with him,1.3,<10%
4381,Guinea,F,Education,Higher,... if she burns the food,8.2,<10%
4382,Guinea,F,Education,Secondary,... if she burns the food,15.8,<10%
4383,Guinea,F,Residence,Urban,... if she burns the food,15.9,<10%
4384,Guinea,F,Marital status,Never married,... if she burns the food,17.6,<10%
4385,Guinea,F,Age,15-24,... if she burns the food,22,<10%
4386,Guinea,F,Marital status,"Widowed, divorced, separated",... if she burns the food,22,<10%
4387,Guinea,F,Employment,Employed for cash,... if she burns the food,22.5,<10%
4388,Guinea,F,Employment,Unemployed,... if she burns the food,22.7,<10%
4389,Guinea,F,Education,Primary,... if she burns the food,23.3,<10%
4390,Guinea,F,Age,25-34,... if she burns the food,24.1,<10%
4391,Guinea,F,Age,35-49,... if she burns the food,25.1,<10%
4392,Guinea,F,Employment,Employed for kind,... if she burns the food,25.5,<10%
4393,Guinea,F,Marital status,Married or living together,... if she burns the food,25.8,<10%
4394,Guinea,F,Education,No education,... if she burns the food,26.3,<10%
4395,Guinea,F,Residence,Rural,... if she burns the food,28.2,<10%
4396,Guinea,M,Education,Higher,... if she burns the food,9.2,<10%
4397,Guinea,M,Education,Secondary,... if she burns the food,13,<10%
4398,Guinea,M,Age,25-34,... if she burns the food,13.9,<10%
4399,Guinea,M,Residence,Urban,... if she burns the food,13.9,<10%
4400,Guinea,M,Marital status,Married or living together,... if she burns the food,14,<10%
4401,Guinea,M,Age,35-49,... if she burns the food,14.6,<10%
4402,Guinea,M,Employment,Employed for kind,... if she burns the food,15.7,<10%
4403,Guinea,M,Employment,Employed for cash,... if she burns the food,16.6,<10%
4404,Guinea,M,Marital status,"Widowed, divorced, separated",... if she burns the food,18.8,<10%
4405,Guinea,M,Residence,Rural,... if she burns the food,19.2,<10%
4406,Guinea,M,Education,No education,... if she burns the food,19.7,<10%
4407,Guinea,M,Marital status,Never married,... if she burns the food,19.8,<10%
4408,Guinea,M,Age,15-24,... if she burns the food,20.7,<10%
4409,Guinea,M,Employment,Unemployed,... if she burns the food,20.7,<10%
4410,Guinea,M,Education,Primary,... if she burns the food,22,<10%
4411,Guinea,F,Age,15-24,... for at least one specific reason,65.1,<10%
4412,Guinea,F,Age,25-34,... for at least one specific reason,69.4,<10%
4413,Guinea,F,Age,35-49,... for at least one specific reason,67.9,<10%
4414,Guinea,F,Age,15-24,... if she argues with him,47.2,<10%
4415,Guinea,F,Age,25-34,... if she argues with him,49.5,<10%
4416,Guinea,F,Age,35-49,... if she argues with him,51,<10%
4417,Guinea,F,Age,15-24,... if she goes out without telling him,51.3,<10%
4418,Guinea,F,Age,25-34,... if she goes out without telling him,55.5,<10%
4419,Guinea,F,Age,35-49,... if she goes out without telling him,55.6,<10%
4420,Guinea,F,Age,15-24,... if she neglects the children,50.4,<10%
4421,Guinea,F,Age,25-34,... if she neglects the children,53.6,<10%
4422,Guinea,F,Age,35-49,... if she neglects the children,53.7,<10%
4423,Guinea,F,Age,15-24,... if she refuses to have sex with him,42.3,<10%
4424,Guinea,F,Age,25-34,... if she refuses to have sex with him,51.5,<10%
4425,Guinea,F,Age,35-49,... if she refuses to have sex with him,51,<10%
4426,Guinea,F,Education,Higher,... for at least one specific reason,46.8,<10%
4427,Guinea,F,Education,No education,... for at least one specific reason,70.9,<10%
4428,Guinea,F,Education,Primary,... for at least one specific reason,65.3,<10%
4429,Guinea,F,Education,Secondary,... for at least one specific reason,57.8,<10%
4430,Guinea,F,Education,Higher,... if she argues with him,19.4,<10%
4431,Guinea,F,Education,No education,... if she argues with him,53,<10%
4432,Guinea,F,Education,Primary,... if she argues with him,49.5,<10%
4433,Guinea,F,Education,Secondary,... if she argues with him,38.4,<10%
4434,Guinea,F,Education,Higher,... if she goes out without telling him,28.9,<10%
4435,Guinea,F,Education,No education,... if she goes out without telling him,58.3,<10%
4436,Guinea,F,Education,Primary,... if she goes out without telling him,51.7,<10%
4437,Guinea,F,Education,Secondary,... if she goes out without telling him,41.7,<10%
4438,Guinea,F,Education,Higher,... if she neglects the children,32.9,<10%
4439,Guinea,F,Education,No education,... if she neglects the children,55.8,<10%
4440,Guinea,F,Education,Primary,... if she neglects the children,49.7,<10%
4441,Guinea,F,Education,Secondary,... if she neglects the children,44.1,<10%
4442,Guinea,F,Education,Higher,... if she refuses to have sex with him,25.4,<10%
4443,Guinea,F,Education,No education,... if she refuses to have sex with him,51.9,<10%
4444,Guinea,F,Education,Primary,... if she refuses to have sex with him,45.7,<10%
4445,Guinea,F,Education,Secondary,... if she refuses to have sex with him,35.8,<10%
4446,Guinea,F,Employment,Employed for cash,... for at least one specific reason,66,<10%
4447,Guinea,F,Employment,Employed for kind,... for at least one specific reason,69.9,<10%
4448,Guinea,F,Employment,Unemployed,... for at least one specific reason,65.6,<10%
4449,Guinea,F,Employment,Employed for cash,... if she argues with him,50.3,<10%
4450,Guinea,F,Employment,Employed for kind,... if she argues with him,48.7,<10%
4451,Guinea,F,Employment,Unemployed,... if she argues with him,47.7,<10%
4452,Guinea,F,Employment,Employed for cash,... if she goes out without telling him,49.9,<10%
4453,Guinea,F,Employment,Employed for kind,... if she goes out without telling him,60.2,<10%
4454,Guinea,F,Employment,Unemployed,... if she goes out without telling him,51.5,<10%
4455,Guinea,F,Employment,Employed for cash,... if she neglects the children,49.3,<10%
4456,Guinea,F,Employment,Employed for kind,... if she neglects the children,58.5,<10%
4457,Guinea,F,Employment,Unemployed,... if she neglects the children,49.1,<10%
4458,Guinea,F,Employment,Employed for cash,... if she refuses to have sex with him,47.4,<10%
4459,Guinea,F,Employment,Employed for kind,... if she refuses to have sex with him,49.2,<10%
4460,Guinea,F,Employment,Unemployed,... if she refuses to have sex with him,46.2,<10%
4461,Guinea,F,Marital status,Married or living together,... for at least one specific reason,71.2,<10%
4462,Guinea,F,Marital status,Never married,... for at least one specific reason,57,<10%
4463,Guinea,F,Marital status,"Widowed, divorced, separated",... for at least one specific reason,61.8,<10%
4464,Guinea,F,Marital status,Married or living together,... if she argues with him,52.8,<10%
4465,Guinea,F,Marital status,Never married,... if she argues with him,39.4,<10%
4466,Guinea,F,Marital status,"Widowed, divorced, separated",... if she argues with him,41.5,<10%
4467,Guinea,F,Marital status,Married or living together,... if she goes out without telling him,58.5,<10%
4468,Guinea,F,Marital status,Never married,... if she goes out without telling him,41.5,<10%
4469,Guinea,F,Marital status,"Widowed, divorced, separated",... if she goes out without telling him,48.1,<10%
4470,Guinea,F,Marital status,Married or living together,... if she neglects the children,55.9,<10%
4471,Guinea,F,Marital status,Never married,... if she neglects the children,43,<10%
4472,Guinea,F,Marital status,"Widowed, divorced, separated",... if she neglects the children,47.1,<10%
4473,Guinea,F,Marital status,Married or living together,... if she refuses to have sex with him,53,<10%
4474,Guinea,F,Marital status,Never married,... if she refuses to have sex with him,33.3,<10%
4475,Guinea,F,Marital status,"Widowed, divorced, separated",... if she refuses to have sex with him,43.8,<10%
4476,Guinea,F,Residence,Rural,... for at least one specific reason,70.8,<10%
4477,Guinea,F,Residence,Urban,... for at least one specific reason,61.3,<10%
4478,Guinea,F,Residence,Rural,... if she argues with him,54.4,<10%
4479,Guinea,F,Residence,Urban,... if she argues with him,40,<10%
4480,Guinea,F,Residence,Rural,... if she goes out without telling him,58.9,<10%
4481,Guinea,F,Residence,Urban,... if she goes out without telling him,45.4,<10%
4482,Guinea,F,Residence,Rural,... if she neglects the children,56.1,<10%
4483,Guinea,F,Residence,Urban,... if she neglects the children,46.1,<10%
4484,Guinea,F,Residence,Rural,... if she refuses to have sex with him,52.2,<10%
4485,Guinea,F,Residence,Urban,... if she refuses to have sex with him,40.1,<10%
4486,Guinea,M,Age,15-24,... for at least one specific reason,56,<10%
4487,Guinea,M,Age,25-34,... for at least one specific reason,57.1,<10%
4488,Guinea,M,Age,35-49,... for at least one specific reason,53.2,<10%
4489,Guinea,M,Age,15-24,... if she argues with him,34.4,<10%
4490,Guinea,M,Age,25-34,... if she argues with him,32,<10%
4491,Guinea,M,Age,35-49,... if she argues with him,29.9,<10%
4492,Guinea,M,Age,15-24,... if she goes out without telling him,37.4,<10%
4493,Guinea,M,Age,25-34,... if she goes out without telling him,39.1,<10%
4494,Guinea,M,Age,35-49,... if she goes out without telling him,36.8,<10%
4495,Guinea,M,Age,15-24,... if she neglects the children,43.3,<10%
4496,Guinea,M,Age,25-34,... if she neglects the children,43.8,<10%
4497,Guinea,M,Age,35-49,... if she neglects the children,42.9,<10%
4498,Guinea,M,Age,15-24,... if she refuses to have sex with him,26,<10%
4499,Guinea,M,Age,25-34,... if she refuses to have sex with him,24.4,<10%
4500,Guinea,M,Age,35-49,... if she refuses to have sex with him,25.9,<10%
4501,Guinea,M,Education,Higher,... for at least one specific reason,39.9,<10%
4502,Guinea,M,Education,No education,... for at least one specific reason,64.5,<10%
4503,Guinea,M,Education,Primary,... for at least one specific reason,54.8,<10%
4504,Guinea,M,Education,Secondary,... for at least one specific reason,47.3,<10%
4505,Guinea,M,Education,Higher,... if she argues with him,20.4,<10%
4506,Guinea,M,Education,No education,... if she argues with him,39.8,<10%
4507,Guinea,M,Education,Primary,... if she argues with him,29.8,<10%
4508,Guinea,M,Education,Secondary,... if she argues with him,26.4,<10%
4509,Guinea,M,Education,Higher,... if she goes out without telling him,23.8,<10%
4510,Guinea,M,Education,No education,... if she goes out without telling him,47.3,<10%
4511,Guinea,M,Education,Primary,... if she goes out without telling him,35.9,<10%
4512,Guinea,M,Education,Secondary,... if she goes out without telling him,28.7,<10%
4513,Guinea,M,Education,Higher,... if she neglects the children,30.9,<10%
4514,Guinea,M,Education,No education,... if she neglects the children,50.2,<10%
4515,Guinea,M,Education,Primary,... if she neglects the children,43,<10%
4516,Guinea,M,Education,Secondary,... if she neglects the children,37.5,<10%
4517,Guinea,M,Education,Higher,... if she refuses to have sex with him,10.7,<10%
4518,Guinea,M,Education,No education,... if she refuses to have sex with him,34,<10%
4519,Guinea,M,Education,Primary,... if she refuses to have sex with him,27.5,<10%
4520,Guinea,M,Education,Secondary,... if she refuses to have sex with him,17,<10%
4521,Guinea,M,Employment,Employed for cash,... for at least one specific reason,55.5,<10%
4522,Guinea,M,Employment,Employed for kind,... for at least one specific reason,56.4,<10%
4523,Guinea,M,Employment,Unemployed,... for at least one specific reason,52.2,<10%
4524,Guinea,M,Employment,Employed for cash,... if she argues with him,32.9,<10%
4525,Guinea,M,Employment,Employed for kind,... if she argues with him,32,<10%
4526,Guinea,M,Employment,Unemployed,... if she argues with him,31.3,<10%
4527,Guinea,M,Employment,Employed for cash,... if she goes out without telling him,38.8,<10%
4528,Guinea,M,Employment,Employed for kind,... if she goes out without telling him,37.4,<10%
4529,Guinea,M,Employment,Unemployed,... if she goes out without telling him,34.6,<10%
4530,Guinea,M,Employment,Employed for cash,... if she neglects the children,44.3,<10%
4531,Guinea,M,Employment,Employed for kind,... if she neglects the children,42.6,<10%
4532,Guinea,M,Employment,Unemployed,... if she neglects the children,41.9,<10%
4533,Guinea,M,Employment,Employed for cash,... if she refuses to have sex with him,25.5,<10%
4534,Guinea,M,Employment,Employed for kind,... if she refuses to have sex with him,27.1,<10%
4535,Guinea,M,Employment,Unemployed,... if she refuses to have sex with him,21.7,<10%
4536,Guinea,M,Marital status,Married or living together,... for at least one specific reason,55.4,<10%
4537,Guinea,M,Marital status,Never married,... for at least one specific reason,55.4,<10%
4538,Guinea,M,Marital status,"Widowed, divorced, separated",... for at least one specific reason,55.4,<10%
4539,Guinea,M,Marital status,Married or living together,... if she argues with him,30.9,<10%
4540,Guinea,M,Marital status,Never married,... if she argues with him,33.6,<10%
4541,Guinea,M,Marital status,"Widowed, divorced, separated",... if she argues with him,37.5,<10%
4542,Guinea,M,Marital status,Married or living together,... if she goes out without telling him,39.5,<10%
4543,Guinea,M,Marital status,Never married,... if she goes out without telling him,35.9,<10%
4544,Guinea,M,Marital status,"Widowed, divorced, separated",... if she goes out without telling him,32.5,<10%
4545,Guinea,M,Marital status,Married or living together,... if she neglects the children,43.9,<10%
4546,Guinea,M,Marital status,Never married,... if she neglects the children,42.6,<10%
4547,Guinea,M,Marital status,"Widowed, divorced, separated",... if she neglects the children,50.9,<10%
4548,Guinea,M,Marital status,Married or living together,... if she refuses to have sex with him,25.4,<10%
4549,Guinea,M,Marital status,Never married,... if she refuses to have sex with him,25.4,<10%
4550,Guinea,M,Marital status,"Widowed, divorced, separated",... if she refuses to have sex with him,37.6,<10%
4551,Guinea,M,Residence,Rural,... for at least one specific reason,60.4,<10%
4552,Guinea,M,Residence,Urban,... for at least one specific reason,48.8,<10%
4553,Guinea,M,Residence,Rural,... if she argues with him,38,<10%
4554,Guinea,M,Residence,Urban,... if she argues with him,25,<10%
4555,Guinea,M,Residence,Rural,... if she goes out without telling him,43.6,<10%
4556,Guinea,M,Residence,Urban,... if she goes out without telling him,29.9,<10%
4557,Guinea,M,Residence,Rural,... if she neglects the children,47.7,<10%
4558,Guinea,M,Residence,Urban,... if she neglects the children,37.6,<10%
4559,Guinea,M,Residence,Rural,... if she refuses to have sex with him,29.2,<10%
4560,Guinea,M,Residence,Urban,... if she refuses to have sex with him,20.7,<10%
4561,Guyana,F,Education,Higher,... if she burns the food,0,10-25%
4562,Guyana,F,Residence,Urban,... if she burns the food,1.3,10-25%
4563,Guyana,F,Marital status,"Widowed, divorced, separated",... if she burns the food,2,10-25%
4564,Guyana,F,Employment,Employed for cash,... if she burns the food,2.1,10-25%
4565,Guyana,F,Marital status,Never married,... if she burns the food,2.8,10-25%
4566,Guyana,F,Education,Secondary,... if she burns the food,3.1,10-25%
4567,Guyana,F,Age,15-24,... if she burns the food,3.3,10-25%
4568,Guyana,F,Age,35-49,... if she burns the food,3.5,10-25%
4569,Guyana,F,Age,25-34,... if she burns the food,3.8,10-25%
4570,Guyana,F,Marital status,Married or living together,... if she burns the food,4.1,10-25%
4571,Guyana,F,Employment,Unemployed,... if she burns the food,4.3,10-25%
4572,Guyana,F,Residence,Rural,... if she burns the food,4.4,10-25%
4573,Guyana,F,Employment,Employed for kind,... if she burns the food,5.5,10-25%
4574,Guyana,F,Education,No education,... if she burns the food,5.6,10-25%
4575,Guyana,F,Education,Primary,... if she burns the food,6.4,10-25%
4576,Guyana,M,Education,Higher,... if she burns the food,0.1,10-25%
4577,Guyana,M,Residence,Urban,... if she burns the food,2.3,10-25%
4578,Guyana,M,Marital status,Married or living together,... if she burns the food,3,10-25%
4579,Guyana,M,Age,25-34,... if she burns the food,3.1,10-25%
4580,Guyana,M,Employment,Employed for kind,... if she burns the food,3.2,10-25%
4581,Guyana,M,Education,Secondary,... if she burns the food,3.3,10-25%
4582,Guyana,M,Age,35-49,... if she burns the food,3.6,10-25%
4583,Guyana,M,Education,No education,... if she burns the food,3.7,10-25%
4584,Guyana,M,Employment,Employed for cash,... if she burns the food,3.8,10-25%
4585,Guyana,M,Employment,Unemployed,... if she burns the food,4.4,10-25%
4586,Guyana,M,Residence,Rural,... if she burns the food,4.4,10-25%
4587,Guyana,M,Marital status,"Widowed, divorced, separated",... if she burns the food,4.5,10-25%
4588,Guyana,M,Age,15-24,... if she burns the food,4.7,10-25%
4589,Guyana,M,Marital status,Never married,... if she burns the food,4.8,10-25%
4590,Guyana,M,Education,Primary,... if she burns the food,7.2,10-25%
4591,Guyana,F,Age,15-24,... for at least one specific reason,16.5,10-25%
4592,Guyana,F,Age,25-34,... for at least one specific reason,15.4,10-25%
4593,Guyana,F,Age,35-49,... for at least one specific reason,16.6,10-25%
4594,Guyana,F,Age,15-24,... if she argues with him,6.2,10-25%
4595,Guyana,F,Age,25-34,... if she argues with him,6.8,10-25%
4596,Guyana,F,Age,35-49,... if she argues with him,7.1,10-25%
4597,Guyana,F,Age,15-24,... if she goes out without telling him,5,10-25%
4598,Guyana,F,Age,25-34,... if she goes out without telling him,6.6,10-25%
4599,Guyana,F,Age,35-49,... if she goes out without telling him,5.9,10-25%
4600,Guyana,F,Age,15-24,... if she neglects the children,11.7,10-25%
4601,Guyana,F,Age,25-34,... if she neglects the children,11.2,10-25%
4602,Guyana,F,Age,35-49,... if she neglects the children,11.9,10-25%
4603,Guyana,F,Age,15-24,... if she refuses to have sex with him,3.3,10-25%
4604,Guyana,F,Age,25-34,... if she refuses to have sex with him,4.9,10-25%
4605,Guyana,F,Age,35-49,... if she refuses to have sex with him,4.9,10-25%
4606,Guyana,F,Education,Higher,... for at least one specific reason,3.1,10-25%
4607,Guyana,F,Education,No education,... for at least one specific reason,15.4,10-25%
4608,Guyana,F,Education,Primary,... for at least one specific reason,26.2,10-25%
4609,Guyana,F,Education,Secondary,... for at least one specific reason,15.2,10-25%
4610,Guyana,F,Education,Higher,... if she argues with him,0.7,10-25%
4611,Guyana,F,Education,No education,... if she argues with him,7.6,10-25%
4612,Guyana,F,Education,Primary,... if she argues with him,11.3,10-25%
4613,Guyana,F,Education,Secondary,... if she argues with him,6.1,10-25%
4614,Guyana,F,Education,Higher,... if she goes out without telling him,0.7,10-25%
4615,Guyana,F,Education,No education,... if she goes out without telling him,10.4,10-25%
4616,Guyana,F,Education,Primary,... if she goes out without telling him,11.6,10-25%
4617,Guyana,F,Education,Secondary,... if she goes out without telling him,4.7,10-25%
4618,Guyana,F,Education,Higher,... if she neglects the children,2.6,10-25%
4619,Guyana,F,Education,No education,... if she neglects the children,10.4,10-25%
4620,Guyana,F,Education,Primary,... if she neglects the children,18.3,10-25%
4621,Guyana,F,Education,Secondary,... if she neglects the children,11,10-25%
4622,Guyana,F,Education,Higher,... if she refuses to have sex with him,0.4,10-25%
4623,Guyana,F,Education,No education,... if she refuses to have sex with him,3.8,10-25%
4624,Guyana,F,Education,Primary,... if she refuses to have sex with him,7.2,10-25%
4625,Guyana,F,Education,Secondary,... if she refuses to have sex with him,4.1,10-25%
4626,Guyana,F,Employment,Employed for cash,... for at least one specific reason,12,10-25%
4627,Guyana,F,Employment,Employed for kind,... for at least one specific reason,26,10-25%
4628,Guyana,F,Employment,Unemployed,... for at least one specific reason,18.8,10-25%
4629,Guyana,F,Employment,Employed for cash,... if she argues with him,4.8,10-25%
4630,Guyana,F,Employment,Employed for kind,... if she argues with him,11.5,10-25%
4631,Guyana,F,Employment,Unemployed,... if she argues with him,7.7,10-25%
4632,Guyana,F,Employment,Employed for cash,... if she goes out without telling him,3.6,10-25%
4633,Guyana,F,Employment,Employed for kind,... if she goes out without telling him,10,10-25%
4634,Guyana,F,Employment,Unemployed,... if she goes out without telling him,7,10-25%
4635,Guyana,F,Employment,Employed for cash,... if she neglects the children,8.9,10-25%
4636,Guyana,F,Employment,Employed for kind,... if she neglects the children,21.3,10-25%
4637,Guyana,F,Employment,Unemployed,... if she neglects the children,13.2,10-25%
4638,Guyana,F,Employment,Employed for cash,... if she refuses to have sex with him,3.2,10-25%
4639,Guyana,F,Employment,Employed for kind,... if she refuses to have sex with him,13.9,10-25%
4640,Guyana,F,Employment,Unemployed,... if she refuses to have sex with him,4.8,10-25%
4641,Guyana,F,Marital status,Married or living together,... for at least one specific reason,18.4,10-25%
4642,Guyana,F,Marital status,Never married,... for at least one specific reason,13.4,10-25%
4643,Guyana,F,Marital status,"Widowed, divorced, separated",... for at least one specific reason,12.9,10-25%
4644,Guyana,F,Marital status,Married or living together,... if she argues with him,8.4,10-25%
4645,Guyana,F,Marital status,Never married,... if she argues with him,4.2,10-25%
4646,Guyana,F,Marital status,"Widowed, divorced, separated",... if she argues with him,4.3,10-25%
4647,Guyana,F,Marital status,Married or living together,... if she goes out without telling him,7.3,10-25%
4648,Guyana,F,Marital status,Never married,... if she goes out without telling him,3.6,10-25%
4649,Guyana,F,Marital status,"Widowed, divorced, separated",... if she goes out without telling him,3.5,10-25%
4650,Guyana,F,Marital status,Married or living together,... if she neglects the children,13.3,10-25%
4651,Guyana,F,Marital status,Never married,... if she neglects the children,9.1,10-25%
4652,Guyana,F,Marital status,"Widowed, divorced, separated",... if she neglects the children,10.3,10-25%
4653,Guyana,F,Marital status,Married or living together,... if she refuses to have sex with him,5.5,10-25%
4654,Guyana,F,Marital status,Never married,... if she refuses to have sex with him,2.6,10-25%
4655,Guyana,F,Marital status,"Widowed, divorced, separated",... if she refuses to have sex with him,3,10-25%
4656,Guyana,F,Residence,Rural,... for at least one specific reason,19.6,10-25%
4657,Guyana,F,Residence,Urban,... for at least one specific reason,8.4,10-25%
4658,Guyana,F,Residence,Rural,... if she argues with him,8.5,10-25%
4659,Guyana,F,Residence,Urban,... if she argues with him,2.3,10-25%
4660,Guyana,F,Residence,Rural,... if she goes out without telling him,7.4,10-25%
4661,Guyana,F,Residence,Urban,... if she goes out without telling him,1.7,10-25%
4662,Guyana,F,Residence,Rural,... if she neglects the children,14,10-25%
4663,Guyana,F,Residence,Urban,... if she neglects the children,6,10-25%
4664,Guyana,F,Residence,Rural,... if she refuses to have sex with him,5.7,10-25%
4665,Guyana,F,Residence,Urban,... if she refuses to have sex with him,1.2,10-25%
4666,Guyana,M,Age,15-24,... for at least one specific reason,23,10-25%
4667,Guyana,M,Age,25-34,... for at least one specific reason,15.6,10-25%
4668,Guyana,M,Age,35-49,... for at least one specific reason,18.6,10-25%
4669,Guyana,M,Age,15-24,... if she argues with him,8.4,10-25%
4670,Guyana,M,Age,25-34,... if she argues with him,6,10-25%
4671,Guyana,M,Age,35-49,... if she argues with him,8.6,10-25%
4672,Guyana,M,Age,15-24,... if she goes out without telling him,7.7,10-25%
4673,Guyana,M,Age,25-34,... if she goes out without telling him,6.2,10-25%
4674,Guyana,M,Age,35-49,... if she goes out without telling him,6.2,10-25%
4675,Guyana,M,Age,15-24,... if she neglects the children,16.9,10-25%
4676,Guyana,M,Age,25-34,... if she neglects the children,9.6,10-25%
4677,Guyana,M,Age,35-49,... if she neglects the children,12.7,10-25%
4678,Guyana,M,Age,15-24,... if she refuses to have sex with him,4.6,10-25%
4679,Guyana,M,Age,25-34,... if she refuses to have sex with him,3.3,10-25%
4680,Guyana,M,Age,35-49,... if she refuses to have sex with him,2.8,10-25%
4681,Guyana,M,Education,Higher,... for at least one specific reason,8.6,10-25%
4682,Guyana,M,Education,No education,... for at least one specific reason,34,10-25%
4683,Guyana,M,Education,Primary,... for at least one specific reason,26.8,10-25%
4684,Guyana,M,Education,Secondary,... for at least one specific reason,18,10-25%
4685,Guyana,M,Education,Higher,... if she argues with him,2.1,10-25%
4686,Guyana,M,Education,No education,... if she argues with him,16.4,10-25%
4687,Guyana,M,Education,Primary,... if she argues with him,13,10-25%
4688,Guyana,M,Education,Secondary,... if she argues with him,6.8,10-25%
4689,Guyana,M,Education,Higher,... if she goes out without telling him,1.2,10-25%
4690,Guyana,M,Education,No education,... if she goes out without telling him,8.8,10-25%
4691,Guyana,M,Education,Primary,... if she goes out without telling him,12.3,10-25%
4692,Guyana,M,Education,Secondary,... if she goes out without telling him,5.8,10-25%
4693,Guyana,M,Education,Higher,... if she neglects the children,6.2,10-25%
4694,Guyana,M,Education,No education,... if she neglects the children,24.8,10-25%
4695,Guyana,M,Education,Primary,... if she neglects the children,19,10-25%
4696,Guyana,M,Education,Secondary,... if she neglects the children,12.1,10-25%
4697,Guyana,M,Education,Higher,... if she refuses to have sex with him,2.2,10-25%
4698,Guyana,M,Education,No education,... if she refuses to have sex with him,4.9,10-25%
4699,Guyana,M,Education,Primary,... if she refuses to have sex with him,5.6,10-25%
4700,Guyana,M,Education,Secondary,... if she refuses to have sex with him,3.1,10-25%
4701,Guyana,M,Employment,Employed for cash,... for at least one specific reason,18.7,10-25%
4702,Guyana,M,Employment,Employed for kind,... for at least one specific reason,30.8,10-25%
4703,Guyana,M,Employment,Unemployed,... for at least one specific reason,21.6,10-25%
4704,Guyana,M,Employment,Employed for cash,... if she argues with him,7.5,10-25%
4705,Guyana,M,Employment,Employed for kind,... if she argues with him,23.2,10-25%
4706,Guyana,M,Employment,Unemployed,... if she argues with him,8.3,10-25%
4707,Guyana,M,Employment,Employed for cash,... if she goes out without telling him,6.4,10-25%
4708,Guyana,M,Employment,Employed for kind,... if she goes out without telling him,21.4,10-25%
4709,Guyana,M,Employment,Unemployed,... if she goes out without telling him,7.2,10-25%
4710,Guyana,M,Employment,Employed for cash,... if she neglects the children,12.8,10-25%
4711,Guyana,M,Employment,Employed for kind,... if she neglects the children,25.3,10-25%
4712,Guyana,M,Employment,Unemployed,... if she neglects the children,14.5,10-25%
4713,Guyana,M,Employment,Employed for cash,... if she refuses to have sex with him,3.5,10-25%
4714,Guyana,M,Employment,Employed for kind,... if she refuses to have sex with him,5.3,10-25%
4715,Guyana,M,Employment,Unemployed,... if she refuses to have sex with him,3.8,10-25%
4716,Guyana,M,Marital status,Married or living together,... for at least one specific reason,17.9,10-25%
4717,Guyana,M,Marital status,Never married,... for at least one specific reason,21.2,10-25%
4718,Guyana,M,Marital status,"Widowed, divorced, separated",... for at least one specific reason,18.5,10-25%
4719,Guyana,M,Marital status,Married or living together,... if she argues with him,7.8,10-25%
4720,Guyana,M,Marital status,Never married,... if she argues with him,7.5,10-25%
4721,Guyana,M,Marital status,"Widowed, divorced, separated",... if she argues with him,9.9,10-25%
4722,Guyana,M,Marital status,Married or living together,... if she goes out without telling him,6.8,10-25%
4723,Guyana,M,Marital status,Never married,... if she goes out without telling him,6.7,10-25%
4724,Guyana,M,Marital status,"Widowed, divorced, separated",... if she goes out without telling him,6.5,10-25%
4725,Guyana,M,Marital status,Married or living together,... if she neglects the children,11.8,10-25%
4726,Guyana,M,Marital status,Never married,... if she neglects the children,15.4,10-25%
4727,Guyana,M,Marital status,"Widowed, divorced, separated",... if she neglects the children,12.1,10-25%
4728,Guyana,M,Marital status,Married or living together,... if she refuses to have sex with him,2.7,10-25%
4729,Guyana,M,Marital status,Never married,... if she refuses to have sex with him,4.3,10-25%
4730,Guyana,M,Marital status,"Widowed, divorced, separated",... if she refuses to have sex with him,5,10-25%
4731,Guyana,M,Residence,Rural,... for at least one specific reason,21.5,10-25%
4732,Guyana,M,Residence,Urban,... for at least one specific reason,13.2,10-25%
4733,Guyana,M,Residence,Rural,... if she argues with him,9,10-25%
4734,Guyana,M,Residence,Urban,... if she argues with him,4.6,10-25%
4735,Guyana,M,Residence,Rural,... if she goes out without telling him,8,10-25%
4736,Guyana,M,Residence,Urban,... if she goes out without telling him,3.4,10-25%
4737,Guyana,M,Residence,Rural,... if she neglects the children,15,10-25%
4738,Guyana,M,Residence,Urban,... if she neglects the children,8.5,10-25%
4739,Guyana,M,Residence,Rural,... if she refuses to have sex with him,4,10-25%
4740,Guyana,M,Residence,Urban,... if she refuses to have sex with him,2.3,10-25%
4741,Haiti,F,Education,Higher,... if she burns the food,0.1,<10%
4742,Haiti,F,Age,25-34,... if she burns the food,2.7,<10%
4743,Haiti,F,Residence,Urban,... if she burns the food,2.8,<10%
4744,Haiti,F,Education,Secondary,... if she burns the food,2.9,<10%
4745,Haiti,F,Age,35-49,... if she burns the food,3.1,<10%
4746,Haiti,F,Marital status,Married or living together,... if she burns the food,3.1,<10%
4747,Haiti,F,Employment,Employed for cash,... if she burns the food,3.2,<10%
4748,Haiti,F,Marital status,"Widowed, divorced, separated",... if she burns the food,3.3,<10%
4749,Haiti,F,Education,No education,... if she burns the food,4.7,<10%
4750,Haiti,F,Employment,Unemployed,... if she burns the food,4.9,<10%
4751,Haiti,F,Residence,Rural,... if she burns the food,4.9,<10%
4752,Haiti,F,Marital status,Never married,... if she burns the food,5.1,<10%
4753,Haiti,F,Age,15-24,... if she burns the food,5.5,<10%
4754,Haiti,F,Employment,Employed for kind,... if she burns the food,6,<10%
4755,Haiti,F,Education,Primary,... if she burns the food,6.2,<10%
4756,Haiti,M,Education,Higher,... if she burns the food,0.2,<10%
4757,Haiti,M,Age,35-49,... if she burns the food,0.9,<10%
4758,Haiti,M,Employment,Employed for kind,... if she burns the food,1,<10%
4759,Haiti,M,Marital status,Married or living together,... if she burns the food,1,<10%
4760,Haiti,M,Age,25-34,... if she burns the food,1.3,<10%
4761,Haiti,M,Marital status,"Widowed, divorced, separated",... if she burns the food,1.3,<10%
4762,Haiti,M,Employment,Employed for cash,... if she burns the food,1.4,<10%
4763,Haiti,M,Education,Secondary,... if she burns the food,1.6,<10%
4764,Haiti,M,Residence,Urban,... if she burns the food,1.6,<10%
4765,Haiti,M,Education,No education,... if she burns the food,1.7,<10%
4766,Haiti,M,Residence,Rural,... if she burns the food,1.9,<10%
4767,Haiti,M,Marital status,Never married,... if she burns the food,2.3,<10%
4768,Haiti,M,Age,15-24,... if she burns the food,2.6,<10%
4769,Haiti,M,Education,Primary,... if she burns the food,2.6,<10%
4770,Haiti,M,Employment,Unemployed,... if she burns the food,2.9,<10%
4771,Haiti,F,Age,15-24,... for at least one specific reason,19.3,<10%
4772,Haiti,F,Age,25-34,... for at least one specific reason,14.2,<10%
4773,Haiti,F,Age,35-49,... for at least one specific reason,15.1,<10%
4774,Haiti,F,Age,15-24,... if she argues with him,2.7,<10%
4775,Haiti,F,Age,25-34,... if she argues with him,2.2,<10%
4776,Haiti,F,Age,35-49,... if she argues with him,2.5,<10%
4777,Haiti,F,Age,15-24,... if she goes out without telling him,12.6,<10%
4778,Haiti,F,Age,25-34,... if she goes out without telling him,10.1,<10%
4779,Haiti,F,Age,35-49,... if she goes out without telling him,10.2,<10%
4780,Haiti,F,Age,15-24,... if she neglects the children,12.4,<10%
4781,Haiti,F,Age,25-34,... if she neglects the children,8.3,<10%
4782,Haiti,F,Age,35-49,... if she neglects the children,8.5,<10%
4783,Haiti,F,Age,15-24,... if she refuses to have sex with him,4.7,<10%
4784,Haiti,F,Age,25-34,... if she refuses to have sex with him,4.1,<10%
4785,Haiti,F,Age,35-49,... if she refuses to have sex with him,5.5,<10%
4786,Haiti,F,Education,Higher,... for at least one specific reason,1.9,<10%
4787,Haiti,F,Education,No education,... for at least one specific reason,22.5,<10%
4788,Haiti,F,Education,Primary,... for at least one specific reason,22.4,<10%
4789,Haiti,F,Education,Secondary,... for at least one specific reason,13.6,<10%
4790,Haiti,F,Education,Higher,... if she argues with him,0.1,<10%
4791,Haiti,F,Education,No education,... if she argues with him,4.4,<10%
4792,Haiti,F,Education,Primary,... if she argues with him,3.7,<10%
4793,Haiti,F,Education,Secondary,... if she argues with him,1.6,<10%
4794,Haiti,F,Education,Higher,... if she goes out without telling him,0.7,<10%
4795,Haiti,F,Education,No education,... if she goes out without telling him,15.6,<10%
4796,Haiti,F,Education,Primary,... if she goes out without telling him,16.5,<10%
4797,Haiti,F,Education,Secondary,... if she goes out without telling him,8.2,<10%
4798,Haiti,F,Education,Higher,... if she neglects the children,1.2,<10%
4799,Haiti,F,Education,No education,... if she neglects the children,13.1,<10%
4800,Haiti,F,Education,Primary,... if she neglects the children,13.9,<10%
4801,Haiti,F,Education,Secondary,... if she neglects the children,8.3,<10%
4802,Haiti,F,Education,Higher,... if she refuses to have sex with him,0.2,<10%
4803,Haiti,F,Education,No education,... if she refuses to have sex with him,9.8,<10%
4804,Haiti,F,Education,Primary,... if she refuses to have sex with him,6.9,<10%
4805,Haiti,F,Education,Secondary,... if she refuses to have sex with him,2.8,<10%
4806,Haiti,F,Employment,Employed for cash,... for at least one specific reason,15.5,<10%
4807,Haiti,F,Employment,Employed for kind,... for at least one specific reason,16.4,<10%
4808,Haiti,F,Employment,Unemployed,... for at least one specific reason,17.9,<10%
4809,Haiti,F,Employment,Employed for cash,... if she argues with him,2.4,<10%
4810,Haiti,F,Employment,Employed for kind,... if she argues with him,3.9,<10%
4811,Haiti,F,Employment,Unemployed,... if she argues with him,2.6,<10%
4812,Haiti,F,Employment,Employed for cash,... if she goes out without telling him,11,<10%
4813,Haiti,F,Employment,Employed for kind,... if she goes out without telling him,8.2,<10%
4814,Haiti,F,Employment,Unemployed,... if she goes out without telling him,11.4,<10%
4815,Haiti,F,Employment,Employed for cash,... if she neglects the children,9.2,<10%
4816,Haiti,F,Employment,Employed for kind,... if she neglects the children,8.6,<10%
4817,Haiti,F,Employment,Unemployed,... if she neglects the children,11.3,<10%
4818,Haiti,F,Employment,Employed for cash,... if she refuses to have sex with him,4.6,<10%
4819,Haiti,F,Employment,Employed for kind,... if she refuses to have sex with him,6.3,<10%
4820,Haiti,F,Employment,Unemployed,... if she refuses to have sex with him,4.9,<10%
4821,Haiti,F,Marital status,Married or living together,... for at least one specific reason,16.1,<10%
4822,Haiti,F,Marital status,Never married,... for at least one specific reason,17,<10%
4823,Haiti,F,Marital status,"Widowed, divorced, separated",... for at least one specific reason,17.6,<10%
4824,Haiti,F,Marital status,Married or living together,... if she argues with him,2.7,<10%
4825,Haiti,F,Marital status,Never married,... if she argues with him,2.3,<10%
4826,Haiti,F,Marital status,"Widowed, divorced, separated",... if she argues with him,2.2,<10%
4827,Haiti,F,Marital status,Married or living together,... if she goes out without telling him,11.7,<10%
4828,Haiti,F,Marital status,Never married,... if she goes out without telling him,10.5,<10%
4829,Haiti,F,Marital status,"Widowed, divorced, separated",... if she goes out without telling him,11.1,<10%
4830,Haiti,F,Marital status,Married or living together,... if she neglects the children,9.4,<10%
4831,Haiti,F,Marital status,Never married,... if she neglects the children,11.1,<10%
4832,Haiti,F,Marital status,"Widowed, divorced, separated",... if she neglects the children,9.6,<10%
4833,Haiti,F,Marital status,Married or living together,... if she refuses to have sex with him,5,<10%
4834,Haiti,F,Marital status,Never married,... if she refuses to have sex with him,4.3,<10%
4835,Haiti,F,Marital status,"Widowed, divorced, separated",... if she refuses to have sex with him,5.7,<10%
4836,Haiti,F,Residence,Rural,... for at least one specific reason,19.4,<10%
4837,Haiti,F,Residence,Urban,... for at least one specific reason,13.4,<10%
4838,Haiti,F,Residence,Rural,... if she argues with him,3.1,<10%
4839,Haiti,F,Residence,Urban,... if she argues with him,1.8,<10%
4840,Haiti,F,Residence,Rural,... if she goes out without telling him,13.7,<10%
4841,Haiti,F,Residence,Urban,... if she goes out without telling him,8.2,<10%
4842,Haiti,F,Residence,Rural,... if she neglects the children,11.7,<10%
4843,Haiti,F,Residence,Urban,... if she neglects the children,8.2,<10%
4844,Haiti,F,Residence,Rural,... if she refuses to have sex with him,6.4,<10%
4845,Haiti,F,Residence,Urban,... if she refuses to have sex with him,2.9,<10%
4846,Haiti,M,Age,15-24,... for at least one specific reason,14.1,<10%
4847,Haiti,M,Age,25-34,... for at least one specific reason,9.1,<10%
4848,Haiti,M,Age,35-49,... for at least one specific reason,7.3,<10%
4849,Haiti,M,Age,15-24,... if she argues with him,2.2,<10%
4850,Haiti,M,Age,25-34,... if she argues with him,1.4,<10%
4851,Haiti,M,Age,35-49,... if she argues with him,0.8,<10%
4852,Haiti,M,Age,15-24,... if she goes out without telling him,8.2,<10%
4853,Haiti,M,Age,25-34,... if she goes out without telling him,6.3,<10%
4854,Haiti,M,Age,35-49,... if she goes out without telling him,5.1,<10%
4855,Haiti,M,Age,15-24,... if she neglects the children,8.9,<10%
4856,Haiti,M,Age,25-34,... if she neglects the children,4.1,<10%
4857,Haiti,M,Age,35-49,... if she neglects the children,3.6,<10%
4858,Haiti,M,Age,15-24,... if she refuses to have sex with him,3.3,<10%
4859,Haiti,M,Age,25-34,... if she refuses to have sex with him,1.8,<10%
4860,Haiti,M,Age,35-49,... if she refuses to have sex with him,1.9,<10%
4861,Haiti,M,Education,Higher,... for at least one specific reason,3.5,<10%
4862,Haiti,M,Education,No education,... for at least one specific reason,10.7,<10%
4863,Haiti,M,Education,Primary,... for at least one specific reason,15.3,<10%
4864,Haiti,M,Education,Secondary,... for at least one specific reason,9.9,<10%
4865,Haiti,M,Education,Higher,... if she argues with him,0.2,<10%
4866,Haiti,M,Education,No education,... if she argues with him,1.3,<10%
4867,Haiti,M,Education,Primary,... if she argues with him,2.9,<10%
4868,Haiti,M,Education,Secondary,... if she argues with him,1.2,<10%
4869,Haiti,M,Education,Higher,... if she goes out without telling him,1.9,<10%
4870,Haiti,M,Education,No education,... if she goes out without telling him,7.6,<10%
4871,Haiti,M,Education,Primary,... if she goes out without telling him,10.1,<10%
4872,Haiti,M,Education,Secondary,... if she goes out without telling him,5.8,<10%
4873,Haiti,M,Education,Higher,... if she neglects the children,1.8,<10%
4874,Haiti,M,Education,No education,... if she neglects the children,4.4,<10%
4875,Haiti,M,Education,Primary,... if she neglects the children,8.2,<10%
4876,Haiti,M,Education,Secondary,... if she neglects the children,6,<10%
4877,Haiti,M,Education,Higher,... if she refuses to have sex with him,0.5,<10%
4878,Haiti,M,Education,No education,... if she refuses to have sex with him,3.2,<10%
4879,Haiti,M,Education,Primary,... if she refuses to have sex with him,4.4,<10%
4880,Haiti,M,Education,Secondary,... if she refuses to have sex with him,1.7,<10%
4881,Haiti,M,Employment,Employed for cash,... for at least one specific reason,9.8,<10%
4882,Haiti,M,Employment,Employed for kind,... for at least one specific reason,10.9,<10%
4883,Haiti,M,Employment,Unemployed,... for at least one specific reason,13.6,<10%
4884,Haiti,M,Employment,Employed for cash,... if she argues with him,1.5,<10%
4885,Haiti,M,Employment,Employed for kind,... if she argues with him,1.2,<10%
4886,Haiti,M,Employment,Unemployed,... if she argues with him,2,<10%
4887,Haiti,M,Employment,Employed for cash,... if she goes out without telling him,6.4,<10%
4888,Haiti,M,Employment,Employed for kind,... if she goes out without telling him,7.4,<10%
4889,Haiti,M,Employment,Unemployed,... if she goes out without telling him,7.7,<10%
4890,Haiti,M,Employment,Employed for cash,... if she neglects the children,5.2,<10%
4891,Haiti,M,Employment,Employed for kind,... if she neglects the children,4.5,<10%
4892,Haiti,M,Employment,Unemployed,... if she neglects the children,8.8,<10%
4893,Haiti,M,Employment,Employed for cash,... if she refuses to have sex with him,2.1,<10%
4894,Haiti,M,Employment,Employed for kind,... if she refuses to have sex with him,3,<10%
4895,Haiti,M,Employment,Unemployed,... if she refuses to have sex with him,3.4,<10%
4896,Haiti,M,Marital status,Married or living together,... for at least one specific reason,8.4,<10%
4897,Haiti,M,Marital status,Never married,... for at least one specific reason,12.4,<10%
4898,Haiti,M,Marital status,"Widowed, divorced, separated",... for at least one specific reason,13.7,<10%
4899,Haiti,M,Marital status,Married or living together,... if she argues with him,1.4,<10%
4900,Haiti,M,Marital status,Never married,... if she argues with him,1.7,<10%
4901,Haiti,M,Marital status,"Widowed, divorced, separated",... if she argues with him,1.6,<10%
4902,Haiti,M,Marital status,Married or living together,... if she goes out without telling him,5.7,<10%
4903,Haiti,M,Marital status,Never married,... if she goes out without telling him,7.2,<10%
4904,Haiti,M,Marital status,"Widowed, divorced, separated",... if she goes out without telling him,10.8,<10%
4905,Haiti,M,Marital status,Married or living together,... if she neglects the children,4,<10%
4906,Haiti,M,Marital status,Never married,... if she neglects the children,7.6,<10%
4907,Haiti,M,Marital status,"Widowed, divorced, separated",... if she neglects the children,5.6,<10%
4908,Haiti,M,Marital status,Married or living together,... if she refuses to have sex with him,1.9,<10%
4909,Haiti,M,Marital status,Never married,... if she refuses to have sex with him,2.8,<10%
4910,Haiti,M,Marital status,"Widowed, divorced, separated",... if she refuses to have sex with him,3.2,<10%
4911,Haiti,M,Residence,Rural,... for at least one specific reason,10.5,<10%
4912,Haiti,M,Residence,Urban,... for at least one specific reason,11.3,<10%
4913,Haiti,M,Residence,Rural,... if she argues with him,1.4,<10%
4914,Haiti,M,Residence,Urban,... if she argues with him,1.8,<10%
4915,Haiti,M,Residence,Rural,... if she goes out without telling him,7,<10%
4916,Haiti,M,Residence,Urban,... if she goes out without telling him,6.5,<10%
4917,Haiti,M,Residence,Rural,... if she neglects the children,5.2,<10%
4918,Haiti,M,Residence,Urban,... if she neglects the children,7.2,<10%
4919,Haiti,M,Residence,Rural,... if she refuses to have sex with him,3.1,<10%
4920,Haiti,M,Residence,Urban,... if she refuses to have sex with him,1.8,<10%
4921,Honduras,F,Education,Higher,... if she burns the food,0.4,10-25%
4922,Honduras,F,Education,Secondary,... if she burns the food,1.4,10-25%
4923,Honduras,F,Residence,Urban,... if she burns the food,2.3,10-25%
4924,Honduras,F,Employment,Employed for cash,... if she burns the food,3.6,10-25%
4925,Honduras,F,Age,25-34,... if she burns the food,3.9,10-25%
4926,Honduras,F,Marital status,Married or living together,... if she burns the food,4.1,10-25%
4927,Honduras,F,Age,35-49,... if she burns the food,4.2,10-25%
4928,Honduras,F,Marital status,Never married,... if she burns the food,4.4,10-25%
4929,Honduras,F,Marital status,"Widowed, divorced, separated",... if she burns the food,4.4,10-25%
4930,Honduras,F,Age,15-24,... if she burns the food,4.5,10-25%
4931,Honduras,F,Employment,Unemployed,... if she burns the food,4.8,10-25%
4932,Honduras,F,Employment,Employed for kind,... if she burns the food,6.3,10-25%
4933,Honduras,F,Education,Primary,... if she burns the food,6.5,10-25%
4934,Honduras,F,Residence,Rural,... if she burns the food,6.6,10-25%
4935,Honduras,F,Education,No education,... if she burns the food,10.8,10-25%
4936,Honduras,M,Education,Higher,... if she burns the food,0.5,10-25%
4937,Honduras,M,Employment,Unemployed,... if she burns the food,1.2,10-25%
4938,Honduras,M,Age,35-49,... if she burns the food,1.4,10-25%
4939,Honduras,M,Education,Secondary,... if she burns the food,1.5,10-25%
4940,Honduras,M,Marital status,Married or living together,... if she burns the food,1.5,10-25%
4941,Honduras,M,Residence,Urban,... if she burns the food,1.8,10-25%
4942,Honduras,M,Age,25-34,... if she burns the food,2.7,10-25%
4943,Honduras,M,Employment,Employed for cash,... if she burns the food,2.9,10-25%
4944,Honduras,M,Education,No education,... if she burns the food,3.7,10-25%
4945,Honduras,M,Residence,Rural,... if she burns the food,4.2,10-25%
4946,Honduras,M,Education,Primary,... if she burns the food,4.3,10-25%
4947,Honduras,M,Marital status,"Widowed, divorced, separated",... if she burns the food,4.4,10-25%
4948,Honduras,M,Age,15-24,... if she burns the food,4.6,10-25%
4949,Honduras,M,Marital status,Never married,... if she burns the food,5,10-25%
4950,Honduras,M,Employment,Employed for kind,... if she burns the food,6.5,10-25%
4951,Honduras,F,Age,15-24,... for at least one specific reason,13.2,10-25%
4952,Honduras,F,Age,25-34,... for at least one specific reason,11.1,10-25%
4953,Honduras,F,Age,35-49,... for at least one specific reason,12.5,10-25%
4954,Honduras,F,Age,15-24,... if she argues with him,5.1,10-25%
4955,Honduras,F,Age,25-34,... if she argues with him,4.5,10-25%
4956,Honduras,F,Age,35-49,... if she argues with him,4.8,10-25%
4957,Honduras,F,Age,15-24,... if she goes out without telling him,4.5,10-25%
4958,Honduras,F,Age,25-34,... if she goes out without telling him,3.9,10-25%
4959,Honduras,F,Age,35-49,... if she goes out without telling him,4.6,10-25%
4960,Honduras,F,Age,15-24,... if she neglects the children,10.1,10-25%
4961,Honduras,F,Age,25-34,... if she neglects the children,8.8,10-25%
4962,Honduras,F,Age,35-49,... if she neglects the children,9.3,10-25%
4963,Honduras,F,Age,15-24,... if she refuses to have sex with him,2.3,10-25%
4964,Honduras,F,Age,25-34,... if she refuses to have sex with him,2,10-25%
4965,Honduras,F,Age,35-49,... if she refuses to have sex with him,2.6,10-25%
4966,Honduras,F,Education,Higher,... for at least one specific reason,1.3,10-25%
4967,Honduras,F,Education,No education,... for at least one specific reason,23.6,10-25%
4968,Honduras,F,Education,Primary,... for at least one specific reason,17.5,10-25%
4969,Honduras,F,Education,Secondary,... for at least one specific reason,6.7,10-25%
4970,Honduras,F,Education,Higher,... if she argues with him,0.4,10-25%
4971,Honduras,F,Education,No education,... if she argues with him,11.4,10-25%
4972,Honduras,F,Education,Primary,... if she argues with him,7,10-25%
4973,Honduras,F,Education,Secondary,... if she argues with him,2.2,10-25%
4974,Honduras,F,Education,Higher,... if she goes out without telling him,0.3,10-25%
4975,Honduras,F,Education,No education,... if she goes out without telling him,11.4,10-25%
4976,Honduras,F,Education,Primary,... if she goes out without telling him,6.5,10-25%
4977,Honduras,F,Education,Secondary,... if she goes out without telling him,1.5,10-25%
4978,Honduras,F,Education,Higher,... if she neglects the children,1.1,10-25%
4979,Honduras,F,Education,No education,... if she neglects the children,18.2,10-25%
4980,Honduras,F,Education,Primary,... if she neglects the children,13.2,10-25%
4981,Honduras,F,Education,Secondary,... if she neglects the children,5.5,10-25%
4982,Honduras,F,Education,Higher,... if she refuses to have sex with him,0.4,10-25%
4983,Honduras,F,Education,No education,... if she refuses to have sex with him,6.8,10-25%
4984,Honduras,F,Education,Primary,... if she refuses to have sex with him,3.4,10-25%
4985,Honduras,F,Education,Secondary,... if she refuses to have sex with him,0.9,10-25%
4986,Honduras,F,Employment,Employed for cash,... for at least one specific reason,11.2,10-25%
4987,Honduras,F,Employment,Employed for kind,... for at least one specific reason,17.8,10-25%
4988,Honduras,F,Employment,Unemployed,... for at least one specific reason,13.1,10-25%
4989,Honduras,F,Employment,Employed for cash,... if she argues with him,4,10-25%
4990,Honduras,F,Employment,Employed for kind,... if she argues with him,7.3,10-25%
4991,Honduras,F,Employment,Unemployed,... if she argues with him,5.5,10-25%
4992,Honduras,F,Employment,Employed for cash,... if she goes out without telling him,3.7,10-25%
4993,Honduras,F,Employment,Employed for kind,... if she goes out without telling him,6.9,10-25%
4994,Honduras,F,Employment,Unemployed,... if she goes out without telling him,4.7,10-25%
4995,Honduras,F,Employment,Employed for cash,... if she neglects the children,8.7,10-25%
4996,Honduras,F,Employment,Employed for kind,... if she neglects the children,14.1,10-25%
4997,Honduras,F,Employment,Unemployed,... if she neglects the children,9.8,10-25%
4998,Honduras,F,Employment,Employed for cash,... if she refuses to have sex with him,2.1,10-25%
4999,Honduras,F,Employment,Employed for kind,... if she refuses to have sex with him,3.8,10-25%
5000,Honduras,F,Employment,Unemployed,... if she refuses to have sex with him,2.5,10-25%
5001,Honduras,F,Marital status,Married or living together,... for at least one specific reason,12.6,10-25%
5002,Honduras,F,Marital status,Never married,... for at least one specific reason,11.5,10-25%
5003,Honduras,F,Marital status,"Widowed, divorced, separated",... for at least one specific reason,13.2,10-25%
5004,Honduras,F,Marital status,Married or living together,... if she argues with him,5,10-25%
5005,Honduras,F,Marital status,Never married,... if she argues with him,4.5,10-25%
5006,Honduras,F,Marital status,"Widowed, divorced, separated",... if she argues with him,4.9,10-25%
5007,Honduras,F,Marital status,Married or living together,... if she goes out without telling him,4.5,10-25%
5008,Honduras,F,Marital status,Never married,... if she goes out without telling him,4.1,10-25%
5009,Honduras,F,Marital status,"Widowed, divorced, separated",... if she goes out without telling him,4.2,10-25%
5010,Honduras,F,Marital status,Married or living together,... if she neglects the children,9.5,10-25%
5011,Honduras,F,Marital status,Never married,... if she neglects the children,8.8,10-25%
5012,Honduras,F,Marital status,"Widowed, divorced, separated",... if she neglects the children,10.6,10-25%
5013,Honduras,F,Marital status,Married or living together,... if she refuses to have sex with him,2.4,10-25%
5014,Honduras,F,Marital status,Never married,... if she refuses to have sex with him,2.5,10-25%
5015,Honduras,F,Marital status,"Widowed, divorced, separated",... if she refuses to have sex with him,1.8,10-25%
5016,Honduras,F,Residence,Rural,... for at least one specific reason,16.7,10-25%
5017,Honduras,F,Residence,Urban,... for at least one specific reason,8.6,10-25%
5018,Honduras,F,Residence,Rural,... if she argues with him,7,10-25%
5019,Honduras,F,Residence,Urban,... if she argues with him,3,10-25%
5020,Honduras,F,Residence,Rural,... if she goes out without telling him,6.6,10-25%
5021,Honduras,F,Residence,Urban,... if she goes out without telling him,2.4,10-25%
5022,Honduras,F,Residence,Rural,... if she neglects the children,12.7,10-25%
5023,Honduras,F,Residence,Urban,... if she neglects the children,6.7,10-25%
5024,Honduras,F,Residence,Rural,... if she refuses to have sex with him,3.4,10-25%
5025,Honduras,F,Residence,Urban,... if she refuses to have sex with him,1.4,10-25%
5026,Honduras,M,Age,15-24,... for at least one specific reason,13.6,10-25%
5027,Honduras,M,Age,25-34,... for at least one specific reason,7.8,10-25%
5028,Honduras,M,Age,35-49,... for at least one specific reason,6.9,10-25%
5029,Honduras,M,Age,15-24,... if she argues with him,6,10-25%
5030,Honduras,M,Age,25-34,... if she argues with him,2.7,10-25%
5031,Honduras,M,Age,35-49,... if she argues with him,2.9,10-25%
5032,Honduras,M,Age,15-24,... if she goes out without telling him,4.3,10-25%
5033,Honduras,M,Age,25-34,... if she goes out without telling him,2.4,10-25%
5034,Honduras,M,Age,35-49,... if she goes out without telling him,2,10-25%
5035,Honduras,M,Age,15-24,... if she neglects the children,10.2,10-25%
5036,Honduras,M,Age,25-34,... if she neglects the children,4.8,10-25%
5037,Honduras,M,Age,35-49,... if she neglects the children,5.4,10-25%
5038,Honduras,M,Age,15-24,... if she refuses to have sex with him,4.1,10-25%
5039,Honduras,M,Age,25-34,... if she refuses to have sex with him,1.5,10-25%
5040,Honduras,M,Age,35-49,... if she refuses to have sex with him,1.1,10-25%
5041,Honduras,M,Education,Higher,... for at least one specific reason,1.2,10-25%
5042,Honduras,M,Education,No education,... for at least one specific reason,14.6,10-25%
5043,Honduras,M,Education,Primary,... for at least one specific reason,12.3,10-25%
5044,Honduras,M,Education,Secondary,... for at least one specific reason,7.3,10-25%
5045,Honduras,M,Education,Higher,... if she argues with him,0.4,10-25%
5046,Honduras,M,Education,No education,... if she argues with him,4.3,10-25%
5047,Honduras,M,Education,Primary,... if she argues with him,5.1,10-25%
5048,Honduras,M,Education,Secondary,... if she argues with him,3.2,10-25%
5049,Honduras,M,Education,Higher,... if she goes out without telling him,0.3,10-25%
5050,Honduras,M,Education,No education,... if she goes out without telling him,4.6,10-25%
5051,Honduras,M,Education,Primary,... if she goes out without telling him,3.9,10-25%
5052,Honduras,M,Education,Secondary,... if she goes out without telling him,1.9,10-25%
5053,Honduras,M,Education,Higher,... if she neglects the children,0.8,10-25%
5054,Honduras,M,Education,No education,... if she neglects the children,12.2,10-25%
5055,Honduras,M,Education,Primary,... if she neglects the children,8.9,10-25%
5056,Honduras,M,Education,Secondary,... if she neglects the children,5.1,10-25%
5057,Honduras,M,Education,Higher,... if she refuses to have sex with him,0.4,10-25%
5058,Honduras,M,Education,No education,... if she refuses to have sex with him,4.2,10-25%
5059,Honduras,M,Education,Primary,... if she refuses to have sex with him,3.4,10-25%
5060,Honduras,M,Education,Secondary,... if she refuses to have sex with him,1,10-25%
5061,Honduras,M,Employment,Employed for cash,... for at least one specific reason,9.7,10-25%
5062,Honduras,M,Employment,Employed for kind,... for at least one specific reason,14.9,10-25%
5063,Honduras,M,Employment,Unemployed,... for at least one specific reason,6.4,10-25%
5064,Honduras,M,Employment,Employed for cash,... if she argues with him,4,10-25%
5065,Honduras,M,Employment,Employed for kind,... if she argues with him,6.9,10-25%
5066,Honduras,M,Employment,Unemployed,... if she argues with him,2.1,10-25%
5067,Honduras,M,Employment,Employed for cash,... if she goes out without telling him,2.9,10-25%
5068,Honduras,M,Employment,Employed for kind,... if she goes out without telling him,6.8,10-25%
5069,Honduras,M,Employment,Unemployed,... if she goes out without telling him,0.8,10-25%
5070,Honduras,M,Employment,Employed for cash,... if she neglects the children,7,10-25%
5071,Honduras,M,Employment,Employed for kind,... if she neglects the children,11.3,10-25%
5072,Honduras,M,Employment,Unemployed,... if she neglects the children,4.9,10-25%
5073,Honduras,M,Employment,Employed for cash,... if she refuses to have sex with him,2.4,10-25%
5074,Honduras,M,Employment,Employed for kind,... if she refuses to have sex with him,4.1,10-25%
5075,Honduras,M,Employment,Unemployed,... if she refuses to have sex with him,0.7,10-25%
5076,Honduras,M,Marital status,Married or living together,... for at least one specific reason,6.6,10-25%
5077,Honduras,M,Marital status,Never married,... for at least one specific reason,13.4,10-25%
5078,Honduras,M,Marital status,"Widowed, divorced, separated",... for at least one specific reason,15.4,10-25%
5079,Honduras,M,Marital status,Married or living together,... if she argues with him,2.9,10-25%
5080,Honduras,M,Marital status,Never married,... if she argues with him,5.3,10-25%
5081,Honduras,M,Marital status,"Widowed, divorced, separated",... if she argues with him,6,10-25%
5082,Honduras,M,Marital status,Married or living together,... if she goes out without telling him,2,10-25%
5083,Honduras,M,Marital status,Never married,... if she goes out without telling him,4.2,10-25%
5084,Honduras,M,Marital status,"Widowed, divorced, separated",... if she goes out without telling him,4.3,10-25%
5085,Honduras,M,Marital status,Married or living together,... if she neglects the children,4.5,10-25%
5086,Honduras,M,Marital status,Never married,... if she neglects the children,10.3,10-25%
5087,Honduras,M,Marital status,"Widowed, divorced, separated",... if she neglects the children,11,10-25%
5088,Honduras,M,Marital status,Married or living together,... if she refuses to have sex with him,1.4,10-25%
5089,Honduras,M,Marital status,Never married,... if she refuses to have sex with him,3.8,10-25%
5090,Honduras,M,Marital status,"Widowed, divorced, separated",... if she refuses to have sex with him,3.1,10-25%
5091,Honduras,M,Residence,Rural,... for at least one specific reason,11.9,10-25%
5092,Honduras,M,Residence,Urban,... for at least one specific reason,7.8,10-25%
5093,Honduras,M,Residence,Rural,... if she argues with him,4.8,10-25%
5094,Honduras,M,Residence,Urban,... if she argues with him,3.3,10-25%
5095,Honduras,M,Residence,Rural,... if she goes out without telling him,4.1,10-25%
5096,Honduras,M,Residence,Urban,... if she goes out without telling him,2,10-25%
5097,Honduras,M,Residence,Rural,... if she neglects the children,8.9,10-25%
5098,Honduras,M,Residence,Urban,... if she neglects the children,5.4,10-25%
5099,Honduras,M,Residence,Rural,... if she refuses to have sex with him,3,10-25%
5100,Honduras,M,Residence,Urban,... if she refuses to have sex with him,1.8,10-25%
5101,India,F,Education,Higher,... if she burns the food,11.4,10-25%
5102,India,F,Residence,Urban,... if she burns the food,15.2,10-25%
5103,India,F,Marital status,Never married,... if she burns the food,15.8,10-25%
5104,India,F,Education,Secondary,... if she burns the food,17.3,10-25%
5105,India,F,Age,15-24,... if she burns the food,17.5,10-25%
5106,India,F,Employment,Unemployed,... if she burns the food,17.8,10-25%
5107,India,F,Age,25-34,... if she burns the food,18.8,10-25%
5108,India,F,Marital status,Married or living together,... if she burns the food,20,10-25%
5109,India,F,Age,35-49,... if she burns the food,21.1,10-25%
5110,India,F,Education,Primary,... if she burns the food,21.1,10-25%
5111,India,F,Employment,Employed for cash,... if she burns the food,21.4,10-25%
5112,India,F,Residence,Rural,... if she burns the food,21.4,10-25%
5113,India,F,Marital status,"Widowed, divorced, separated",... if she burns the food,22.4,10-25%
5114,India,F,Education,No education,... if she burns the food,25.6,10-25%
5115,India,F,Employment,Employed for kind,... if she burns the food,25.8,10-25%
5116,India,M,Education,Higher,... if she burns the food,7.4,10-25%
5117,India,M,Residence,Urban,... if she burns the food,8.7,10-25%
5118,India,M,Age,35-49,... if she burns the food,9.2,10-25%
5119,India,M,Marital status,Married or living together,... if she burns the food,9.7,10-25%
5120,India,M,Education,Secondary,... if she burns the food,9.9,10-25%
5121,India,M,Employment,Employed for cash,... if she burns the food,9.9,10-25%
5122,India,M,Employment,Unemployed,... if she burns the food,9.9,10-25%
5123,India,M,Age,25-34,... if she burns the food,10.2,10-25%
5124,India,M,Marital status,Never married,... if she burns the food,11,10-25%
5125,India,M,Residence,Rural,... if she burns the food,11.1,10-25%
5126,India,M,Age,15-24,... if she burns the food,11.2,10-25%
5127,India,M,Marital status,"Widowed, divorced, separated",... if she burns the food,11.4,10-25%
5128,India,M,Education,Primary,... if she burns the food,11.7,10-25%
5129,India,M,Education,No education,... if she burns the food,14.1,10-25%
5130,India,M,Employment,Employed for kind,... if she burns the food,14.1,10-25%
5131,India,F,Age,15-24,... for at least one specific reason,41.6,10-25%
5132,India,F,Age,25-34,... for at least one specific reason,44.7,10-25%
5133,India,F,Age,35-49,... for at least one specific reason,47.7,10-25%
5134,India,F,Age,15-24,... if she argues with him,26.4,10-25%
5135,India,F,Age,25-34,... if she argues with him,29.1,10-25%
5136,India,F,Age,35-49,... if she argues with him,31.7,10-25%
5137,India,F,Age,15-24,... if she goes out without telling him,23.6,10-25%
5138,India,F,Age,25-34,... if she goes out without telling him,26.2,10-25%
5139,India,F,Age,35-49,... if she goes out without telling him,28.6,10-25%
5140,India,F,Age,15-24,... if she neglects the children,30.4,10-25%
5141,India,F,Age,25-34,... if she neglects the children,32.8,10-25%
5142,India,F,Age,35-49,... if she neglects the children,35.1,10-25%
5143,India,F,Age,15-24,... if she refuses to have sex with him,11.4,10-25%
5144,India,F,Age,25-34,... if she refuses to have sex with him,13.4,10-25%
5145,India,F,Age,35-49,... if she refuses to have sex with him,15.1,10-25%
5146,India,F,Education,Higher,... for at least one specific reason,33.8,10-25%
5147,India,F,Education,No education,... for at least one specific reason,51.6,10-25%
5148,India,F,Education,Primary,... for at least one specific reason,48.4,10-25%
5149,India,F,Education,Secondary,... for at least one specific reason,42.9,10-25%
5150,India,F,Education,Higher,... if she argues with him,18.4,10-25%
5151,India,F,Education,No education,... if she argues with him,36.2,10-25%
5152,India,F,Education,Primary,... if she argues with him,33.1,10-25%
5153,India,F,Education,Secondary,... if she argues with him,27.2,10-25%
5154,India,F,Education,Higher,... if she goes out without telling him,18.4,10-25%
5155,India,F,Education,No education,... if she goes out without telling him,31.7,10-25%
5156,India,F,Education,Primary,... if she goes out without telling him,28.9,10-25%
5157,India,F,Education,Secondary,... if she goes out without telling him,24.6,10-25%
5158,India,F,Education,Higher,... if she neglects the children,25.2,10-25%
5159,India,F,Education,No education,... if she neglects the children,37.2,10-25%
5160,India,F,Education,Primary,... if she neglects the children,35.1,10-25%
5161,India,F,Education,Secondary,... if she neglects the children,31.9,10-25%
5162,India,F,Education,Higher,... if she refuses to have sex with him,8.1,10-25%
5163,India,F,Education,No education,... if she refuses to have sex with him,17.6,10-25%
5164,India,F,Education,Primary,... if she refuses to have sex with him,15.3,10-25%
5165,India,F,Education,Secondary,... if she refuses to have sex with him,11.9,10-25%
5166,India,F,Employment,Employed for cash,... for at least one specific reason,50.9,10-25%
5167,India,F,Employment,Employed for kind,... for at least one specific reason,52.4,10-25%
5168,India,F,Employment,Unemployed,... for at least one specific reason,41.8,10-25%
5169,India,F,Employment,Employed for cash,... if she argues with him,33.6,10-25%
5170,India,F,Employment,Employed for kind,... if she argues with him,36.6,10-25%
5171,India,F,Employment,Unemployed,... if she argues with him,26.9,10-25%
5172,India,F,Employment,Employed for cash,... if she goes out without telling him,30.6,10-25%
5173,India,F,Employment,Employed for kind,... if she goes out without telling him,31.9,10-25%
5174,India,F,Employment,Unemployed,... if she goes out without telling him,24.1,10-25%
5175,India,F,Employment,Employed for cash,... if she neglects the children,38.7,10-25%
5176,India,F,Employment,Employed for kind,... if she neglects the children,37.3,10-25%
5177,India,F,Employment,Unemployed,... if she neglects the children,30.3,10-25%
5178,India,F,Employment,Employed for cash,... if she refuses to have sex with him,15.2,10-25%
5179,India,F,Employment,Employed for kind,... if she refuses to have sex with him,17.8,10-25%
5180,India,F,Employment,Unemployed,... if she refuses to have sex with him,12.3,10-25%
5181,India,F,Marital status,Married or living together,... for at least one specific reason,46.5,10-25%
5182,India,F,Marital status,Never married,... for at least one specific reason,38.4,10-25%
5183,India,F,Marital status,"Widowed, divorced, separated",... for at least one specific reason,47.4,10-25%
5184,India,F,Marital status,Married or living together,... if she argues with him,30.7,10-25%
5185,India,F,Marital status,Never married,... if she argues with him,23.6,10-25%
5186,India,F,Marital status,"Widowed, divorced, separated",... if she argues with him,31.3,10-25%
5187,India,F,Marital status,Married or living together,... if she goes out without telling him,27.5,10-25%
5188,India,F,Marital status,Never married,... if she goes out without telling him,21.3,10-25%
5189,India,F,Marital status,"Widowed, divorced, separated",... if she goes out without telling him,29.5,10-25%
5190,India,F,Marital status,Married or living together,... if she neglects the children,34,10-25%
5191,India,F,Marital status,Never married,... if she neglects the children,28.1,10-25%
5192,India,F,Marital status,"Widowed, divorced, separated",... if she neglects the children,36.9,10-25%
5193,India,F,Marital status,Married or living together,... if she refuses to have sex with him,14.3,10-25%
5194,India,F,Marital status,Never married,... if she refuses to have sex with him,9.7,10-25%
5195,India,F,Marital status,"Widowed, divorced, separated",... if she refuses to have sex with him,16.3,10-25%
5196,India,F,Residence,Rural,... for at least one specific reason,47.4,10-25%
5197,India,F,Residence,Urban,... for at least one specific reason,39.8,10-25%
5198,India,F,Residence,Rural,... if she argues with him,32,10-25%
5199,India,F,Residence,Urban,... if she argues with him,24,10-25%
5200,India,F,Residence,Rural,... if she goes out without telling him,27.7,10-25%
5201,India,F,Residence,Urban,... if she goes out without telling him,23.3,10-25%
5202,India,F,Residence,Rural,... if she neglects the children,34.5,10-25%
5203,India,F,Residence,Urban,... if she neglects the children,29.7,10-25%
5204,India,F,Residence,Rural,... if she refuses to have sex with him,14.6,10-25%
5205,India,F,Residence,Urban,... if she refuses to have sex with him,11,10-25%
5206,India,M,Age,15-24,... for at least one specific reason,33.7,10-25%
5207,India,M,Age,25-34,... for at least one specific reason,31.3,10-25%
5208,India,M,Age,35-49,... for at least one specific reason,30.6,10-25%
5209,India,M,Age,15-24,... if she argues with him,22.4,10-25%
5210,India,M,Age,25-34,... if she argues with him,19.6,10-25%
5211,India,M,Age,35-49,... if she argues with him,19.3,10-25%
5212,India,M,Age,15-24,... if she goes out without telling him,17.5,10-25%
5213,India,M,Age,25-34,... if she goes out without telling him,15.5,10-25%
5214,India,M,Age,35-49,... if she goes out without telling him,14.9,10-25%
5215,India,M,Age,15-24,... if she neglects the children,20.7,10-25%
5216,India,M,Age,25-34,... if she neglects the children,19.9,10-25%
5217,India,M,Age,35-49,... if she neglects the children,18.9,10-25%
5218,India,M,Age,15-24,... if she refuses to have sex with him,10.3,10-25%
5219,India,M,Age,25-34,... if she refuses to have sex with him,8.6,10-25%
5220,India,M,Age,35-49,... if she refuses to have sex with him,8.1,10-25%
5221,India,M,Education,Higher,... for at least one specific reason,25.4,10-25%
5222,India,M,Education,No education,... for at least one specific reason,39.3,10-25%
5223,India,M,Education,Primary,... for at least one specific reason,35.8,10-25%
5224,India,M,Education,Secondary,... for at least one specific reason,31.6,10-25%
5225,India,M,Education,Higher,... if she argues with him,14.8,10-25%
5226,India,M,Education,No education,... if she argues with him,27.3,10-25%
5227,India,M,Education,Primary,... if she argues with him,23.8,10-25%
5228,India,M,Education,Secondary,... if she argues with him,20.1,10-25%
5229,India,M,Education,Higher,... if she goes out without telling him,12.2,10-25%
5230,India,M,Education,No education,... if she goes out without telling him,21.7,10-25%
5231,India,M,Education,Primary,... if she goes out without telling him,18.5,10-25%
5232,India,M,Education,Secondary,... if she goes out without telling him,15.4,10-25%
5233,India,M,Education,Higher,... if she neglects the children,16,10-25%
5234,India,M,Education,No education,... if she neglects the children,24.9,10-25%
5235,India,M,Education,Primary,... if she neglects the children,22.4,10-25%
5236,India,M,Education,Secondary,... if she neglects the children,19.5,10-25%
5237,India,M,Education,Higher,... if she refuses to have sex with him,6.6,10-25%
5238,India,M,Education,No education,... if she refuses to have sex with him,13.1,10-25%
5239,India,M,Education,Primary,... if she refuses to have sex with him,10.9,10-25%
5240,India,M,Education,Secondary,... if she refuses to have sex with him,8.6,10-25%
5241,India,M,Employment,Employed for cash,... for at least one specific reason,31.7,10-25%
5242,India,M,Employment,Employed for kind,... for at least one specific reason,39.1,10-25%
5243,India,M,Employment,Unemployed,... for at least one specific reason,29.8,10-25%
5244,India,M,Employment,Employed for cash,... if she argues with him,20.2,10-25%
5245,India,M,Employment,Employed for kind,... if she argues with him,25.9,10-25%
5246,India,M,Employment,Unemployed,... if she argues with him,19.3,10-25%
5247,India,M,Employment,Employed for cash,... if she goes out without telling him,15.7,10-25%
5248,India,M,Employment,Employed for kind,... if she goes out without telling him,20.2,10-25%
5249,India,M,Employment,Unemployed,... if she goes out without telling him,15.4,10-25%
5250,India,M,Employment,Employed for cash,... if she neglects the children,19.8,10-25%
5251,India,M,Employment,Employed for kind,... if she neglects the children,24,10-25%
5252,India,M,Employment,Unemployed,... if she neglects the children,18.2,10-25%
5253,India,M,Employment,Employed for cash,... if she refuses to have sex with him,8.8,10-25%
5254,India,M,Employment,Employed for kind,... if she refuses to have sex with him,10.9,10-25%
5255,India,M,Employment,Unemployed,... if she refuses to have sex with him,8.9,10-25%
5256,India,M,Marital status,Married or living together,... for at least one specific reason,30.8,10-25%
5257,India,M,Marital status,Never married,... for at least one specific reason,33.5,10-25%
5258,India,M,Marital status,"Widowed, divorced, separated",... for at least one specific reason,36.3,10-25%
5259,India,M,Marital status,Married or living together,... if she argues with him,19.5,10-25%
5260,India,M,Marital status,Never married,... if she argues with him,21.6,10-25%
5261,India,M,Marital status,"Widowed, divorced, separated",... if she argues with him,26.9,10-25%
5262,India,M,Marital status,Married or living together,... if she goes out without telling him,15.1,10-25%
5263,India,M,Marital status,Never married,... if she goes out without telling him,17.2,10-25%
5264,India,M,Marital status,"Widowed, divorced, separated",... if she goes out without telling him,20,10-25%
5265,India,M,Marital status,Married or living together,... if she neglects the children,19.3,10-25%
5266,India,M,Marital status,Never married,... if she neglects the children,20.7,10-25%
5267,India,M,Marital status,"Widowed, divorced, separated",... if she neglects the children,22.2,10-25%
5268,India,M,Marital status,Married or living together,... if she refuses to have sex with him,8.2,10-25%
5269,India,M,Marital status,Never married,... if she refuses to have sex with him,10.3,10-25%
5270,India,M,Marital status,"Widowed, divorced, separated",... if she refuses to have sex with him,11.9,10-25%
5271,India,M,Residence,Rural,... for at least one specific reason,34.1,10-25%
5272,India,M,Residence,Urban,... for at least one specific reason,28.4,10-25%
5273,India,M,Residence,Rural,... if she argues with him,22.2,10-25%
5274,India,M,Residence,Urban,... if she argues with him,17.6,10-25%
5275,India,M,Residence,Rural,... if she goes out without telling him,17.2,10-25%
5276,India,M,Residence,Urban,... if she goes out without telling him,13.9,10-25%
5277,India,M,Residence,Rural,... if she neglects the children,21,10-25%
5278,India,M,Residence,Urban,... if she neglects the children,18,10-25%
5279,India,M,Residence,Rural,... if she refuses to have sex with him,9.8,10-25%
5280,India,M,Residence,Urban,... if she refuses to have sex with him,7.8,10-25%
5281,Indonesia,F,Education,Higher,... if she burns the food,0.7,10-25%
5282,Indonesia,F,Residence,Urban,... if she burns the food,1.2,10-25%
5283,Indonesia,F,Education,Secondary,... if she burns the food,2,10-25%
5284,Indonesia,F,Age,25-34,... if she burns the food,2.1,10-25%
5285,Indonesia,F,Employment,Employed for cash,... if she burns the food,2.2,10-25%
5286,Indonesia,F,Employment,Unemployed,... if she burns the food,2.4,10-25%
5287,Indonesia,F,Age,35-49,... if she burns the food,2.5,10-25%
5288,Indonesia,F,Marital status,Married or living together,... if she burns the food,2.5,10-25%
5289,Indonesia,F,Marital status,Never married,... if she burns the food,2.7,10-25%
5290,Indonesia,F,Age,15-24,... if she burns the food,3.1,10-25%
5291,Indonesia,F,Marital status,"Widowed, divorced, separated",... if she burns the food,3.3,10-25%
5292,Indonesia,F,Education,No education,... if she burns the food,3.8,10-25%
5293,Indonesia,F,Education,Primary,... if she burns the food,3.9,10-25%
5294,Indonesia,F,Employment,Employed for kind,... if she burns the food,4,10-25%
5295,Indonesia,F,Residence,Rural,... if she burns the food,4,10-25%
5296,Indonesia,M,Employment,Unemployed,... if she burns the food,0,10-25%
5297,Indonesia,M,Education,Higher,... if she burns the food,0.1,10-25%
5298,Indonesia,M,Education,Secondary,... if she burns the food,0.6,10-25%
5299,Indonesia,M,Residence,Urban,... if she burns the food,0.6,10-25%
5300,Indonesia,M,Age,15-24,... if she burns the food,0.8,10-25%
5301,Indonesia,M,Age,25-34,... if she burns the food,0.8,10-25%
5302,Indonesia,M,Employment,Employed for cash,... if she burns the food,0.8,10-25%
5303,Indonesia,M,Marital status,Married or living together,... if she burns the food,0.8,10-25%
5304,Indonesia,M,Age,35-49,... if she burns the food,0.9,10-25%
5305,Indonesia,M,Residence,Rural,... if she burns the food,1.1,10-25%
5306,Indonesia,M,Education,Primary,... if she burns the food,1.4,10-25%
5307,Indonesia,M,Employment,Employed for kind,... if she burns the food,1.4,10-25%
5308,Indonesia,M,Education,No education,... if she burns the food,2.6,10-25%
5309,Indonesia,F,Age,15-24,... for at least one specific reason,42.2,10-25%
5310,Indonesia,F,Age,25-34,... for at least one specific reason,34.5,10-25%
5311,Indonesia,F,Age,35-49,... for at least one specific reason,28.9,10-25%
5312,Indonesia,F,Age,15-24,... if she argues with him,6.9,10-25%
5313,Indonesia,F,Age,25-34,... if she argues with him,5.1,10-25%
5314,Indonesia,F,Age,35-49,... if she argues with him,5.2,10-25%
5315,Indonesia,F,Age,15-24,... if she goes out without telling him,26.9,10-25%
5316,Indonesia,F,Age,25-34,... if she goes out without telling him,24.8,10-25%
5317,Indonesia,F,Age,35-49,... if she goes out without telling him,21.4,10-25%
5318,Indonesia,F,Age,15-24,... if she neglects the children,34.3,10-25%
5319,Indonesia,F,Age,25-34,... if she neglects the children,27.6,10-25%
5320,Indonesia,F,Age,35-49,... if she neglects the children,22,10-25%
5321,Indonesia,F,Age,15-24,... if she refuses to have sex with him,10.3,10-25%
5322,Indonesia,F,Age,25-34,... if she refuses to have sex with him,8.7,10-25%
5323,Indonesia,F,Age,35-49,... if she refuses to have sex with him,8.1,10-25%
5324,Indonesia,F,Education,Higher,... for at least one specific reason,25.5,10-25%
5325,Indonesia,F,Education,No education,... for at least one specific reason,26.6,10-25%
5326,Indonesia,F,Education,Primary,... for at least one specific reason,35.5,10-25%
5327,Indonesia,F,Education,Secondary,... for at least one specific reason,36.5,10-25%
5328,Indonesia,F,Education,Higher,... if she argues with him,2.9,10-25%
5329,Indonesia,F,Education,No education,... if she argues with him,9.2,10-25%
5330,Indonesia,F,Education,Primary,... if she argues with him,7.1,10-25%
5331,Indonesia,F,Education,Secondary,... if she argues with him,5.2,10-25%
5332,Indonesia,F,Education,Higher,... if she goes out without telling him,14.7,10-25%
5333,Indonesia,F,Education,No education,... if she goes out without telling him,19.8,10-25%
5334,Indonesia,F,Education,Primary,... if she goes out without telling him,26.9,10-25%
5335,Indonesia,F,Education,Secondary,... if she goes out without telling him,24.7,10-25%
5336,Indonesia,F,Education,Higher,... if she neglects the children,21.1,10-25%
5337,Indonesia,F,Education,No education,... if she neglects the children,19.9,10-25%
5338,Indonesia,F,Education,Primary,... if she neglects the children,27.3,10-25%
5339,Indonesia,F,Education,Secondary,... if she neglects the children,29.2,10-25%
5340,Indonesia,F,Education,Higher,... if she refuses to have sex with him,5.9,10-25%
5341,Indonesia,F,Education,No education,... if she refuses to have sex with him,8.4,10-25%
5342,Indonesia,F,Education,Primary,... if she refuses to have sex with him,10.9,10-25%
5343,Indonesia,F,Education,Secondary,... if she refuses to have sex with him,8.4,10-25%
5344,Indonesia,F,Employment,Employed for cash,... for at least one specific reason,31.9,10-25%
5345,Indonesia,F,Employment,Employed for kind,... for at least one specific reason,37.8,10-25%
5346,Indonesia,F,Employment,Unemployed,... for at least one specific reason,36.3,10-25%
5347,Indonesia,F,Employment,Employed for cash,... if she argues with him,4.8,10-25%
5348,Indonesia,F,Employment,Employed for kind,... if she argues with him,8.4,10-25%
5349,Indonesia,F,Employment,Unemployed,... if she argues with him,5.7,10-25%
5350,Indonesia,F,Employment,Employed for cash,... if she goes out without telling him,22.2,10-25%
5351,Indonesia,F,Employment,Employed for kind,... if she goes out without telling him,28.2,10-25%
5352,Indonesia,F,Employment,Unemployed,... if she goes out without telling him,24.7,10-25%
5353,Indonesia,F,Employment,Employed for cash,... if she neglects the children,25.2,10-25%
5354,Indonesia,F,Employment,Employed for kind,... if she neglects the children,29.5,10-25%
5355,Indonesia,F,Employment,Unemployed,... if she neglects the children,28.9,10-25%
5356,Indonesia,F,Employment,Employed for cash,... if she refuses to have sex with him,8.5,10-25%
5357,Indonesia,F,Employment,Employed for kind,... if she refuses to have sex with him,11,10-25%
5358,Indonesia,F,Employment,Unemployed,... if she refuses to have sex with him,8.7,10-25%
5359,Indonesia,F,Marital status,Married or living together,... for at least one specific reason,33.5,10-25%
5360,Indonesia,F,Marital status,Never married,... for at least one specific reason,38.5,10-25%
5361,Indonesia,F,Marital status,"Widowed, divorced, separated",... for at least one specific reason,30.9,10-25%
5362,Indonesia,F,Marital status,Married or living together,... if she argues with him,5.4,10-25%
5363,Indonesia,F,Marital status,Never married,... if she argues with him,6.2,10-25%
5364,Indonesia,F,Marital status,"Widowed, divorced, separated",... if she argues with him,7.2,10-25%
5365,Indonesia,F,Marital status,Married or living together,... if she goes out without telling him,24.3,10-25%
5366,Indonesia,F,Marital status,Never married,... if she goes out without telling him,23,10-25%
5367,Indonesia,F,Marital status,"Widowed, divorced, separated",... if she goes out without telling him,23.9,10-25%
5368,Indonesia,F,Marital status,Married or living together,... if she neglects the children,26.4,10-25%
5369,Indonesia,F,Marital status,Never married,... if she neglects the children,31.2,10-25%
5370,Indonesia,F,Marital status,"Widowed, divorced, separated",... if she neglects the children,23.9,10-25%
5371,Indonesia,F,Marital status,Married or living together,... if she refuses to have sex with him,8.8,10-25%
5372,Indonesia,F,Marital status,Never married,... if she refuses to have sex with him,9,10-25%
5373,Indonesia,F,Marital status,"Widowed, divorced, separated",... if she refuses to have sex with him,11.2,10-25%
5374,Indonesia,F,Residence,Rural,... for at least one specific reason,39.6,10-25%
5375,Indonesia,F,Residence,Urban,... for at least one specific reason,29.8,10-25%
5376,Indonesia,F,Residence,Rural,... if she argues with him,7.8,10-25%
5377,Indonesia,F,Residence,Urban,... if she argues with him,3.7,10-25%
5378,Indonesia,F,Residence,Rural,... if she goes out without telling him,29.3,10-25%
5379,Indonesia,F,Residence,Urban,... if she goes out without telling him,19.2,10-25%
5380,Indonesia,F,Residence,Rural,... if she neglects the children,31.1,10-25%
5381,Indonesia,F,Residence,Urban,... if she neglects the children,23.8,10-25%
5382,Indonesia,F,Residence,Rural,... if she refuses to have sex with him,11.5,10-25%
5383,Indonesia,F,Residence,Urban,... if she refuses to have sex with him,6.6,10-25%
5384,Indonesia,M,Age,15-24,... for at least one specific reason,24.8,10-25%
5385,Indonesia,M,Age,25-34,... for at least one specific reason,20.1,10-25%
5386,Indonesia,M,Age,35-49,... for at least one specific reason,16.7,10-25%
5387,Indonesia,M,Age,15-24,... if she argues with him,4.4,10-25%
5388,Indonesia,M,Age,25-34,... if she argues with him,4.3,10-25%
5389,Indonesia,M,Age,35-49,... if she argues with him,2.8,10-25%
5390,Indonesia,M,Age,15-24,... if she goes out without telling him,12.4,10-25%
5391,Indonesia,M,Age,25-34,... if she goes out without telling him,12.6,10-25%
5392,Indonesia,M,Age,35-49,... if she goes out without telling him,12,10-25%
5393,Indonesia,M,Age,15-24,... if she neglects the children,18.3,10-25%
5394,Indonesia,M,Age,25-34,... if she neglects the children,15,10-25%
5395,Indonesia,M,Age,35-49,... if she neglects the children,10.7,10-25%
5396,Indonesia,M,Age,15-24,... if she refuses to have sex with him,3.7,10-25%
5397,Indonesia,M,Age,25-34,... if she refuses to have sex with him,3.4,10-25%
5398,Indonesia,M,Age,35-49,... if she refuses to have sex with him,3,10-25%
5399,Indonesia,M,Education,Higher,... for at least one specific reason,12,10-25%
5400,Indonesia,M,Education,No education,... for at least one specific reason,19.7,10-25%
5401,Indonesia,M,Education,Primary,... for at least one specific reason,20.4,10-25%
5402,Indonesia,M,Education,Secondary,... for at least one specific reason,18.3,10-25%
5403,Indonesia,M,Education,Higher,... if she argues with him,2.5,10-25%
5404,Indonesia,M,Education,No education,... if she argues with him,9.3,10-25%
5405,Indonesia,M,Education,Primary,... if she argues with him,4.3,10-25%
5406,Indonesia,M,Education,Secondary,... if she argues with him,2.8,10-25%
5407,Indonesia,M,Education,Higher,... if she goes out without telling him,7.6,10-25%
5408,Indonesia,M,Education,No education,... if she goes out without telling him,14.6,10-25%
5409,Indonesia,M,Education,Primary,... if she goes out without telling him,14.2,10-25%
5410,Indonesia,M,Education,Secondary,... if she goes out without telling him,12,10-25%
5411,Indonesia,M,Education,Higher,... if she neglects the children,8.4,10-25%
5412,Indonesia,M,Education,No education,... if she neglects the children,13.9,10-25%
5413,Indonesia,M,Education,Primary,... if she neglects the children,13.6,10-25%
5414,Indonesia,M,Education,Secondary,... if she neglects the children,12.8,10-25%
5415,Indonesia,M,Education,Higher,... if she refuses to have sex with him,1.1,10-25%
5416,Indonesia,M,Education,No education,... if she refuses to have sex with him,6.2,10-25%
5417,Indonesia,M,Education,Primary,... if she refuses to have sex with him,4.2,10-25%
5418,Indonesia,M,Education,Secondary,... if she refuses to have sex with him,2.9,10-25%
5419,Indonesia,M,Employment,Employed for cash,... for at least one specific reason,18,10-25%
5420,Indonesia,M,Employment,Employed for kind,... for at least one specific reason,22.3,10-25%
5421,Indonesia,M,Employment,Unemployed,... for at least one specific reason,6.4,10-25%
5422,Indonesia,M,Employment,Employed for cash,... if she argues with him,3.2,10-25%
5423,Indonesia,M,Employment,Employed for kind,... if she argues with him,5.9,10-25%
5424,Indonesia,M,Employment,Unemployed,... if she argues with him,5.5,10-25%
5425,Indonesia,M,Employment,Employed for cash,... if she goes out without telling him,12,10-25%
5426,Indonesia,M,Employment,Employed for kind,... if she goes out without telling him,16.6,10-25%
5427,Indonesia,M,Employment,Unemployed,... if she goes out without telling him,0,10-25%
5428,Indonesia,M,Employment,Employed for cash,... if she neglects the children,12.6,10-25%
5429,Indonesia,M,Employment,Employed for kind,... if she neglects the children,13.1,10-25%
5430,Indonesia,M,Employment,Unemployed,... if she neglects the children,2.4,10-25%
5431,Indonesia,M,Employment,Employed for cash,... if she refuses to have sex with him,3,10-25%
5432,Indonesia,M,Employment,Employed for kind,... if she refuses to have sex with him,5.4,10-25%
5433,Indonesia,M,Employment,Unemployed,... if she refuses to have sex with him,4.2,10-25%
5434,Indonesia,M,Marital status,Married or living together,... for at least one specific reason,18.3,10-25%
5435,Indonesia,M,Marital status,Married or living together,... if she argues with him,3.4,10-25%
5436,Indonesia,M,Marital status,Married or living together,... if she goes out without telling him,12.2,10-25%
5437,Indonesia,M,Marital status,Married or living together,... if she neglects the children,12.6,10-25%
5438,Indonesia,M,Marital status,Married or living together,... if she refuses to have sex with him,3.2,10-25%
5439,Indonesia,M,Residence,Rural,... for at least one specific reason,20.7,10-25%
5440,Indonesia,M,Residence,Urban,... for at least one specific reason,16,10-25%
5441,Indonesia,M,Residence,Rural,... if she argues with him,4.7,10-25%
5442,Indonesia,M,Residence,Urban,... if she argues with him,2.1,10-25%
5443,Indonesia,M,Residence,Rural,... if she goes out without telling him,13.6,10-25%
5444,Indonesia,M,Residence,Urban,... if she goes out without telling him,10.9,10-25%
5445,Indonesia,M,Residence,Rural,... if she neglects the children,14.5,10-25%
5446,Indonesia,M,Residence,Urban,... if she neglects the children,10.7,10-25%
5447,Indonesia,M,Residence,Rural,... if she refuses to have sex with him,4.3,10-25%
5448,Indonesia,M,Residence,Urban,... if she refuses to have sex with him,2.1,10-25%
5449,Jordan,F,Marital status,"Widowed, divorced, separated",... if she burns the food,1.4,>25%
5450,Jordan,F,Age,15-24,... if she burns the food,1.8,>25%
5451,Jordan,F,Education,Higher,... if she burns the food,1.9,>25%
5452,Jordan,F,Employment,Employed for kind,... if she burns the food,2.1,>25%
5453,Jordan,F,Education,Secondary,... if she burns the food,2.2,>25%
5454,Jordan,F,Age,35-49,... if she burns the food,2.3,>25%
5455,Jordan,F,Residence,Urban,... if she burns the food,2.3,>25%
5456,Jordan,F,Employment,Unemployed,... if she burns the food,2.4,>25%
5457,Jordan,F,Age,15-24,... for at least one specific reason,15.7,>25%
5458,Jordan,F,Age,25-34,... for at least one specific reason,14.6,>25%
5459,Jordan,F,Age,35-49,... for at least one specific reason,13.4,>25%
5460,Jordan,F,Age,15-24,... if she argues with him,6.8,>25%
5461,Jordan,F,Age,25-34,... if she argues with him,6.1,>25%
5462,Jordan,F,Age,35-49,... if she argues with him,5.6,>25%
5463,Jordan,F,Age,25-34,... if she burns the food,2.7,>25%
5464,Jordan,F,Age,15-24,... if she goes out without telling him,9.5,>25%
5465,Jordan,F,Age,25-34,... if she goes out without telling him,7.2,>25%
5466,Jordan,F,Age,35-49,... if she goes out without telling him,6.5,>25%
5467,Jordan,F,Age,15-24,... if she neglects the children,5.8,>25%
5468,Jordan,F,Age,25-34,... if she neglects the children,7.3,>25%
5469,Jordan,F,Age,35-49,... if she neglects the children,6.6,>25%
5470,Jordan,F,Education,Higher,... for at least one specific reason,9.1,>25%
5471,Jordan,F,Education,No education,... for at least one specific reason,28.1,>25%
5472,Jordan,F,Education,Primary,... for at least one specific reason,26.2,>25%
5473,Jordan,F,Education,Secondary,... for at least one specific reason,15.3,>25%
5474,Jordan,F,Education,Higher,... if she argues with him,3.7,>25%
5475,Jordan,F,Education,No education,... if she argues with him,13.1,>25%
5476,Jordan,F,Education,Primary,... if she argues with him,12.1,>25%
5477,Jordan,F,Education,Secondary,... if she argues with him,6.2,>25%
5478,Jordan,F,Education,No education,... if she burns the food,7.8,>25%
5479,Jordan,F,Education,Primary,... if she burns the food,4.3,>25%
5480,Jordan,F,Education,Higher,... if she goes out without telling him,4.1,>25%
5481,Jordan,F,Education,No education,... if she goes out without telling him,14.8,>25%
5482,Jordan,F,Education,Primary,... if she goes out without telling him,14,>25%
5483,Jordan,F,Education,Secondary,... if she goes out without telling him,7.9,>25%
5484,Jordan,F,Education,Higher,... if she neglects the children,4.1,>25%
5485,Jordan,F,Education,No education,... if she neglects the children,18.7,>25%
5486,Jordan,F,Education,Primary,... if she neglects the children,13,>25%
5487,Jordan,F,Education,Secondary,... if she neglects the children,7.2,>25%
5488,Jordan,F,Employment,Employed for kind,... for at least one specific reason,10.5,>25%
5489,Jordan,F,Employment,Unemployed,... for at least one specific reason,14.7,>25%
5490,Jordan,F,Employment,Employed for kind,... if she argues with him,4.8,>25%
5491,Jordan,F,Employment,Unemployed,... if she argues with him,6.1,>25%
5492,Jordan,F,Employment,Employed for kind,... if she goes out without telling him,4.4,>25%
5493,Jordan,F,Employment,Unemployed,... if she goes out without telling him,7.6,>25%
5494,Jordan,F,Employment,Employed for kind,... if she neglects the children,4.6,>25%
5495,Jordan,F,Employment,Unemployed,... if she neglects the children,7.1,>25%
5496,Jordan,F,Marital status,Married or living together,... for at least one specific reason,14.4,>25%
5497,Jordan,F,Marital status,"Widowed, divorced, separated",... for at least one specific reason,10.8,>25%
5498,Jordan,F,Marital status,Married or living together,... if she argues with him,5.9,>25%
5499,Jordan,F,Marital status,"Widowed, divorced, separated",... if she argues with him,5.3,>25%
5500,Jordan,F,Marital status,Married or living together,... if she burns the food,2.5,>25%
5501,Jordan,F,Marital status,Married or living together,... if she goes out without telling him,7.3,>25%
5502,Jordan,F,Marital status,"Widowed, divorced, separated",... if she goes out without telling him,5.4,>25%
5503,Jordan,F,Marital status,Married or living together,... if she neglects the children,6.9,>25%
5504,Jordan,F,Marital status,"Widowed, divorced, separated",... if she neglects the children,4.4,>25%
5505,Jordan,F,Residence,Rural,... for at least one specific reason,17.1,>25%
5506,Jordan,F,Residence,Urban,... for at least one specific reason,13.8,>25%
5507,Jordan,F,Residence,Rural,... if she argues with him,7.9,>25%
5508,Jordan,F,Residence,Urban,... if she argues with him,5.7,>25%
5509,Jordan,F,Residence,Rural,... if she burns the food,2.7,>25%
5510,Jordan,F,Residence,Rural,... if she goes out without telling him,8.9,>25%
5511,Jordan,F,Residence,Urban,... if she goes out without telling him,7,>25%
5512,Jordan,F,Residence,Rural,... if she neglects the children,8.7,>25%
5513,Jordan,F,Residence,Urban,... if she neglects the children,6.5,>25%
5514,Jordan,M,Age,15-24,... for at least one specific reason,33.1,>25%
5515,Jordan,M,Age,25-34,... for at least one specific reason,31.8,>25%
5516,Jordan,M,Age,35-49,... for at least one specific reason,25.1,>25%
5517,Jordan,M,Age,15-24,... if she argues with him,19.8,>25%
5518,Jordan,M,Age,25-34,... if she argues with him,18.2,>25%
5519,Jordan,M,Age,35-49,... if she argues with him,13.8,>25%
5520,Jordan,M,Age,15-24,... if she burns the food,12,>25%
5521,Jordan,M,Age,25-34,... if she burns the food,6.8,>25%
5522,Jordan,M,Age,35-49,... if she burns the food,4.8,>25%
5523,Jordan,M,Age,15-24,... if she goes out without telling him,21.1,>25%
5524,Jordan,M,Age,25-34,... if she goes out without telling him,18.4,>25%
5525,Jordan,M,Age,35-49,... if she goes out without telling him,15.2,>25%
5526,Jordan,M,Age,15-24,... if she neglects the children,15.6,>25%
5527,Jordan,M,Age,25-34,... if she neglects the children,13.5,>25%
5528,Jordan,M,Age,35-49,... if she neglects the children,9.6,>25%
5529,Jordan,M,Education,Higher,... for at least one specific reason,27.2,>25%
5530,Jordan,M,Education,No education,... for at least one specific reason,36.3,>25%
5531,Jordan,M,Education,Primary,... for at least one specific reason,22.8,>25%
5532,Jordan,M,Education,Secondary,... for at least one specific reason,32.6,>25%
5533,Jordan,M,Education,Higher,... if she argues with him,15.7,>25%
5534,Jordan,M,Education,No education,... if she argues with him,34,>25%
5535,Jordan,M,Education,Primary,... if she argues with him,9.4,>25%
5536,Jordan,M,Education,Secondary,... if she argues with him,19,>25%
5537,Jordan,M,Education,Higher,... if she burns the food,8,>25%
5538,Jordan,M,Education,No education,... if she burns the food,18.7,>25%
5539,Jordan,M,Education,Primary,... if she burns the food,2.7,>25%
5540,Jordan,M,Education,Secondary,... if she burns the food,8.9,>25%
5541,Jordan,M,Education,Higher,... if she goes out without telling him,17.1,>25%
5542,Jordan,M,Education,No education,... if she goes out without telling him,19.4,>25%
5543,Jordan,M,Education,Primary,... if she goes out without telling him,15.2,>25%
5544,Jordan,M,Education,Secondary,... if she goes out without telling him,19.7,>25%
5545,Jordan,M,Education,Higher,... if she neglects the children,11.7,>25%
5546,Jordan,M,Education,No education,... if she neglects the children,19.8,>25%
5547,Jordan,M,Education,Primary,... if she neglects the children,9,>25%
5548,Jordan,M,Education,Secondary,... if she neglects the children,14.2,>25%
5549,Jordan,M,Employment,Employed for kind,... for at least one specific reason,28.3,>25%
5550,Jordan,M,Employment,Unemployed,... for at least one specific reason,32.7,>25%
5551,Jordan,M,Employment,Employed for kind,... if she argues with him,15.8,>25%
5552,Jordan,M,Employment,Unemployed,... if she argues with him,19.7,>25%
5553,Jordan,M,Employment,Employed for kind,... if she burns the food,5.3,>25%
5554,Jordan,M,Employment,Unemployed,... if she burns the food,12.2,>25%
5555,Jordan,M,Employment,Employed for kind,... if she goes out without telling him,17,>25%
5556,Jordan,M,Employment,Unemployed,... if she goes out without telling him,20.5,>25%
5557,Jordan,M,Employment,Employed for kind,... if she neglects the children,10.8,>25%
5558,Jordan,M,Employment,Unemployed,... if she neglects the children,16.1,>25%
5559,Jordan,M,Marital status,Married or living together,... for at least one specific reason,26.2,>25%
5560,Jordan,M,Marital status,Never married,... for at least one specific reason,33,>25%
5561,Jordan,M,Marital status,"Widowed, divorced, separated",... for at least one specific reason,34.3,>25%
5562,Jordan,M,Marital status,Married or living together,... if she argues with him,14.7,>25%
5563,Jordan,M,Marital status,Never married,... if she argues with him,19.5,>25%
5564,Jordan,M,Marital status,"Widowed, divorced, separated",... if she argues with him,21.4,>25%
5565,Jordan,M,Marital status,Married or living together,... if she burns the food,4.7,>25%
5566,Jordan,M,Marital status,Never married,... if she burns the food,10.9,>25%
5567,Jordan,M,Marital status,"Widowed, divorced, separated",... if she burns the food,8,>25%
5568,Jordan,M,Marital status,Married or living together,... if she goes out without telling him,14.9,>25%
5569,Jordan,M,Marital status,Never married,... if she goes out without telling him,21,>25%
5570,Jordan,M,Marital status,"Widowed, divorced, separated",... if she goes out without telling him,19.7,>25%
5571,Jordan,M,Marital status,Married or living together,... if she neglects the children,9.8,>25%
5572,Jordan,M,Marital status,Never married,... if she neglects the children,15.4,>25%
5573,Jordan,M,Marital status,"Widowed, divorced, separated",... if she neglects the children,17.2,>25%
5574,Jordan,M,Residence,Rural,... for at least one specific reason,44.3,>25%
5575,Jordan,M,Residence,Urban,... for at least one specific reason,28.5,>25%
5576,Jordan,M,Residence,Rural,... if she argues with him,27.3,>25%
5577,Jordan,M,Residence,Urban,... if she argues with him,16.4,>25%
5578,Jordan,M,Residence,Rural,... if she burns the food,14.3,>25%
5579,Jordan,M,Residence,Urban,... if she burns the food,7.6,>25%
5580,Jordan,M,Residence,Rural,... if she goes out without telling him,29.6,>25%
5581,Jordan,M,Residence,Urban,... if she goes out without telling him,17.2,>25%
5582,Jordan,M,Residence,Rural,... if she neglects the children,24.4,>25%
5583,Jordan,M,Residence,Urban,... if she neglects the children,11.8,>25%
5584,Kenya,F,Age,15-24,... for at least one specific reason,42,10-25%
5585,Kenya,F,Age,25-34,... for at least one specific reason,39.8,10-25%
5586,Kenya,F,Age,35-49,... for at least one specific reason,44,10-25%
5587,Kenya,F,Age,15-24,... if she argues with him,20.9,10-25%
5588,Kenya,F,Age,25-34,... if she argues with him,20.1,10-25%
5589,Kenya,F,Age,35-49,... if she argues with him,22.1,10-25%
5590,Kenya,F,Age,15-24,... if she burns the food,7,10-25%
5591,Kenya,F,Age,25-34,... if she burns the food,6.4,10-25%
5592,Kenya,F,Age,35-49,... if she burns the food,7.9,10-25%
5593,Kenya,F,Age,15-24,... if she goes out without telling him,21.5,10-25%
5594,Kenya,F,Age,25-34,... if she goes out without telling him,21.1,10-25%
5595,Kenya,F,Age,35-49,... if she goes out without telling him,23,10-25%
5596,Kenya,F,Age,15-24,... if she neglects the children,33.1,10-25%
5597,Kenya,F,Age,25-34,... if she neglects the children,31.7,10-25%
5598,Kenya,F,Age,35-49,... if she neglects the children,35.4,10-25%
5599,Kenya,F,Age,15-24,... if she refuses to have sex with him,12.2,10-25%
5600,Kenya,F,Age,25-34,... if she refuses to have sex with him,14.4,10-25%
5601,Kenya,F,Age,35-49,... if she refuses to have sex with him,19.9,10-25%
5602,Kenya,F,Education,Higher,... for at least one specific reason,14.9,10-25%
5603,Kenya,F,Education,No education,... for at least one specific reason,59.1,10-25%
5604,Kenya,F,Education,Primary,... for at least one specific reason,49,10-25%
5605,Kenya,F,Education,Secondary,... for at least one specific reason,35.8,10-25%
5606,Kenya,F,Education,Higher,... if she argues with him,3.7,10-25%
5607,Kenya,F,Education,No education,... if she argues with him,36.9,10-25%
5608,Kenya,F,Education,Primary,... if she argues with him,26.1,10-25%
5609,Kenya,F,Education,Secondary,... if she argues with him,15.3,10-25%
5610,Kenya,F,Education,Higher,... if she burns the food,0.8,10-25%
5611,Kenya,F,Education,No education,... if she burns the food,16,10-25%
5612,Kenya,F,Education,Primary,... if she burns the food,8.8,10-25%
5613,Kenya,F,Education,Secondary,... if she burns the food,4.4,10-25%
5614,Kenya,F,Education,Higher,... if she goes out without telling him,4.6,10-25%
5615,Kenya,F,Education,No education,... if she goes out without telling him,38.3,10-25%
5616,Kenya,F,Education,Primary,... if she goes out without telling him,26.8,10-25%
5617,Kenya,F,Education,Secondary,... if she goes out without telling him,16.2,10-25%
5618,Kenya,F,Education,Higher,... if she neglects the children,11.3,10-25%
5619,Kenya,F,Education,No education,... if she neglects the children,49.4,10-25%
5620,Kenya,F,Education,Primary,... if she neglects the children,39,10-25%
5621,Kenya,F,Education,Secondary,... if she neglects the children,28.3,10-25%
5622,Kenya,F,Education,Higher,... if she refuses to have sex with him,2.5,10-25%
5623,Kenya,F,Education,No education,... if she refuses to have sex with him,36,10-25%
5624,Kenya,F,Education,Primary,... if she refuses to have sex with him,19,10-25%
5625,Kenya,F,Education,Secondary,... if she refuses to have sex with him,8.8,10-25%
5626,Kenya,F,Employment,Employed for cash,... for at least one specific reason,38.6,10-25%
5627,Kenya,F,Employment,Employed for kind,... for at least one specific reason,53.7,10-25%
5628,Kenya,F,Employment,Unemployed,... for at least one specific reason,42,10-25%
5629,Kenya,F,Employment,Employed for cash,... if she argues with him,18.4,10-25%
5630,Kenya,F,Employment,Employed for kind,... if she argues with him,30.8,10-25%
5631,Kenya,F,Employment,Unemployed,... if she argues with him,21,10-25%
5632,Kenya,F,Employment,Employed for cash,... if she burns the food,5.9,10-25%
5633,Kenya,F,Employment,Employed for kind,... if she burns the food,10.1,10-25%
5634,Kenya,F,Employment,Unemployed,... if she burns the food,7.6,10-25%
5635,Kenya,F,Employment,Employed for cash,... if she goes out without telling him,20,10-25%
5636,Kenya,F,Employment,Employed for kind,... if she goes out without telling him,28,10-25%
5637,Kenya,F,Employment,Unemployed,... if she goes out without telling him,22,10-25%
5638,Kenya,F,Employment,Employed for cash,... if she neglects the children,30.5,10-25%
5639,Kenya,F,Employment,Employed for kind,... if she neglects the children,42.7,10-25%
5640,Kenya,F,Employment,Unemployed,... if she neglects the children,33.9,10-25%
5641,Kenya,F,Employment,Employed for cash,... if she refuses to have sex with him,13.8,10-25%
5642,Kenya,F,Employment,Employed for kind,... if she refuses to have sex with him,22.6,10-25%
5643,Kenya,F,Employment,Unemployed,... if she refuses to have sex with him,14.1,10-25%
5644,Kenya,F,Marital status,Married or living together,... for at least one specific reason,43.6,10-25%
5645,Kenya,F,Marital status,Never married,... for at least one specific reason,38.2,10-25%
5646,Kenya,F,Marital status,"Widowed, divorced, separated",... for at least one specific reason,41.5,10-25%
5647,Kenya,F,Marital status,Married or living together,... if she argues with him,23.3,10-25%
5648,Kenya,F,Marital status,Never married,... if she argues with him,16.9,10-25%
5649,Kenya,F,Marital status,"Widowed, divorced, separated",... if she argues with him,19.3,10-25%
5650,Kenya,F,Marital status,Married or living together,... if she burns the food,7.2,10-25%
5651,Kenya,F,Marital status,Never married,... if she burns the food,6.4,10-25%
5652,Kenya,F,Marital status,"Widowed, divorced, separated",... if she burns the food,7.9,10-25%
5653,Kenya,F,Marital status,Married or living together,... if she goes out without telling him,23.5,10-25%
5654,Kenya,F,Marital status,Never married,... if she goes out without telling him,18.2,10-25%
5655,Kenya,F,Marital status,"Widowed, divorced, separated",... if she goes out without telling him,21.8,10-25%
5656,Kenya,F,Marital status,Married or living together,... if she neglects the children,34.6,10-25%
5657,Kenya,F,Marital status,Never married,... if she neglects the children,30.1,10-25%
5658,Kenya,F,Marital status,"Widowed, divorced, separated",... if she neglects the children,34.6,10-25%
5659,Kenya,F,Marital status,Married or living together,... if she refuses to have sex with him,17.3,10-25%
5660,Kenya,F,Marital status,Never married,... if she refuses to have sex with him,9.6,10-25%
5661,Kenya,F,Marital status,"Widowed, divorced, separated",... if she refuses to have sex with him,17.5,10-25%
5662,Kenya,F,Residence,Rural,... for at least one specific reason,49.1,10-25%
5663,Kenya,F,Residence,Urban,... for at least one specific reason,31,10-25%
5664,Kenya,F,Residence,Rural,... if she argues with him,25.9,10-25%
5665,Kenya,F,Residence,Urban,... if she argues with him,13.8,10-25%
5666,Kenya,F,Residence,Rural,... if she burns the food,9.5,10-25%
5667,Kenya,F,Residence,Urban,... if she burns the food,3.5,10-25%
5668,Kenya,F,Residence,Rural,... if she goes out without telling him,27.1,10-25%
5669,Kenya,F,Residence,Urban,... if she goes out without telling him,13.9,10-25%
5670,Kenya,F,Residence,Rural,... if she neglects the children,39.5,10-25%
5671,Kenya,F,Residence,Urban,... if she neglects the children,24.2,10-25%
5672,Kenya,F,Residence,Rural,... if she refuses to have sex with him,19.9,10-25%
5673,Kenya,F,Residence,Urban,... if she refuses to have sex with him,8.1,10-25%
5674,Kenya,M,Age,15-24,... for at least one specific reason,38.6,10-25%
5675,Kenya,M,Age,25-34,... for at least one specific reason,36.2,10-25%
5676,Kenya,M,Age,35-49,... for at least one specific reason,33.6,10-25%
5677,Kenya,M,Age,15-24,... if she argues with him,20.7,10-25%
5678,Kenya,M,Age,25-34,... if she argues with him,20.9,10-25%
5679,Kenya,M,Age,35-49,... if she argues with him,19.8,10-25%
5680,Kenya,M,Age,15-24,... if she burns the food,5.2,10-25%
5681,Kenya,M,Age,25-34,... if she burns the food,4.6,10-25%
5682,Kenya,M,Age,35-49,... if she burns the food,3.6,10-25%
5683,Kenya,M,Age,15-24,... if she goes out without telling him,18.1,10-25%
5684,Kenya,M,Age,25-34,... if she goes out without telling him,18.9,10-25%
5685,Kenya,M,Age,35-49,... if she goes out without telling him,18.6,10-25%
5686,Kenya,M,Age,15-24,... if she neglects the children,27.9,10-25%
5687,Kenya,M,Age,25-34,... if she neglects the children,28.6,10-25%
5688,Kenya,M,Age,35-49,... if she neglects the children,25.3,10-25%
5689,Kenya,M,Age,15-24,... if she refuses to have sex with him,10.6,10-25%
5690,Kenya,M,Age,25-34,... if she refuses to have sex with him,9.6,10-25%
5691,Kenya,M,Age,35-49,... if she refuses to have sex with him,9.2,10-25%
5692,Kenya,M,Education,Higher,... for at least one specific reason,23.1,10-25%
5693,Kenya,M,Education,No education,... for at least one specific reason,60.4,10-25%
5694,Kenya,M,Education,Primary,... for at least one specific reason,40.5,10-25%
5695,Kenya,M,Education,Secondary,... for at least one specific reason,34.1,10-25%
5696,Kenya,M,Education,Higher,... if she argues with him,9,10-25%
5697,Kenya,M,Education,No education,... if she argues with him,45.4,10-25%
5698,Kenya,M,Education,Primary,... if she argues with him,24,10-25%
5699,Kenya,M,Education,Secondary,... if she argues with him,18.2,10-25%
5700,Kenya,M,Education,Higher,... if she burns the food,1.9,10-25%
5701,Kenya,M,Education,No education,... if she burns the food,15.5,10-25%
5702,Kenya,M,Education,Primary,... if she burns the food,5.2,10-25%
5703,Kenya,M,Education,Secondary,... if she burns the food,3.8,10-25%
5704,Kenya,M,Education,Higher,... if she goes out without telling him,9,10-25%
5705,Kenya,M,Education,No education,... if she goes out without telling him,48.2,10-25%
5706,Kenya,M,Education,Primary,... if she goes out without telling him,22.1,10-25%
5707,Kenya,M,Education,Secondary,... if she goes out without telling him,15,10-25%
5708,Kenya,M,Education,Higher,... if she neglects the children,18.6,10-25%
5709,Kenya,M,Education,No education,... if she neglects the children,51.1,10-25%
5710,Kenya,M,Education,Primary,... if she neglects the children,30.3,10-25%
5711,Kenya,M,Education,Secondary,... if she neglects the children,24.8,10-25%
5712,Kenya,M,Education,Higher,... if she refuses to have sex with him,4.1,10-25%
5713,Kenya,M,Education,No education,... if she refuses to have sex with him,34.8,10-25%
5714,Kenya,M,Education,Primary,... if she refuses to have sex with him,11.7,10-25%
5715,Kenya,M,Education,Secondary,... if she refuses to have sex with him,7.6,10-25%
5716,Kenya,M,Employment,Employed for cash,... for at least one specific reason,35.8,10-25%
5717,Kenya,M,Employment,Employed for kind,... for at least one specific reason,45.6,10-25%
5718,Kenya,M,Employment,Unemployed,... for at least one specific reason,33.1,10-25%
5719,Kenya,M,Employment,Employed for cash,... if she argues with him,20.6,10-25%
5720,Kenya,M,Employment,Employed for kind,... if she argues with him,25.1,10-25%
5721,Kenya,M,Employment,Unemployed,... if she argues with him,17.3,10-25%
5722,Kenya,M,Employment,Employed for cash,... if she burns the food,4.1,10-25%
5723,Kenya,M,Employment,Employed for kind,... if she burns the food,6.3,10-25%
5724,Kenya,M,Employment,Unemployed,... if she burns the food,5.4,10-25%
5725,Kenya,M,Employment,Employed for cash,... if she goes out without telling him,18.3,10-25%
5726,Kenya,M,Employment,Employed for kind,... if she goes out without telling him,25,10-25%
5727,Kenya,M,Employment,Unemployed,... if she goes out without telling him,15.2,10-25%
5728,Kenya,M,Employment,Employed for cash,... if she neglects the children,27.1,10-25%
5729,Kenya,M,Employment,Employed for kind,... if she neglects the children,35.5,10-25%
5730,Kenya,M,Employment,Unemployed,... if she neglects the children,23.5,10-25%
5731,Kenya,M,Employment,Employed for cash,... if she refuses to have sex with him,9.2,10-25%
5732,Kenya,M,Employment,Employed for kind,... if she refuses to have sex with him,13.5,10-25%
5733,Kenya,M,Employment,Unemployed,... if she refuses to have sex with him,10.4,10-25%
5734,Kenya,M,Marital status,Married or living together,... for at least one specific reason,35.6,10-25%
5735,Kenya,M,Marital status,Never married,... for at least one specific reason,37,10-25%
5736,Kenya,M,Marital status,"Widowed, divorced, separated",... for at least one specific reason,38.9,10-25%
5737,Kenya,M,Marital status,Married or living together,... if she argues with him,21.4,10-25%
5738,Kenya,M,Marital status,Never married,... if she argues with him,19.6,10-25%
5739,Kenya,M,Marital status,"Widowed, divorced, separated",... if she argues with him,20,10-25%
5740,Kenya,M,Marital status,Married or living together,... if she burns the food,3.9,10-25%
5741,Kenya,M,Marital status,Never married,... if she burns the food,5.4,10-25%
5742,Kenya,M,Marital status,"Widowed, divorced, separated",... if she burns the food,3.4,10-25%
5743,Kenya,M,Marital status,Married or living together,... if she goes out without telling him,19,10-25%
5744,Kenya,M,Marital status,Never married,... if she goes out without telling him,17.6,10-25%
5745,Kenya,M,Marital status,"Widowed, divorced, separated",... if she goes out without telling him,22.1,10-25%
5746,Kenya,M,Marital status,Married or living together,... if she neglects the children,27.5,10-25%
5747,Kenya,M,Marital status,Never married,... if she neglects the children,27,10-25%
5748,Kenya,M,Marital status,"Widowed, divorced, separated",... if she neglects the children,29.2,10-25%
5749,Kenya,M,Marital status,Married or living together,... if she refuses to have sex with him,9.6,10-25%
5750,Kenya,M,Marital status,Never married,... if she refuses to have sex with him,10.1,10-25%
5751,Kenya,M,Marital status,"Widowed, divorced, separated",... if she refuses to have sex with him,10.1,10-25%
5752,Kenya,M,Residence,Rural,... for at least one specific reason,37,10-25%
5753,Kenya,M,Residence,Urban,... for at least one specific reason,35.6,10-25%
5754,Kenya,M,Residence,Rural,... if she argues with him,21.1,10-25%
5755,Kenya,M,Residence,Urban,... if she argues with him,19.8,10-25%
5756,Kenya,M,Residence,Rural,... if she burns the food,5.1,10-25%
5757,Kenya,M,Residence,Urban,... if she burns the food,3.8,10-25%
5758,Kenya,M,Residence,Rural,... if she goes out without telling him,20.4,10-25%
5759,Kenya,M,Residence,Urban,... if she goes out without telling him,16.1,10-25%
5760,Kenya,M,Residence,Rural,... if she neglects the children,27.7,10-25%
5761,Kenya,M,Residence,Urban,... if she neglects the children,26.9,10-25%
5762,Kenya,M,Residence,Rural,... if she refuses to have sex with him,10.9,10-25%
5763,Kenya,M,Residence,Urban,... if she refuses to have sex with him,8.6,10-25%
5764,Kyrgyz Republic,F,Age,15-24,... for at least one specific reason,27.9,>25%
5765,Kyrgyz Republic,F,Age,25-34,... for at least one specific reason,38,>25%
5766,Kyrgyz Republic,F,Age,35-49,... for at least one specific reason,36.8,>25%
5767,Kyrgyz Republic,F,Age,15-24,... if she argues with him,13.6,>25%
5768,Kyrgyz Republic,F,Age,25-34,... if she argues with him,19,>25%
5769,Kyrgyz Republic,F,Age,35-49,... if she argues with him,18.5,>25%
5770,Kyrgyz Republic,F,Age,15-24,... if she burns the food,4.4,>25%
5771,Kyrgyz Republic,F,Age,25-34,... if she burns the food,7.6,>25%
5772,Kyrgyz Republic,F,Age,35-49,... if she burns the food,7.3,>25%
5773,Kyrgyz Republic,F,Age,15-24,... if she goes out without telling him,18.2,>25%
5774,Kyrgyz Republic,F,Age,25-34,... if she goes out without telling him,26.1,>25%
5775,Kyrgyz Republic,F,Age,35-49,... if she goes out without telling him,26.2,>25%
5776,Kyrgyz Republic,F,Age,15-24,... if she neglects the children,21.8,>25%
5777,Kyrgyz Republic,F,Age,25-34,... if she neglects the children,29.1,>25%
5778,Kyrgyz Republic,F,Age,35-49,... if she neglects the children,27.1,>25%
5779,Kyrgyz Republic,F,Age,15-24,... if she refuses to have sex with him,4.5,>25%
5780,Kyrgyz Republic,F,Age,25-34,... if she refuses to have sex with him,9.5,>25%
5781,Kyrgyz Republic,F,Age,35-49,... if she refuses to have sex with him,8.8,>25%
5782,Kyrgyz Republic,F,Education,Higher,... for at least one specific reason,25.6,>25%
5783,Kyrgyz Republic,F,Education,Primary,... for at least one specific reason,53.4,>25%
5784,Kyrgyz Republic,F,Education,Secondary,... for at least one specific reason,39.8,>25%
5785,Kyrgyz Republic,F,Education,Higher,... if she argues with him,11.8,>25%
5786,Kyrgyz Republic,F,Education,Primary,... if she argues with him,19.9,>25%
5787,Kyrgyz Republic,F,Education,Secondary,... if she argues with him,20.6,>25%
5788,Kyrgyz Republic,F,Education,Higher,... if she burns the food,4.1,>25%
5789,Kyrgyz Republic,F,Education,Primary,... if she burns the food,3.9,>25%
5790,Kyrgyz Republic,F,Education,Secondary,... if she burns the food,8,>25%
5791,Kyrgyz Republic,F,Education,Higher,... if she goes out without telling him,15.6,>25%
5792,Kyrgyz Republic,F,Education,Primary,... if she goes out without telling him,31.4,>25%
5793,Kyrgyz Republic,F,Education,Secondary,... if she goes out without telling him,28.9,>25%
5794,Kyrgyz Republic,F,Education,Higher,... if she neglects the children,19.1,>25%
5795,Kyrgyz Republic,F,Education,Primary,... if she neglects the children,41.4,>25%
5796,Kyrgyz Republic,F,Education,Secondary,... if she neglects the children,30.6,>25%
5797,Kyrgyz Republic,F,Education,Higher,... if she refuses to have sex with him,5.2,>25%
5798,Kyrgyz Republic,F,Education,Primary,... if she refuses to have sex with him,3.9,>25%
5799,Kyrgyz Republic,F,Education,Secondary,... if she refuses to have sex with him,9,>25%
5800,Kyrgyz Republic,F,Employment,Employed for cash,... for at least one specific reason,26.3,>25%
5801,Kyrgyz Republic,F,Employment,Employed for kind,... for at least one specific reason,40.9,>25%
5802,Kyrgyz Republic,F,Employment,Unemployed,... for at least one specific reason,36.5,>25%
5803,Kyrgyz Republic,F,Employment,Employed for cash,... if she argues with him,12.4,>25%
5804,Kyrgyz Republic,F,Employment,Employed for kind,... if she argues with him,17.9,>25%
5805,Kyrgyz Republic,F,Employment,Unemployed,... if she argues with him,18.5,>25%
5806,Kyrgyz Republic,F,Employment,Employed for cash,... if she burns the food,4.5,>25%
5807,Kyrgyz Republic,F,Employment,Employed for kind,... if she burns the food,6.4,>25%
5808,Kyrgyz Republic,F,Employment,Unemployed,... if she burns the food,7,>25%
5809,Kyrgyz Republic,F,Employment,Employed for cash,... if she goes out without telling him,16.6,>25%
5810,Kyrgyz Republic,F,Employment,Employed for kind,... if she goes out without telling him,26.5,>25%
5811,Kyrgyz Republic,F,Employment,Unemployed,... if she goes out without telling him,25.7,>25%
5812,Kyrgyz Republic,F,Employment,Employed for cash,... if she neglects the children,20.3,>25%
5813,Kyrgyz Republic,F,Employment,Employed for kind,... if she neglects the children,31.1,>25%
5814,Kyrgyz Republic,F,Employment,Unemployed,... if she neglects the children,27.6,>25%
5815,Kyrgyz Republic,F,Employment,Employed for cash,... if she refuses to have sex with him,5.7,>25%
5816,Kyrgyz Republic,F,Employment,Employed for kind,... if she refuses to have sex with him,6.3,>25%
5817,Kyrgyz Republic,F,Employment,Unemployed,... if she refuses to have sex with him,8,>25%
5818,Kyrgyz Republic,F,Marital status,Married or living together,... for at least one specific reason,40.7,>25%
5819,Kyrgyz Republic,F,Marital status,Never married,... for at least one specific reason,20.5,>25%
5820,Kyrgyz Republic,F,Marital status,"Widowed, divorced, separated",... for at least one specific reason,23.8,>25%
5821,Kyrgyz Republic,F,Marital status,Married or living together,... if she argues with him,20.5,>25%
5822,Kyrgyz Republic,F,Marital status,Never married,... if she argues with him,9.4,>25%
5823,Kyrgyz Republic,F,Marital status,"Widowed, divorced, separated",... if she argues with him,11.9,>25%
5824,Kyrgyz Republic,F,Marital status,Married or living together,... if she burns the food,8.1,>25%
5825,Kyrgyz Republic,F,Marital status,Never married,... if she burns the food,2.4,>25%
5826,Kyrgyz Republic,F,Marital status,"Widowed, divorced, separated",... if she burns the food,5.1,>25%
5827,Kyrgyz Republic,F,Marital status,Married or living together,... if she goes out without telling him,28.9,>25%
5828,Kyrgyz Republic,F,Marital status,Never married,... if she goes out without telling him,11.9,>25%
5829,Kyrgyz Republic,F,Marital status,"Widowed, divorced, separated",... if she goes out without telling him,15.8,>25%
5830,Kyrgyz Republic,F,Marital status,Married or living together,... if she neglects the children,31,>25%
5831,Kyrgyz Republic,F,Marital status,Never married,... if she neglects the children,15.6,>25%
5832,Kyrgyz Republic,F,Marital status,"Widowed, divorced, separated",... if she neglects the children,17.2,>25%
5833,Kyrgyz Republic,F,Marital status,Married or living together,... if she refuses to have sex with him,9.6,>25%
5834,Kyrgyz Republic,F,Marital status,Never married,... if she refuses to have sex with him,2.2,>25%
5835,Kyrgyz Republic,F,Marital status,"Widowed, divorced, separated",... if she refuses to have sex with him,6.8,>25%
5836,Kyrgyz Republic,F,Residence,Rural,... for at least one specific reason,40.7,>25%
5837,Kyrgyz Republic,F,Residence,Urban,... for at least one specific reason,22.1,>25%
5838,Kyrgyz Republic,F,Residence,Rural,... if she argues with him,20.9,>25%
5839,Kyrgyz Republic,F,Residence,Urban,... if she argues with him,9.8,>25%
5840,Kyrgyz Republic,F,Residence,Rural,... if she burns the food,7.9,>25%
5841,Kyrgyz Republic,F,Residence,Urban,... if she burns the food,3.5,>25%
5842,Kyrgyz Republic,F,Residence,Rural,... if she goes out without telling him,29.2,>25%
5843,Kyrgyz Republic,F,Residence,Urban,... if she goes out without telling him,12.9,>25%
5844,Kyrgyz Republic,F,Residence,Rural,... if she neglects the children,30.8,>25%
5845,Kyrgyz Republic,F,Residence,Urban,... if she neglects the children,16.9,>25%
5846,Kyrgyz Republic,F,Residence,Rural,... if she refuses to have sex with him,9.4,>25%
5847,Kyrgyz Republic,F,Residence,Urban,... if she refuses to have sex with him,3.9,>25%
5848,Kyrgyz Republic,M,Age,15-24,... for at least one specific reason,47.4,>25%
5849,Kyrgyz Republic,M,Age,25-34,... for at least one specific reason,56.2,>25%
5850,Kyrgyz Republic,M,Age,35-49,... for at least one specific reason,48.3,>25%
5851,Kyrgyz Republic,M,Age,15-24,... if she argues with him,18.7,>25%
5852,Kyrgyz Republic,M,Age,25-34,... if she argues with him,27.9,>25%
5853,Kyrgyz Republic,M,Age,35-49,... if she argues with him,25,>25%
5854,Kyrgyz Republic,M,Age,15-24,... if she burns the food,6.7,>25%
5855,Kyrgyz Republic,M,Age,25-34,... if she burns the food,4.3,>25%
5856,Kyrgyz Republic,M,Age,35-49,... if she burns the food,3.7,>25%
5857,Kyrgyz Republic,M,Age,15-24,... if she goes out without telling him,30.7,>25%
5858,Kyrgyz Republic,M,Age,25-34,... if she goes out without telling him,42.9,>25%
5859,Kyrgyz Republic,M,Age,35-49,... if she goes out without telling him,35.2,>25%
5860,Kyrgyz Republic,M,Age,15-24,... if she neglects the children,42.2,>25%
5861,Kyrgyz Republic,M,Age,25-34,... if she neglects the children,49.9,>25%
5862,Kyrgyz Republic,M,Age,35-49,... if she neglects the children,43.1,>25%
5863,Kyrgyz Republic,M,Age,15-24,... if she refuses to have sex with him,7,>25%
5864,Kyrgyz Republic,M,Age,25-34,... if she refuses to have sex with him,5.5,>25%
5865,Kyrgyz Republic,M,Age,35-49,... if she refuses to have sex with him,4.5,>25%
5866,Kyrgyz Republic,M,Education,Higher,... for at least one specific reason,50.9,>25%
5867,Kyrgyz Republic,M,Education,Secondary,... for at least one specific reason,50,>25%
5868,Kyrgyz Republic,M,Education,Higher,... if she argues with him,24.7,>25%
5869,Kyrgyz Republic,M,Education,Secondary,... if she argues with him,23,>25%
5870,Kyrgyz Republic,M,Education,Higher,... if she burns the food,3.2,>25%
5871,Kyrgyz Republic,M,Education,Secondary,... if she burns the food,5.9,>25%
5872,Kyrgyz Republic,M,Education,Higher,... if she goes out without telling him,34.3,>25%
5873,Kyrgyz Republic,M,Education,Secondary,... if she goes out without telling him,36.8,>25%
5874,Kyrgyz Republic,M,Education,Higher,... if she neglects the children,45.2,>25%
5875,Kyrgyz Republic,M,Education,Secondary,... if she neglects the children,44.6,>25%
5876,Kyrgyz Republic,M,Education,Higher,... if she refuses to have sex with him,4.8,>25%
5877,Kyrgyz Republic,M,Education,Secondary,... if she refuses to have sex with him,6.2,>25%
5878,Kyrgyz Republic,M,Employment,Employed for cash,... for at least one specific reason,54.1,>25%
5879,Kyrgyz Republic,M,Employment,Employed for kind,... for at least one specific reason,28.3,>25%
5880,Kyrgyz Republic,M,Employment,Unemployed,... for at least one specific reason,45,>25%
5881,Kyrgyz Republic,M,Employment,Employed for cash,... if she argues with him,25.4,>25%
5882,Kyrgyz Republic,M,Employment,Employed for kind,... if she argues with him,16.3,>25%
5883,Kyrgyz Republic,M,Employment,Unemployed,... if she argues with him,19.9,>25%
5884,Kyrgyz Republic,M,Employment,Employed for cash,... if she burns the food,4.2,>25%
5885,Kyrgyz Republic,M,Employment,Employed for kind,... if she burns the food,0.6,>25%
5886,Kyrgyz Republic,M,Employment,Unemployed,... if she burns the food,8.7,>25%
5887,Kyrgyz Republic,M,Employment,Employed for cash,... if she goes out without telling him,39.4,>25%
5888,Kyrgyz Republic,M,Employment,Employed for kind,... if she goes out without telling him,20.2,>25%
5889,Kyrgyz Republic,M,Employment,Unemployed,... if she goes out without telling him,29.1,>25%
5890,Kyrgyz Republic,M,Employment,Employed for cash,... if she neglects the children,48.4,>25%
5891,Kyrgyz Republic,M,Employment,Employed for kind,... if she neglects the children,19.9,>25%
5892,Kyrgyz Republic,M,Employment,Unemployed,... if she neglects the children,40.5,>25%
5893,Kyrgyz Republic,M,Employment,Employed for cash,... if she refuses to have sex with him,4.9,>25%
5894,Kyrgyz Republic,M,Employment,Employed for kind,... if she refuses to have sex with him,5.1,>25%
5895,Kyrgyz Republic,M,Employment,Unemployed,... if she refuses to have sex with him,8.3,>25%
5896,Kyrgyz Republic,M,Marital status,Married or living together,... for at least one specific reason,49.9,>25%
5897,Kyrgyz Republic,M,Marital status,Never married,... for at least one specific reason,49.9,>25%
5898,Kyrgyz Republic,M,Marital status,"Widowed, divorced, separated",... for at least one specific reason,62.1,>25%
5899,Kyrgyz Republic,M,Marital status,Married or living together,... if she argues with him,25.1,>25%
5900,Kyrgyz Republic,M,Marital status,Never married,... if she argues with him,19.7,>25%
5901,Kyrgyz Republic,M,Marital status,"Widowed, divorced, separated",... if she argues with him,37.7,>25%
5902,Kyrgyz Republic,M,Marital status,Married or living together,... if she burns the food,2.6,>25%
5903,Kyrgyz Republic,M,Marital status,Never married,... if she burns the food,7.6,>25%
5904,Kyrgyz Republic,M,Marital status,"Widowed, divorced, separated",... if she burns the food,14.3,>25%
5905,Kyrgyz Republic,M,Marital status,Married or living together,... if she goes out without telling him,36.2,>25%
5906,Kyrgyz Republic,M,Marital status,Never married,... if she goes out without telling him,33.9,>25%
5907,Kyrgyz Republic,M,Marital status,"Widowed, divorced, separated",... if she goes out without telling him,49,>25%
5908,Kyrgyz Republic,M,Marital status,Married or living together,... if she neglects the children,43.6,>25%
5909,Kyrgyz Republic,M,Marital status,Never married,... if she neglects the children,45.5,>25%
5910,Kyrgyz Republic,M,Marital status,"Widowed, divorced, separated",... if she neglects the children,57,>25%
5911,Kyrgyz Republic,M,Marital status,Married or living together,... if she refuses to have sex with him,4.1,>25%
5912,Kyrgyz Republic,M,Marital status,Never married,... if she refuses to have sex with him,7.7,>25%
5913,Kyrgyz Republic,M,Marital status,"Widowed, divorced, separated",... if she refuses to have sex with him,9.6,>25%
5914,Kyrgyz Republic,M,Residence,Rural,... for at least one specific reason,51.5,>25%
5915,Kyrgyz Republic,M,Residence,Urban,... for at least one specific reason,48,>25%
5916,Kyrgyz Republic,M,Residence,Rural,... if she argues with him,22.4,>25%
5917,Kyrgyz Republic,M,Residence,Urban,... if she argues with him,26.3,>25%
5918,Kyrgyz Republic,M,Residence,Rural,... if she burns the food,4.7,>25%
5919,Kyrgyz Republic,M,Residence,Urban,... if she burns the food,5.3,>25%
5920,Kyrgyz Republic,M,Residence,Rural,... if she goes out without telling him,37.1,>25%
5921,Kyrgyz Republic,M,Residence,Urban,... if she goes out without telling him,33.4,>25%
5922,Kyrgyz Republic,M,Residence,Rural,... if she neglects the children,46.5,>25%
5923,Kyrgyz Republic,M,Residence,Urban,... if she neglects the children,41.2,>25%
5924,Kyrgyz Republic,M,Residence,Rural,... if she refuses to have sex with him,5.3,>25%
5925,Kyrgyz Republic,M,Residence,Urban,... if she refuses to have sex with him,6.3,>25%
5926,Lesotho,F,Age,15-24,... for at least one specific reason,41.3,<10%
5927,Lesotho,F,Age,25-34,... for at least one specific reason,27.8,<10%
5928,Lesotho,F,Age,35-49,... for at least one specific reason,27.3,<10%
5929,Lesotho,F,Age,15-24,... if she argues with him,31.1,<10%
5930,Lesotho,F,Age,25-34,... if she argues with him,20.8,<10%
5931,Lesotho,F,Age,35-49,... if she argues with him,18.9,<10%
5932,Lesotho,F,Age,15-24,... if she burns the food,8.5,<10%
5933,Lesotho,F,Age,25-34,... if she burns the food,4.7,<10%
5934,Lesotho,F,Age,35-49,... if she burns the food,4.9,<10%
5935,Lesotho,F,Age,15-24,... if she goes out without telling him,13.3,<10%
5936,Lesotho,F,Age,25-34,... if she goes out without telling him,8.8,<10%
5937,Lesotho,F,Age,35-49,... if she goes out without telling him,9,<10%
5938,Lesotho,F,Age,15-24,... if she neglects the children,27.5,<10%
5939,Lesotho,F,Age,25-34,... if she neglects the children,17.7,<10%
5940,Lesotho,F,Age,35-49,... if she neglects the children,18.3,<10%
5941,Lesotho,F,Age,15-24,... if she refuses to have sex with him,10.3,<10%
5942,Lesotho,F,Age,25-34,... if she refuses to have sex with him,8.3,<10%
5943,Lesotho,F,Age,35-49,... if she refuses to have sex with him,9.4,<10%
5944,Lesotho,F,Education,Higher,... for at least one specific reason,5.4,<10%
5945,Lesotho,F,Education,No education,... for at least one specific reason,41.7,<10%
5946,Lesotho,F,Education,Primary,... for at least one specific reason,44.7,<10%
5947,Lesotho,F,Education,Secondary,... for at least one specific reason,29.4,<10%
5948,Lesotho,F,Education,Higher,... if she argues with him,2.6,<10%
5949,Lesotho,F,Education,No education,... if she argues with him,32.6,<10%
5950,Lesotho,F,Education,Primary,... if she argues with him,34.4,<10%
5951,Lesotho,F,Education,Secondary,... if she argues with him,20.8,<10%
5952,Lesotho,F,Education,Higher,... if she burns the food,0.5,<10%
5953,Lesotho,F,Education,No education,... if she burns the food,9.9,<10%
5954,Lesotho,F,Education,Primary,... if she burns the food,10,<10%
5955,Lesotho,F,Education,Secondary,... if she burns the food,4.5,<10%
5956,Lesotho,F,Education,Higher,... if she goes out without telling him,1.3,<10%
5957,Lesotho,F,Education,No education,... if she goes out without telling him,13.8,<10%
5958,Lesotho,F,Education,Primary,... if she goes out without telling him,17.1,<10%
5959,Lesotho,F,Education,Secondary,... if she goes out without telling him,7.5,<10%
5960,Lesotho,F,Education,Higher,... if she neglects the children,2.3,<10%
5961,Lesotho,F,Education,No education,... if she neglects the children,29.6,<10%
5962,Lesotho,F,Education,Primary,... if she neglects the children,30.4,<10%
5963,Lesotho,F,Education,Secondary,... if she neglects the children,18.9,<10%
5964,Lesotho,F,Education,Higher,... if she refuses to have sex with him,0.5,<10%
5965,Lesotho,F,Education,No education,... if she refuses to have sex with him,15,<10%
5966,Lesotho,F,Education,Primary,... if she refuses to have sex with him,15.6,<10%
5967,Lesotho,F,Education,Secondary,... if she refuses to have sex with him,6.2,<10%
5968,Lesotho,F,Employment,Employed for cash,... for at least one specific reason,25.1,<10%
5969,Lesotho,F,Employment,Employed for kind,... for at least one specific reason,39.2,<10%
5970,Lesotho,F,Employment,Unemployed,... for at least one specific reason,38.6,<10%
5971,Lesotho,F,Employment,Employed for cash,... if she argues with him,17.7,<10%
5972,Lesotho,F,Employment,Employed for kind,... if she argues with him,28.6,<10%
5973,Lesotho,F,Employment,Unemployed,... if she argues with him,29.1,<10%
5974,Lesotho,F,Employment,Employed for cash,... if she burns the food,3.9,<10%
5975,Lesotho,F,Employment,Employed for kind,... if she burns the food,8.8,<10%
5976,Lesotho,F,Employment,Unemployed,... if she burns the food,7.8,<10%
5977,Lesotho,F,Employment,Employed for cash,... if she goes out without telling him,7,<10%
5978,Lesotho,F,Employment,Employed for kind,... if she goes out without telling him,11.5,<10%
5979,Lesotho,F,Employment,Unemployed,... if she goes out without telling him,13.4,<10%
5980,Lesotho,F,Employment,Employed for cash,... if she neglects the children,16.1,<10%
5981,Lesotho,F,Employment,Employed for kind,... if she neglects the children,28,<10%
5982,Lesotho,F,Employment,Unemployed,... if she neglects the children,25.6,<10%
5983,Lesotho,F,Employment,Employed for cash,... if she refuses to have sex with him,6,<10%
5984,Lesotho,F,Employment,Employed for kind,... if she refuses to have sex with him,10.3,<10%
5985,Lesotho,F,Employment,Unemployed,... if she refuses to have sex with him,11.8,<10%
5986,Lesotho,F,Marital status,Married or living together,... for at least one specific reason,32.1,<10%
5987,Lesotho,F,Marital status,Never married,... for at least one specific reason,37.3,<10%
5988,Lesotho,F,Marital status,"Widowed, divorced, separated",... for at least one specific reason,28,<10%
5989,Lesotho,F,Marital status,Married or living together,... if she argues with him,24.1,<10%
5990,Lesotho,F,Marital status,Never married,... if she argues with him,26.8,<10%
5991,Lesotho,F,Marital status,"Widowed, divorced, separated",... if she argues with him,20.6,<10%
5992,Lesotho,F,Marital status,Married or living together,... if she burns the food,6,<10%
5993,Lesotho,F,Marital status,Never married,... if she burns the food,8.3,<10%
5994,Lesotho,F,Marital status,"Widowed, divorced, separated",... if she burns the food,2.8,<10%
5995,Lesotho,F,Marital status,Married or living together,... if she goes out without telling him,11.1,<10%
5996,Lesotho,F,Marital status,Never married,... if she goes out without telling him,11.1,<10%
5997,Lesotho,F,Marital status,"Widowed, divorced, separated",... if she goes out without telling him,7.9,<10%
5998,Lesotho,F,Marital status,Married or living together,... if she neglects the children,20.5,<10%
5999,Lesotho,F,Marital status,Never married,... if she neglects the children,25.1,<10%
6000,Lesotho,F,Marital status,"Widowed, divorced, separated",... if she neglects the children,20.1,<10%
6001,Lesotho,F,Marital status,Married or living together,... if she refuses to have sex with him,10.9,<10%
6002,Lesotho,F,Marital status,Never married,... if she refuses to have sex with him,7.3,<10%
6003,Lesotho,F,Marital status,"Widowed, divorced, separated",... if she refuses to have sex with him,8.7,<10%
6004,Lesotho,F,Residence,Rural,... for at least one specific reason,39.4,<10%
6005,Lesotho,F,Residence,Urban,... for at least one specific reason,22.8,<10%
6006,Lesotho,F,Residence,Rural,... if she argues with him,29.6,<10%
6007,Lesotho,F,Residence,Urban,... if she argues with him,15.8,<10%
6008,Lesotho,F,Residence,Rural,... if she burns the food,8.1,<10%
6009,Lesotho,F,Residence,Urban,... if she burns the food,3.2,<10%
6010,Lesotho,F,Residence,Rural,... if she goes out without telling him,13.5,<10%
6011,Lesotho,F,Residence,Urban,... if she goes out without telling him,5.8,<10%
6012,Lesotho,F,Residence,Rural,... if she neglects the children,25.6,<10%
6013,Lesotho,F,Residence,Urban,... if she neglects the children,15.7,<10%
6014,Lesotho,F,Residence,Rural,... if she refuses to have sex with him,12.1,<10%
6015,Lesotho,F,Residence,Urban,... if she refuses to have sex with him,4.8,<10%
6016,Lesotho,M,Age,15-24,... for at least one specific reason,46.2,<10%
6017,Lesotho,M,Age,25-34,... for at least one specific reason,35.8,<10%
6018,Lesotho,M,Age,35-49,... for at least one specific reason,31.5,<10%
6019,Lesotho,M,Age,15-24,... if she argues with him,29.7,<10%
6020,Lesotho,M,Age,25-34,... if she argues with him,22.4,<10%
6021,Lesotho,M,Age,35-49,... if she argues with him,22.3,<10%
6022,Lesotho,M,Age,15-24,... if she burns the food,8.5,<10%
6023,Lesotho,M,Age,25-34,... if she burns the food,3.9,<10%
6024,Lesotho,M,Age,35-49,... if she burns the food,5.2,<10%
6025,Lesotho,M,Age,15-24,... if she goes out without telling him,15.7,<10%
6026,Lesotho,M,Age,25-34,... if she goes out without telling him,14.5,<10%
6027,Lesotho,M,Age,35-49,... if she goes out without telling him,16.9,<10%
6028,Lesotho,M,Age,15-24,... if she neglects the children,31.7,<10%
6029,Lesotho,M,Age,25-34,... if she neglects the children,23.2,<10%
6030,Lesotho,M,Age,35-49,... if she neglects the children,18.8,<10%
6031,Lesotho,M,Age,15-24,... if she refuses to have sex with him,9.6,<10%
6032,Lesotho,M,Age,25-34,... if she refuses to have sex with him,7.9,<10%
6033,Lesotho,M,Age,35-49,... if she refuses to have sex with him,10,<10%
6034,Lesotho,M,Education,Higher,... for at least one specific reason,17.1,<10%
6035,Lesotho,M,Education,No education,... for at least one specific reason,52.5,<10%
6036,Lesotho,M,Education,Primary,... for at least one specific reason,47.4,<10%
6037,Lesotho,M,Education,Secondary,... for at least one specific reason,32.7,<10%
6038,Lesotho,M,Education,Higher,... if she argues with him,9.9,<10%
6039,Lesotho,M,Education,No education,... if she argues with him,38.2,<10%
6040,Lesotho,M,Education,Primary,... if she argues with him,32.8,<10%
6041,Lesotho,M,Education,Secondary,... if she argues with him,18.6,<10%
6042,Lesotho,M,Education,Higher,... if she burns the food,1.7,<10%
6043,Lesotho,M,Education,No education,... if she burns the food,8.9,<10%
6044,Lesotho,M,Education,Primary,... if she burns the food,8.2,<10%
6045,Lesotho,M,Education,Secondary,... if she burns the food,4.7,<10%
6046,Lesotho,M,Education,Higher,... if she goes out without telling him,4.6,<10%
6047,Lesotho,M,Education,No education,... if she goes out without telling him,28.8,<10%
6048,Lesotho,M,Education,Primary,... if she goes out without telling him,20.9,<10%
6049,Lesotho,M,Education,Secondary,... if she goes out without telling him,9.2,<10%
6050,Lesotho,M,Education,Higher,... if she neglects the children,10.4,<10%
6051,Lesotho,M,Education,No education,... if she neglects the children,35.9,<10%
6052,Lesotho,M,Education,Primary,... if she neglects the children,32.7,<10%
6053,Lesotho,M,Education,Secondary,... if she neglects the children,19.8,<10%
6054,Lesotho,M,Education,Higher,... if she refuses to have sex with him,2.1,<10%
6055,Lesotho,M,Education,No education,... if she refuses to have sex with him,19.7,<10%
6056,Lesotho,M,Education,Primary,... if she refuses to have sex with him,13,<10%
6057,Lesotho,M,Education,Secondary,... if she refuses to have sex with him,4.2,<10%
6058,Lesotho,M,Employment,Employed for cash,... for at least one specific reason,32.8,<10%
6059,Lesotho,M,Employment,Employed for kind,... for at least one specific reason,46.9,<10%
6060,Lesotho,M,Employment,Unemployed,... for at least one specific reason,46.2,<10%
6061,Lesotho,M,Employment,Employed for cash,... if she argues with him,20.8,<10%
6062,Lesotho,M,Employment,Employed for kind,... if she argues with him,30.9,<10%
6063,Lesotho,M,Employment,Unemployed,... if she argues with him,30.8,<10%
6064,Lesotho,M,Employment,Employed for cash,... if she burns the food,4.2,<10%
6065,Lesotho,M,Employment,Employed for kind,... if she burns the food,8.2,<10%
6066,Lesotho,M,Employment,Unemployed,... if she burns the food,8.8,<10%
6067,Lesotho,M,Employment,Employed for cash,... if she goes out without telling him,13.2,<10%
6068,Lesotho,M,Employment,Employed for kind,... if she goes out without telling him,19.1,<10%
6069,Lesotho,M,Employment,Unemployed,... if she goes out without telling him,17.6,<10%
6070,Lesotho,M,Employment,Employed for cash,... if she neglects the children,20.9,<10%
6071,Lesotho,M,Employment,Employed for kind,... if she neglects the children,34.2,<10%
6072,Lesotho,M,Employment,Unemployed,... if she neglects the children,29.5,<10%
6073,Lesotho,M,Employment,Employed for cash,... if she refuses to have sex with him,6,<10%
6074,Lesotho,M,Employment,Employed for kind,... if she refuses to have sex with him,13.8,<10%
6075,Lesotho,M,Employment,Unemployed,... if she refuses to have sex with him,11.7,<10%
6076,Lesotho,M,Marital status,Married or living together,... for at least one specific reason,34.4,<10%
6077,Lesotho,M,Marital status,Never married,... for at least one specific reason,43.6,<10%
6078,Lesotho,M,Marital status,"Widowed, divorced, separated",... for at least one specific reason,33.7,<10%
6079,Lesotho,M,Marital status,Married or living together,... if she argues with him,24.3,<10%
6080,Lesotho,M,Marital status,Never married,... if she argues with him,27.3,<10%
6081,Lesotho,M,Marital status,"Widowed, divorced, separated",... if she argues with him,21.6,<10%
6082,Lesotho,M,Marital status,Married or living together,... if she burns the food,5.2,<10%
6083,Lesotho,M,Marital status,Never married,... if she burns the food,7.2,<10%
6084,Lesotho,M,Marital status,"Widowed, divorced, separated",... if she burns the food,5.8,<10%
6085,Lesotho,M,Marital status,Married or living together,... if she goes out without telling him,16.9,<10%
6086,Lesotho,M,Marital status,Never married,... if she goes out without telling him,15.3,<10%
6087,Lesotho,M,Marital status,"Widowed, divorced, separated",... if she goes out without telling him,11.5,<10%
6088,Lesotho,M,Marital status,Married or living together,... if she neglects the children,22.7,<10%
6089,Lesotho,M,Marital status,Never married,... if she neglects the children,29.6,<10%
6090,Lesotho,M,Marital status,"Widowed, divorced, separated",... if she neglects the children,15.8,<10%
6091,Lesotho,M,Marital status,Married or living together,... if she refuses to have sex with him,9.4,<10%
6092,Lesotho,M,Marital status,Never married,... if she refuses to have sex with him,9.2,<10%
6093,Lesotho,M,Marital status,"Widowed, divorced, separated",... if she refuses to have sex with him,8.2,<10%
6094,Lesotho,M,Residence,Rural,... for at least one specific reason,43.7,<10%
6095,Lesotho,M,Residence,Urban,... for at least one specific reason,31.8,<10%
6096,Lesotho,M,Residence,Rural,... if she argues with him,29.2,<10%
6097,Lesotho,M,Residence,Urban,... if she argues with him,19.5,<10%
6098,Lesotho,M,Residence,Rural,... if she burns the food,7.8,<10%
6099,Lesotho,M,Residence,Urban,... if she burns the food,3.6,<10%
6100,Lesotho,M,Residence,Rural,... if she goes out without telling him,18.7,<10%
6101,Lesotho,M,Residence,Urban,... if she goes out without telling him,10,<10%
6102,Lesotho,M,Residence,Rural,... if she neglects the children,28.6,<10%
6103,Lesotho,M,Residence,Urban,... if she neglects the children,21.5,<10%
6104,Lesotho,M,Residence,Rural,... if she refuses to have sex with him,11.4,<10%
6105,Lesotho,M,Residence,Urban,... if she refuses to have sex with him,5.1,<10%
6106,Liberia,F,Age,15-24,... for at least one specific reason,44.3,>25%
6107,Liberia,F,Age,25-34,... for at least one specific reason,41.8,>25%
6108,Liberia,F,Age,35-49,... for at least one specific reason,40.8,>25%
6109,Liberia,F,Age,15-24,... if she argues with him,34.2,>25%
6110,Liberia,F,Age,25-34,... if she argues with him,32.7,>25%
6111,Liberia,F,Age,35-49,... if she argues with him,32.1,>25%
6112,Liberia,F,Age,15-24,... if she burns the food,7.8,>25%
6113,Liberia,F,Age,25-34,... if she burns the food,7.4,>25%
6114,Liberia,F,Age,35-49,... if she burns the food,6.8,>25%
6115,Liberia,F,Age,15-24,... if she goes out without telling him,29.2,>25%
6116,Liberia,F,Age,25-34,... if she goes out without telling him,28.3,>25%
6117,Liberia,F,Age,35-49,... if she goes out without telling him,27.7,>25%
6118,Liberia,F,Age,15-24,... if she neglects the children,34.5,>25%
6119,Liberia,F,Age,25-34,... if she neglects the children,31.1,>25%
6120,Liberia,F,Age,35-49,... if she neglects the children,30.3,>25%
6121,Liberia,F,Age,15-24,... if she refuses to have sex with him,10.2,>25%
6122,Liberia,F,Age,25-34,... if she refuses to have sex with him,11,>25%
6123,Liberia,F,Age,35-49,... if she refuses to have sex with him,11,>25%
6124,Liberia,F,Education,Higher,... for at least one specific reason,18.5,>25%
6125,Liberia,F,Education,No education,... for at least one specific reason,45.8,>25%
6126,Liberia,F,Education,Primary,... for at least one specific reason,47.8,>25%
6127,Liberia,F,Education,Secondary,... for at least one specific reason,37,>25%
6128,Liberia,F,Education,Higher,... if she argues with him,14.4,>25%
6129,Liberia,F,Education,No education,... if she argues with him,35,>25%
6130,Liberia,F,Education,Primary,... if she argues with him,38.8,>25%
6131,Liberia,F,Education,Secondary,... if she argues with him,28.1,>25%
6132,Liberia,F,Education,Higher,... if she burns the food,0.1,>25%
6133,Liberia,F,Education,No education,... if she burns the food,8.6,>25%
6134,Liberia,F,Education,Primary,... if she burns the food,8.4,>25%
6135,Liberia,F,Education,Secondary,... if she burns the food,6.2,>25%
6136,Liberia,F,Education,Higher,... if she goes out without telling him,15.1,>25%
6137,Liberia,F,Education,No education,... if she goes out without telling him,30.7,>25%
6138,Liberia,F,Education,Primary,... if she goes out without telling him,31.5,>25%
6139,Liberia,F,Education,Secondary,... if she goes out without telling him,24.9,>25%
6140,Liberia,F,Education,Higher,... if she neglects the children,14,>25%
6141,Liberia,F,Education,No education,... if she neglects the children,34.5,>25%
6142,Liberia,F,Education,Primary,... if she neglects the children,37.1,>25%
6143,Liberia,F,Education,Secondary,... if she neglects the children,27.6,>25%
6144,Liberia,F,Education,Higher,... if she refuses to have sex with him,6.5,>25%
6145,Liberia,F,Education,No education,... if she refuses to have sex with him,13.4,>25%
6146,Liberia,F,Education,Primary,... if she refuses to have sex with him,11.6,>25%
6147,Liberia,F,Education,Secondary,... if she refuses to have sex with him,7.5,>25%
6148,Liberia,F,Employment,Employed for cash,... for at least one specific reason,39.7,>25%
6149,Liberia,F,Employment,Employed for kind,... for at least one specific reason,46.4,>25%
6150,Liberia,F,Employment,Unemployed,... for at least one specific reason,43.4,>25%
6151,Liberia,F,Employment,Employed for cash,... if she argues with him,31.1,>25%
6152,Liberia,F,Employment,Employed for kind,... if she argues with him,34.6,>25%
6153,Liberia,F,Employment,Unemployed,... if she argues with him,34.3,>25%
6154,Liberia,F,Employment,Employed for cash,... if she burns the food,6.8,>25%
6155,Liberia,F,Employment,Employed for kind,... if she burns the food,7.4,>25%
6156,Liberia,F,Employment,Unemployed,... if she burns the food,8,>25%
6157,Liberia,F,Employment,Employed for cash,... if she goes out without telling him,28.2,>25%
6158,Liberia,F,Employment,Employed for kind,... if she goes out without telling him,26.4,>25%
6159,Liberia,F,Employment,Unemployed,... if she goes out without telling him,29.6,>25%
6160,Liberia,F,Employment,Employed for cash,... if she neglects the children,31.3,>25%
6161,Liberia,F,Employment,Employed for kind,... if she neglects the children,31.9,>25%
6162,Liberia,F,Employment,Unemployed,... if she neglects the children,33.3,>25%
6163,Liberia,F,Employment,Employed for cash,... if she refuses to have sex with him,9.9,>25%
6164,Liberia,F,Employment,Employed for kind,... if she refuses to have sex with him,8.8,>25%
6165,Liberia,F,Employment,Unemployed,... if she refuses to have sex with him,12.3,>25%
6166,Liberia,F,Marital status,Married or living together,... for at least one specific reason,43.5,>25%
6167,Liberia,F,Marital status,Never married,... for at least one specific reason,41.6,>25%
6168,Liberia,F,Marital status,"Widowed, divorced, separated",... for at least one specific reason,39.5,>25%
6169,Liberia,F,Marital status,Married or living together,... if she argues with him,34,>25%
6170,Liberia,F,Marital status,Never married,... if she argues with him,32.4,>25%
6171,Liberia,F,Marital status,"Widowed, divorced, separated",... if she argues with him,30.6,>25%
6172,Liberia,F,Marital status,Married or living together,... if she burns the food,7.6,>25%
6173,Liberia,F,Marital status,Never married,... if she burns the food,7.6,>25%
6174,Liberia,F,Marital status,"Widowed, divorced, separated",... if she burns the food,5.8,>25%
6175,Liberia,F,Marital status,Married or living together,... if she goes out without telling him,30,>25%
6176,Liberia,F,Marital status,Never married,... if she goes out without telling him,26.5,>25%
6177,Liberia,F,Marital status,"Widowed, divorced, separated",... if she goes out without telling him,25.7,>25%
6178,Liberia,F,Marital status,Married or living together,... if she neglects the children,33.5,>25%
6179,Liberia,F,Marital status,Never married,... if she neglects the children,31.3,>25%
6180,Liberia,F,Marital status,"Widowed, divorced, separated",... if she neglects the children,27.9,>25%
6181,Liberia,F,Marital status,Married or living together,... if she refuses to have sex with him,11.8,>25%
6182,Liberia,F,Marital status,Never married,... if she refuses to have sex with him,8.7,>25%
6183,Liberia,F,Marital status,"Widowed, divorced, separated",... if she refuses to have sex with him,10.9,>25%
6184,Liberia,F,Residence,Rural,... for at least one specific reason,48.5,>25%
6185,Liberia,F,Residence,Urban,... for at least one specific reason,38.6,>25%
6186,Liberia,F,Residence,Rural,... if she argues with him,37.3,>25%
6187,Liberia,F,Residence,Urban,... if she argues with him,30.4,>25%
6188,Liberia,F,Residence,Rural,... if she burns the food,9.5,>25%
6189,Liberia,F,Residence,Urban,... if she burns the food,6.1,>25%
6190,Liberia,F,Residence,Rural,... if she goes out without telling him,31.1,>25%
6191,Liberia,F,Residence,Urban,... if she goes out without telling him,26.8,>25%
6192,Liberia,F,Residence,Rural,... if she neglects the children,35.8,>25%
6193,Liberia,F,Residence,Urban,... if she neglects the children,29.9,>25%
6194,Liberia,F,Residence,Rural,... if she refuses to have sex with him,12.8,>25%
6195,Liberia,F,Residence,Urban,... if she refuses to have sex with him,9.4,>25%
6196,Liberia,M,Age,15-24,... for at least one specific reason,28.1,>25%
6197,Liberia,M,Age,25-34,... for at least one specific reason,25.9,>25%
6198,Liberia,M,Age,35-49,... for at least one specific reason,17.8,>25%
6199,Liberia,M,Age,15-24,... if she argues with him,21.2,>25%
6200,Liberia,M,Age,25-34,... if she argues with him,19.3,>25%
6201,Liberia,M,Age,35-49,... if she argues with him,13.2,>25%
6202,Liberia,M,Age,15-24,... if she burns the food,4.1,>25%
6203,Liberia,M,Age,25-34,... if she burns the food,2.5,>25%
6204,Liberia,M,Age,35-49,... if she burns the food,1,>25%
6205,Liberia,M,Age,15-24,... if she goes out without telling him,16.3,>25%
6206,Liberia,M,Age,25-34,... if she goes out without telling him,14.3,>25%
6207,Liberia,M,Age,35-49,... if she goes out without telling him,10.9,>25%
6208,Liberia,M,Age,15-24,... if she neglects the children,18,>25%
6209,Liberia,M,Age,25-34,... if she neglects the children,13.2,>25%
6210,Liberia,M,Age,35-49,... if she neglects the children,11.7,>25%
6211,Liberia,M,Age,15-24,... if she refuses to have sex with him,5.3,>25%
6212,Liberia,M,Age,25-34,... if she refuses to have sex with him,3.5,>25%
6213,Liberia,M,Age,35-49,... if she refuses to have sex with him,3.1,>25%
6214,Liberia,M,Education,Higher,... for at least one specific reason,11.1,>25%
6215,Liberia,M,Education,No education,... for at least one specific reason,28,>25%
6216,Liberia,M,Education,Primary,... for at least one specific reason,30,>25%
6217,Liberia,M,Education,Secondary,... for at least one specific reason,22.3,>25%
6218,Liberia,M,Education,Higher,... if she argues with him,8.8,>25%
6219,Liberia,M,Education,No education,... if she argues with him,21.2,>25%
6220,Liberia,M,Education,Primary,... if she argues with him,23.4,>25%
6221,Liberia,M,Education,Secondary,... if she argues with him,15.9,>25%
6222,Liberia,M,Education,Higher,... if she burns the food,0,>25%
6223,Liberia,M,Education,No education,... if she burns the food,1.9,>25%
6224,Liberia,M,Education,Primary,... if she burns the food,3.9,>25%
6225,Liberia,M,Education,Secondary,... if she burns the food,2.5,>25%
6226,Liberia,M,Education,Higher,... if she goes out without telling him,9.2,>25%
6227,Liberia,M,Education,No education,... if she goes out without telling him,17.8,>25%
6228,Liberia,M,Education,Primary,... if she goes out without telling him,16.2,>25%
6229,Liberia,M,Education,Secondary,... if she goes out without telling him,12.6,>25%
6230,Liberia,M,Education,Higher,... if she neglects the children,7.6,>25%
6231,Liberia,M,Education,No education,... if she neglects the children,18.7,>25%
6232,Liberia,M,Education,Primary,... if she neglects the children,18.1,>25%
6233,Liberia,M,Education,Secondary,... if she neglects the children,12.7,>25%
6234,Liberia,M,Education,Higher,... if she refuses to have sex with him,0,>25%
6235,Liberia,M,Education,No education,... if she refuses to have sex with him,8.7,>25%
6236,Liberia,M,Education,Primary,... if she refuses to have sex with him,5.3,>25%
6237,Liberia,M,Education,Secondary,... if she refuses to have sex with him,2.9,>25%
6238,Liberia,M,Employment,Employed for cash,... for at least one specific reason,23.2,>25%
6239,Liberia,M,Employment,Employed for kind,... for at least one specific reason,32.5,>25%
6240,Liberia,M,Employment,Unemployed,... for at least one specific reason,21.3,>25%
6241,Liberia,M,Employment,Employed for cash,... if she argues with him,17,>25%
6242,Liberia,M,Employment,Employed for kind,... if she argues with him,24.7,>25%
6243,Liberia,M,Employment,Unemployed,... if she argues with him,16.5,>25%
6244,Liberia,M,Employment,Employed for cash,... if she burns the food,1.4,>25%
6245,Liberia,M,Employment,Employed for kind,... if she burns the food,4.6,>25%
6246,Liberia,M,Employment,Unemployed,... if she burns the food,4.1,>25%
6247,Liberia,M,Employment,Employed for cash,... if she goes out without telling him,14.5,>25%
6248,Liberia,M,Employment,Employed for kind,... if she goes out without telling him,15.5,>25%
6249,Liberia,M,Employment,Unemployed,... if she goes out without telling him,11.9,>25%
6250,Liberia,M,Employment,Employed for cash,... if she neglects the children,14.8,>25%
6251,Liberia,M,Employment,Employed for kind,... if she neglects the children,18.8,>25%
6252,Liberia,M,Employment,Unemployed,... if she neglects the children,11.5,>25%
6253,Liberia,M,Employment,Employed for cash,... if she refuses to have sex with him,4.2,>25%
6254,Liberia,M,Employment,Employed for kind,... if she refuses to have sex with him,4,>25%
6255,Liberia,M,Employment,Unemployed,... if she refuses to have sex with him,3.9,>25%
6256,Liberia,M,Marital status,Married or living together,... for at least one specific reason,21.1,>25%
6257,Liberia,M,Marital status,Never married,... for at least one specific reason,28,>25%
6258,Liberia,M,Marital status,"Widowed, divorced, separated",... for at least one specific reason,26.5,>25%
6259,Liberia,M,Marital status,Married or living together,... if she argues with him,15.3,>25%
6260,Liberia,M,Marital status,Never married,... if she argues with him,21.5,>25%
6261,Liberia,M,Marital status,"Widowed, divorced, separated",... if she argues with him,19.5,>25%
6262,Liberia,M,Marital status,Married or living together,... if she burns the food,1.5,>25%
6263,Liberia,M,Marital status,Never married,... if she burns the food,4,>25%
6264,Liberia,M,Marital status,"Widowed, divorced, separated",... if she burns the food,3.2,>25%
6265,Liberia,M,Marital status,Married or living together,... if she goes out without telling him,11.9,>25%
6266,Liberia,M,Marital status,Never married,... if she goes out without telling him,16.6,>25%
6267,Liberia,M,Marital status,"Widowed, divorced, separated",... if she goes out without telling him,14.7,>25%
6268,Liberia,M,Marital status,Married or living together,... if she neglects the children,12.1,>25%
6269,Liberia,M,Marital status,Never married,... if she neglects the children,17.5,>25%
6270,Liberia,M,Marital status,"Widowed, divorced, separated",... if she neglects the children,17.3,>25%
6271,Liberia,M,Marital status,Married or living together,... if she refuses to have sex with him,3.2,>25%
6272,Liberia,M,Marital status,Never married,... if she refuses to have sex with him,5.5,>25%
6273,Liberia,M,Marital status,"Widowed, divorced, separated",... if she refuses to have sex with him,0.9,>25%
6274,Liberia,M,Residence,Rural,... for at least one specific reason,29.5,>25%
6275,Liberia,M,Residence,Urban,... for at least one specific reason,20.5,>25%
6276,Liberia,M,Residence,Rural,... if she argues with him,20.7,>25%
6277,Liberia,M,Residence,Urban,... if she argues with him,16.3,>25%
6278,Liberia,M,Residence,Rural,... if she burns the food,3.5,>25%
6279,Liberia,M,Residence,Urban,... if she burns the food,2,>25%
6280,Liberia,M,Residence,Rural,... if she goes out without telling him,16.4,>25%
6281,Liberia,M,Residence,Urban,... if she goes out without telling him,12.3,>25%
6282,Liberia,M,Residence,Rural,... if she neglects the children,17.6,>25%
6283,Liberia,M,Residence,Urban,... if she neglects the children,12.4,>25%
6284,Liberia,M,Residence,Rural,... if she refuses to have sex with him,5.6,>25%
6285,Liberia,M,Residence,Urban,... if she refuses to have sex with him,3,>25%
6286,Madagascar,F,Age,15-24,... for at least one specific reason,34.7,>25%
6287,Madagascar,F,Age,25-34,... for at least one specific reason,31.6,>25%
6288,Madagascar,F,Age,35-49,... for at least one specific reason,29.9,>25%
6289,Madagascar,F,Age,15-24,... if she argues with him,6.4,>25%
6290,Madagascar,F,Age,25-34,... if she argues with him,5.8,>25%
6291,Madagascar,F,Age,35-49,... if she argues with him,5.5,>25%
6292,Madagascar,F,Age,15-24,... if she burns the food,8.4,>25%
6293,Madagascar,F,Age,25-34,... if she burns the food,6.6,>25%
6294,Madagascar,F,Age,35-49,... if she burns the food,6.4,>25%
6295,Madagascar,F,Age,15-24,... if she goes out without telling him,20.6,>25%
6296,Madagascar,F,Age,25-34,... if she goes out without telling him,19,>25%
6297,Madagascar,F,Age,35-49,... if she goes out without telling him,17.6,>25%
6298,Madagascar,F,Age,15-24,... if she neglects the children,30,>25%
6299,Madagascar,F,Age,25-34,... if she neglects the children,27.8,>25%
6300,Madagascar,F,Age,35-49,... if she neglects the children,26.2,>25%
6301,Madagascar,F,Age,15-24,... if she refuses to have sex with him,9.7,>25%
6302,Madagascar,F,Age,25-34,... if she refuses to have sex with him,9.1,>25%
6303,Madagascar,F,Age,35-49,... if she refuses to have sex with him,8.7,>25%
6304,Madagascar,F,Education,Higher,... for at least one specific reason,20,>25%
6305,Madagascar,F,Education,No education,... for at least one specific reason,29,>25%
6306,Madagascar,F,Education,Primary,... for at least one specific reason,32.4,>25%
6307,Madagascar,F,Education,Secondary,... for at least one specific reason,35.3,>25%
6308,Madagascar,F,Education,Higher,... if she argues with him,1.6,>25%
6309,Madagascar,F,Education,No education,... if she argues with him,6.4,>25%
6310,Madagascar,F,Education,Primary,... if she argues with him,6.6,>25%
6311,Madagascar,F,Education,Secondary,... if she argues with him,5.1,>25%
6312,Madagascar,F,Education,Higher,... if she burns the food,1.9,>25%
6313,Madagascar,F,Education,No education,... if she burns the food,7.3,>25%
6314,Madagascar,F,Education,Primary,... if she burns the food,7.8,>25%
6315,Madagascar,F,Education,Secondary,... if she burns the food,6.8,>25%
6316,Madagascar,F,Education,Higher,... if she goes out without telling him,8.1,>25%
6317,Madagascar,F,Education,No education,... if she goes out without telling him,17.9,>25%
6318,Madagascar,F,Education,Primary,... if she goes out without telling him,20,>25%
6319,Madagascar,F,Education,Secondary,... if she goes out without telling him,19.7,>25%
6320,Madagascar,F,Education,Higher,... if she neglects the children,16.6,>25%
6321,Madagascar,F,Education,No education,... if she neglects the children,25.1,>25%
6322,Madagascar,F,Education,Primary,... if she neglects the children,28,>25%
6323,Madagascar,F,Education,Secondary,... if she neglects the children,31.5,>25%
6324,Madagascar,F,Education,Higher,... if she refuses to have sex with him,2.1,>25%
6325,Madagascar,F,Education,No education,... if she refuses to have sex with him,10.6,>25%
6326,Madagascar,F,Education,Primary,... if she refuses to have sex with him,9.9,>25%
6327,Madagascar,F,Education,Secondary,... if she refuses to have sex with him,7.7,>25%
6328,Madagascar,F,Employment,Employed for cash,... for at least one specific reason,29.5,>25%
6329,Madagascar,F,Employment,Employed for kind,... for at least one specific reason,35.9,>25%
6330,Madagascar,F,Employment,Unemployed,... for at least one specific reason,33,>25%
6331,Madagascar,F,Employment,Employed for cash,... if she argues with him,5.7,>25%
6332,Madagascar,F,Employment,Employed for kind,... if she argues with him,7,>25%
6333,Madagascar,F,Employment,Unemployed,... if she argues with him,4.7,>25%
6334,Madagascar,F,Employment,Employed for cash,... if she burns the food,6.6,>25%
6335,Madagascar,F,Employment,Employed for kind,... if she burns the food,8.4,>25%
6336,Madagascar,F,Employment,Unemployed,... if she burns the food,6.8,>25%
6337,Madagascar,F,Employment,Employed for cash,... if she goes out without telling him,17.3,>25%
6338,Madagascar,F,Employment,Employed for kind,... if she goes out without telling him,22.5,>25%
6339,Madagascar,F,Employment,Unemployed,... if she goes out without telling him,17.9,>25%
6340,Madagascar,F,Employment,Employed for cash,... if she neglects the children,25.8,>25%
6341,Madagascar,F,Employment,Employed for kind,... if she neglects the children,31.2,>25%
6342,Madagascar,F,Employment,Unemployed,... if she neglects the children,28.8,>25%
6343,Madagascar,F,Employment,Employed for cash,... if she refuses to have sex with him,8.5,>25%
6344,Madagascar,F,Employment,Employed for kind,... if she refuses to have sex with him,11.2,>25%
6345,Madagascar,F,Employment,Unemployed,... if she refuses to have sex with him,6.9,>25%
6346,Madagascar,F,Marital status,Married or living together,... for at least one specific reason,32.3,>25%
6347,Madagascar,F,Marital status,Never married,... for at least one specific reason,33.6,>25%
6348,Madagascar,F,Marital status,"Widowed, divorced, separated",... for at least one specific reason,30.7,>25%
6349,Madagascar,F,Marital status,Married or living together,... if she argues with him,6.1,>25%
6350,Madagascar,F,Marital status,Never married,... if she argues with him,5.5,>25%
6351,Madagascar,F,Marital status,"Widowed, divorced, separated",... if she argues with him,6.2,>25%
6352,Madagascar,F,Marital status,Married or living together,... if she burns the food,7.1,>25%
6353,Madagascar,F,Marital status,Never married,... if she burns the food,7.7,>25%
6354,Madagascar,F,Marital status,"Widowed, divorced, separated",... if she burns the food,7.7,>25%
6355,Madagascar,F,Marital status,Married or living together,... if she goes out without telling him,19.3,>25%
6356,Madagascar,F,Marital status,Never married,... if she goes out without telling him,19.8,>25%
6357,Madagascar,F,Marital status,"Widowed, divorced, separated",... if she goes out without telling him,18.1,>25%
6358,Madagascar,F,Marital status,Married or living together,... if she neglects the children,28.2,>25%
6359,Madagascar,F,Marital status,Never married,... if she neglects the children,29.2,>25%
6360,Madagascar,F,Marital status,"Widowed, divorced, separated",... if she neglects the children,26.6,>25%
6361,Madagascar,F,Marital status,Married or living together,... if she refuses to have sex with him,9.4,>25%
6362,Madagascar,F,Marital status,Never married,... if she refuses to have sex with him,7.9,>25%
6363,Madagascar,F,Marital status,"Widowed, divorced, separated",... if she refuses to have sex with him,10,>25%
6364,Madagascar,F,Residence,Rural,... for at least one specific reason,31.3,>25%
6365,Madagascar,F,Residence,Urban,... for at least one specific reason,36.9,>25%
6366,Madagascar,F,Residence,Rural,... if she argues with him,5.9,>25%
6367,Madagascar,F,Residence,Urban,... if she argues with him,6.1,>25%
6368,Madagascar,F,Residence,Rural,... if she burns the food,7.2,>25%
6369,Madagascar,F,Residence,Urban,... if she burns the food,7.4,>25%
6370,Madagascar,F,Residence,Rural,... if she goes out without telling him,19,>25%
6371,Madagascar,F,Residence,Urban,... if she goes out without telling him,20.4,>25%
6372,Madagascar,F,Residence,Rural,... if she neglects the children,27.3,>25%
6373,Madagascar,F,Residence,Urban,... if she neglects the children,32.5,>25%
6374,Madagascar,F,Residence,Rural,... if she refuses to have sex with him,9.3,>25%
6375,Madagascar,F,Residence,Urban,... if she refuses to have sex with him,8.7,>25%
6376,Madagascar,M,Age,15-24,... for at least one specific reason,33.9,>25%
6377,Madagascar,M,Age,25-34,... for at least one specific reason,29.7,>25%
6378,Madagascar,M,Age,35-49,... for at least one specific reason,25.5,>25%
6379,Madagascar,M,Age,15-24,... if she argues with him,10,>25%
6380,Madagascar,M,Age,25-34,... if she argues with him,9,>25%
6381,Madagascar,M,Age,35-49,... if she argues with him,7.6,>25%
6382,Madagascar,M,Age,15-24,... if she burns the food,7.1,>25%
6383,Madagascar,M,Age,25-34,... if she burns the food,6.6,>25%
6384,Madagascar,M,Age,35-49,... if she burns the food,5.2,>25%
6385,Madagascar,M,Age,15-24,... if she goes out without telling him,21.2,>25%
6386,Madagascar,M,Age,25-34,... if she goes out without telling him,18.7,>25%
6387,Madagascar,M,Age,35-49,... if she goes out without telling him,16.2,>25%
6388,Madagascar,M,Age,15-24,... if she neglects the children,27.1,>25%
6389,Madagascar,M,Age,25-34,... if she neglects the children,23.9,>25%
6390,Madagascar,M,Age,35-49,... if she neglects the children,20.8,>25%
6391,Madagascar,M,Age,15-24,... if she refuses to have sex with him,9.3,>25%
6392,Madagascar,M,Age,25-34,... if she refuses to have sex with him,8.4,>25%
6393,Madagascar,M,Age,35-49,... if she refuses to have sex with him,6.3,>25%
6394,Madagascar,M,Education,Higher,... for at least one specific reason,16.8,>25%
6395,Madagascar,M,Education,No education,... for at least one specific reason,30.5,>25%
6396,Madagascar,M,Education,Primary,... for at least one specific reason,30.8,>25%
6397,Madagascar,M,Education,Secondary,... for at least one specific reason,30,>25%
6398,Madagascar,M,Education,Higher,... if she argues with him,2.1,>25%
6399,Madagascar,M,Education,No education,... if she argues with him,9.8,>25%
6400,Madagascar,M,Education,Primary,... if she argues with him,9.7,>25%
6401,Madagascar,M,Education,Secondary,... if she argues with him,7.9,>25%
6402,Madagascar,M,Education,Higher,... if she burns the food,0.4,>25%
6403,Madagascar,M,Education,No education,... if she burns the food,8.1,>25%
6404,Madagascar,M,Education,Primary,... if she burns the food,6.8,>25%
6405,Madagascar,M,Education,Secondary,... if she burns the food,5.4,>25%
6406,Madagascar,M,Education,Higher,... if she goes out without telling him,7.9,>25%
6407,Madagascar,M,Education,No education,... if she goes out without telling him,21.3,>25%
6408,Madagascar,M,Education,Primary,... if she goes out without telling him,19.7,>25%
6409,Madagascar,M,Education,Secondary,... if she goes out without telling him,17.6,>25%
6410,Madagascar,M,Education,Higher,... if she neglects the children,13.4,>25%
6411,Madagascar,M,Education,No education,... if she neglects the children,23.7,>25%
6412,Madagascar,M,Education,Primary,... if she neglects the children,25.1,>25%
6413,Madagascar,M,Education,Secondary,... if she neglects the children,24.1,>25%
6414,Madagascar,M,Education,Higher,... if she refuses to have sex with him,1.1,>25%
6415,Madagascar,M,Education,No education,... if she refuses to have sex with him,10.4,>25%
6416,Madagascar,M,Education,Primary,... if she refuses to have sex with him,8.8,>25%
6417,Madagascar,M,Education,Secondary,... if she refuses to have sex with him,6.6,>25%
6418,Madagascar,M,Employment,Employed for cash,... for at least one specific reason,26,>25%
6419,Madagascar,M,Employment,Employed for kind,... for at least one specific reason,35,>25%
6420,Madagascar,M,Employment,Unemployed,... for at least one specific reason,33.8,>25%
6421,Madagascar,M,Employment,Employed for cash,... if she argues with him,7.9,>25%
6422,Madagascar,M,Employment,Employed for kind,... if she argues with him,10.7,>25%
6423,Madagascar,M,Employment,Unemployed,... if she argues with him,8,>25%
6424,Madagascar,M,Employment,Employed for cash,... if she burns the food,5.1,>25%
6425,Madagascar,M,Employment,Employed for kind,... if she burns the food,8.5,>25%
6426,Madagascar,M,Employment,Unemployed,... if she burns the food,5.8,>25%
6427,Madagascar,M,Employment,Employed for cash,... if she goes out without telling him,15.5,>25%
6428,Madagascar,M,Employment,Employed for kind,... if she goes out without telling him,23.7,>25%
6429,Madagascar,M,Employment,Unemployed,... if she goes out without telling him,20.3,>25%
6430,Madagascar,M,Employment,Employed for cash,... if she neglects the children,21.1,>25%
6431,Madagascar,M,Employment,Employed for kind,... if she neglects the children,28.3,>25%
6432,Madagascar,M,Employment,Unemployed,... if she neglects the children,26.2,>25%
6433,Madagascar,M,Employment,Employed for cash,... if she refuses to have sex with him,6.5,>25%
6434,Madagascar,M,Employment,Employed for kind,... if she refuses to have sex with him,10.4,>25%
6435,Madagascar,M,Employment,Unemployed,... if she refuses to have sex with him,8.4,>25%
6436,Madagascar,M,Marital status,Married or living together,... for at least one specific reason,28.8,>25%
6437,Madagascar,M,Marital status,Never married,... for at least one specific reason,32.7,>25%
6438,Madagascar,M,Marital status,"Widowed, divorced, separated",... for at least one specific reason,30.6,>25%
6439,Madagascar,M,Marital status,Married or living together,... if she argues with him,8.7,>25%
6440,Madagascar,M,Marital status,Never married,... if she argues with him,9.2,>25%
6441,Madagascar,M,Marital status,"Widowed, divorced, separated",... if she argues with him,10.1,>25%
6442,Madagascar,M,Marital status,Married or living together,... if she burns the food,5.8,>25%
6443,Madagascar,M,Marital status,Never married,... if she burns the food,7.5,>25%
6444,Madagascar,M,Marital status,"Widowed, divorced, separated",... if she burns the food,7.4,>25%
6445,Madagascar,M,Marital status,Married or living together,... if she goes out without telling him,18.4,>25%
6446,Madagascar,M,Marital status,Never married,... if she goes out without telling him,20.1,>25%
6447,Madagascar,M,Marital status,"Widowed, divorced, separated",... if she goes out without telling him,18.3,>25%
6448,Madagascar,M,Marital status,Married or living together,... if she neglects the children,23.5,>25%
6449,Madagascar,M,Marital status,Never married,... if she neglects the children,25.8,>25%
6450,Madagascar,M,Marital status,"Widowed, divorced, separated",... if she neglects the children,23.4,>25%
6451,Madagascar,M,Marital status,Married or living together,... if she refuses to have sex with him,7.4,>25%
6452,Madagascar,M,Marital status,Never married,... if she refuses to have sex with him,9,>25%
6453,Madagascar,M,Marital status,"Widowed, divorced, separated",... if she refuses to have sex with him,11.4,>25%
6454,Madagascar,M,Residence,Rural,... for at least one specific reason,29.7,>25%
6455,Madagascar,M,Residence,Urban,... for at least one specific reason,31.7,>25%
6456,Madagascar,M,Residence,Rural,... if she argues with him,9.1,>25%
6457,Madagascar,M,Residence,Urban,... if she argues with him,8.2,>25%
6458,Madagascar,M,Residence,Rural,... if she burns the food,6.7,>25%
6459,Madagascar,M,Residence,Urban,... if she burns the food,4.9,>25%
6460,Madagascar,M,Residence,Rural,... if she goes out without telling him,19.4,>25%
6461,Madagascar,M,Residence,Urban,... if she goes out without telling him,16.2,>25%
6462,Madagascar,M,Residence,Rural,... if she neglects the children,23.7,>25%
6463,Madagascar,M,Residence,Urban,... if she neglects the children,26.8,>25%
6464,Madagascar,M,Residence,Rural,... if she refuses to have sex with him,8.3,>25%
6465,Madagascar,M,Residence,Urban,... if she refuses to have sex with him,7.1,>25%
6466,Malawi,F,Age,15-24,... for at least one specific reason,18.6,<10%
6467,Malawi,F,Age,25-34,... for at least one specific reason,14.6,<10%
6468,Malawi,F,Age,35-49,... for at least one specific reason,14.7,<10%
6469,Malawi,F,Age,15-24,... if she argues with him,8,<10%
6470,Malawi,F,Age,25-34,... if she argues with him,5.7,<10%
6471,Malawi,F,Age,35-49,... if she argues with him,5.8,<10%
6472,Malawi,F,Age,15-24,... if she burns the food,6.6,<10%
6473,Malawi,F,Age,25-34,... if she burns the food,4.6,<10%
6474,Malawi,F,Age,35-49,... if she burns the food,5,<10%
6475,Malawi,F,Age,15-24,... if she goes out without telling him,8.2,<10%
6476,Malawi,F,Age,25-34,... if she goes out without telling him,5.6,<10%
6477,Malawi,F,Age,35-49,... if she goes out without telling him,6.3,<10%
6478,Malawi,F,Age,15-24,... if she neglects the children,10.5,<10%
6479,Malawi,F,Age,25-34,... if she neglects the children,7.6,<10%
6480,Malawi,F,Age,35-49,... if she neglects the children,7.4,<10%
6481,Malawi,F,Age,15-24,... if she refuses to have sex with him,8.7,<10%
6482,Malawi,F,Age,25-34,... if she refuses to have sex with him,8,<10%
6483,Malawi,F,Age,35-49,... if she refuses to have sex with him,8.2,<10%
6484,Malawi,F,Education,Higher,... for at least one specific reason,4,<10%
6485,Malawi,F,Education,No education,... for at least one specific reason,18.2,<10%
6486,Malawi,F,Education,Primary,... for at least one specific reason,18.1,<10%
6487,Malawi,F,Education,Secondary,... for at least one specific reason,12.2,<10%
6488,Malawi,F,Education,Higher,... if she argues with him,0.9,<10%
6489,Malawi,F,Education,No education,... if she argues with him,7.6,<10%
6490,Malawi,F,Education,Primary,... if she argues with him,7.7,<10%
6491,Malawi,F,Education,Secondary,... if she argues with him,4.4,<10%
6492,Malawi,F,Education,Higher,... if she burns the food,0.8,<10%
6493,Malawi,F,Education,No education,... if she burns the food,6.1,<10%
6494,Malawi,F,Education,Primary,... if she burns the food,6.5,<10%
6495,Malawi,F,Education,Secondary,... if she burns the food,3.3,<10%
6496,Malawi,F,Education,Higher,... if she goes out without telling him,1,<10%
6497,Malawi,F,Education,No education,... if she goes out without telling him,7.5,<10%
6498,Malawi,F,Education,Primary,... if she goes out without telling him,7.6,<10%
6499,Malawi,F,Education,Secondary,... if she goes out without telling him,5.3,<10%
6500,Malawi,F,Education,Higher,... if she neglects the children,1.6,<10%
6501,Malawi,F,Education,No education,... if she neglects the children,9,<10%
6502,Malawi,F,Education,Primary,... if she neglects the children,9.9,<10%
6503,Malawi,F,Education,Secondary,... if she neglects the children,6.5,<10%
6504,Malawi,F,Education,Higher,... if she refuses to have sex with him,0.7,<10%
6505,Malawi,F,Education,No education,... if she refuses to have sex with him,10.7,<10%
6506,Malawi,F,Education,Primary,... if she refuses to have sex with him,9.5,<10%
6507,Malawi,F,Education,Secondary,... if she refuses to have sex with him,4.9,<10%
6508,Malawi,F,Employment,Employed for cash,... for at least one specific reason,15.7,<10%
6509,Malawi,F,Employment,Employed for kind,... for at least one specific reason,16.5,<10%
6510,Malawi,F,Employment,Unemployed,... for at least one specific reason,16.6,<10%
6511,Malawi,F,Employment,Employed for cash,... if she argues with him,6.3,<10%
6512,Malawi,F,Employment,Employed for kind,... if she argues with him,6.7,<10%
6513,Malawi,F,Employment,Unemployed,... if she argues with him,7,<10%
6514,Malawi,F,Employment,Employed for cash,... if she burns the food,5.2,<10%
6515,Malawi,F,Employment,Employed for kind,... if she burns the food,5.4,<10%
6516,Malawi,F,Employment,Unemployed,... if she burns the food,6,<10%
6517,Malawi,F,Employment,Employed for cash,... if she goes out without telling him,6.2,<10%
6518,Malawi,F,Employment,Employed for kind,... if she goes out without telling him,6.7,<10%
6519,Malawi,F,Employment,Unemployed,... if she goes out without telling him,7.6,<10%
6520,Malawi,F,Employment,Employed for cash,... if she neglects the children,8.9,<10%
6521,Malawi,F,Employment,Employed for kind,... if she neglects the children,8.7,<10%
6522,Malawi,F,Employment,Unemployed,... if she neglects the children,8.8,<10%
6523,Malawi,F,Employment,Employed for cash,... if she refuses to have sex with him,8.4,<10%
6524,Malawi,F,Employment,Employed for kind,... if she refuses to have sex with him,8.6,<10%
6525,Malawi,F,Employment,Unemployed,... if she refuses to have sex with him,8,<10%
6526,Malawi,F,Marital status,Married or living together,... for at least one specific reason,16,<10%
6527,Malawi,F,Marital status,Never married,... for at least one specific reason,17.9,<10%
6528,Malawi,F,Marital status,"Widowed, divorced, separated",... for at least one specific reason,15.1,<10%
6529,Malawi,F,Marital status,Married or living together,... if she argues with him,6.9,<10%
6530,Malawi,F,Marital status,Never married,... if she argues with him,7.2,<10%
6531,Malawi,F,Marital status,"Widowed, divorced, separated",... if she argues with him,5.3,<10%
6532,Malawi,F,Marital status,Married or living together,... if she burns the food,5.2,<10%
6533,Malawi,F,Marital status,Never married,... if she burns the food,6.6,<10%
6534,Malawi,F,Marital status,"Widowed, divorced, separated",... if she burns the food,5.5,<10%
6535,Malawi,F,Marital status,Married or living together,... if she goes out without telling him,7.1,<10%
6536,Malawi,F,Marital status,Never married,... if she goes out without telling him,7.3,<10%
6537,Malawi,F,Marital status,"Widowed, divorced, separated",... if she goes out without telling him,5.2,<10%
6538,Malawi,F,Marital status,Married or living together,... if she neglects the children,8.5,<10%
6539,Malawi,F,Marital status,Never married,... if she neglects the children,10,<10%
6540,Malawi,F,Marital status,"Widowed, divorced, separated",... if she neglects the children,8.4,<10%
6541,Malawi,F,Marital status,Married or living together,... if she refuses to have sex with him,8.6,<10%
6542,Malawi,F,Marital status,Never married,... if she refuses to have sex with him,7.3,<10%
6543,Malawi,F,Marital status,"Widowed, divorced, separated",... if she refuses to have sex with him,8.5,<10%
6544,Malawi,F,Residence,Rural,... for at least one specific reason,17.6,<10%
6545,Malawi,F,Residence,Urban,... for at least one specific reason,10.5,<10%
6546,Malawi,F,Residence,Rural,... if she argues with him,7.5,<10%
6547,Malawi,F,Residence,Urban,... if she argues with him,3.3,<10%
6548,Malawi,F,Residence,Rural,... if she burns the food,6.2,<10%
6549,Malawi,F,Residence,Urban,... if she burns the food,2.6,<10%
6550,Malawi,F,Residence,Rural,... if she goes out without telling him,7.5,<10%
6551,Malawi,F,Residence,Urban,... if she goes out without telling him,4.4,<10%
6552,Malawi,F,Residence,Rural,... if she neglects the children,9.5,<10%
6553,Malawi,F,Residence,Urban,... if she neglects the children,5.4,<10%
6554,Malawi,F,Residence,Rural,... if she refuses to have sex with him,9.3,<10%
6555,Malawi,F,Residence,Urban,... if she refuses to have sex with him,4.1,<10%
6556,Malawi,M,Age,15-24,... for at least one specific reason,19.6,<10%
6557,Malawi,M,Age,25-34,... for at least one specific reason,8.8,<10%
6558,Malawi,M,Age,35-49,... for at least one specific reason,6.4,<10%
6559,Malawi,M,Age,15-24,... if she argues with him,8.4,<10%
6560,Malawi,M,Age,25-34,... if she argues with him,2.9,<10%
6561,Malawi,M,Age,35-49,... if she argues with him,2.4,<10%
6562,Malawi,M,Age,15-24,... if she burns the food,3.5,<10%
6563,Malawi,M,Age,25-34,... if she burns the food,1.5,<10%
6564,Malawi,M,Age,35-49,... if she burns the food,1,<10%
6565,Malawi,M,Age,15-24,... if she goes out without telling him,7.2,<10%
6566,Malawi,M,Age,25-34,... if she goes out without telling him,3.1,<10%
6567,Malawi,M,Age,35-49,... if she goes out without telling him,2.4,<10%
6568,Malawi,M,Age,15-24,... if she neglects the children,10.6,<10%
6569,Malawi,M,Age,25-34,... if she neglects the children,3.3,<10%
6570,Malawi,M,Age,35-49,... if she neglects the children,2.7,<10%
6571,Malawi,M,Age,15-24,... if she refuses to have sex with him,7.3,<10%
6572,Malawi,M,Age,25-34,... if she refuses to have sex with him,3.5,<10%
6573,Malawi,M,Age,35-49,... if she refuses to have sex with him,2.2,<10%
6574,Malawi,M,Education,Higher,... for at least one specific reason,4.5,<10%
6575,Malawi,M,Education,No education,... for at least one specific reason,9.6,<10%
6576,Malawi,M,Education,Primary,... for at least one specific reason,16.2,<10%
6577,Malawi,M,Education,Secondary,... for at least one specific reason,8.9,<10%
6578,Malawi,M,Education,Higher,... if she argues with him,2.1,<10%
6579,Malawi,M,Education,No education,... if she argues with him,4.3,<10%
6580,Malawi,M,Education,Primary,... if she argues with him,6.9,<10%
6581,Malawi,M,Education,Secondary,... if she argues with him,3,<10%
6582,Malawi,M,Education,Higher,... if she burns the food,0.7,<10%
6583,Malawi,M,Education,No education,... if she burns the food,2.2,<10%
6584,Malawi,M,Education,Primary,... if she burns the food,3.2,<10%
6585,Malawi,M,Education,Secondary,... if she burns the food,0.9,<10%
6586,Malawi,M,Education,Higher,... if she goes out without telling him,2.9,<10%
6587,Malawi,M,Education,No education,... if she goes out without telling him,3.5,<10%
6588,Malawi,M,Education,Primary,... if she goes out without telling him,6.5,<10%
6589,Malawi,M,Education,Secondary,... if she goes out without telling him,2.2,<10%
6590,Malawi,M,Education,Higher,... if she neglects the children,1.5,<10%
6591,Malawi,M,Education,No education,... if she neglects the children,3.9,<10%
6592,Malawi,M,Education,Primary,... if she neglects the children,8,<10%
6593,Malawi,M,Education,Secondary,... if she neglects the children,4.7,<10%
6594,Malawi,M,Education,Higher,... if she refuses to have sex with him,0.6,<10%
6595,Malawi,M,Education,No education,... if she refuses to have sex with him,5,<10%
6596,Malawi,M,Education,Primary,... if she refuses to have sex with him,6.4,<10%
6597,Malawi,M,Education,Secondary,... if she refuses to have sex with him,2.6,<10%
6598,Malawi,M,Employment,Employed for cash,... for at least one specific reason,10.6,<10%
6599,Malawi,M,Employment,Employed for kind,... for at least one specific reason,14.9,<10%
6600,Malawi,M,Employment,Unemployed,... for at least one specific reason,18.5,<10%
6601,Malawi,M,Employment,Employed for cash,... if she argues with him,4,<10%
6602,Malawi,M,Employment,Employed for kind,... if she argues with him,6,<10%
6603,Malawi,M,Employment,Unemployed,... if she argues with him,8.7,<10%
6604,Malawi,M,Employment,Employed for cash,... if she burns the food,1.9,<10%
6605,Malawi,M,Employment,Employed for kind,... if she burns the food,2.3,<10%
6606,Malawi,M,Employment,Unemployed,... if she burns the food,3.9,<10%
6607,Malawi,M,Employment,Employed for cash,... if she goes out without telling him,3.8,<10%
6608,Malawi,M,Employment,Employed for kind,... if she goes out without telling him,6,<10%
6609,Malawi,M,Employment,Unemployed,... if she goes out without telling him,5.9,<10%
6610,Malawi,M,Employment,Employed for cash,... if she neglects the children,4.6,<10%
6611,Malawi,M,Employment,Employed for kind,... if she neglects the children,7.6,<10%
6612,Malawi,M,Employment,Unemployed,... if she neglects the children,11.1,<10%
6613,Malawi,M,Employment,Employed for cash,... if she refuses to have sex with him,4.1,<10%
6614,Malawi,M,Employment,Employed for kind,... if she refuses to have sex with him,5.4,<10%
6615,Malawi,M,Employment,Unemployed,... if she refuses to have sex with him,6.6,<10%
6616,Malawi,M,Marital status,Married or living together,... for at least one specific reason,8.2,<10%
6617,Malawi,M,Marital status,Never married,... for at least one specific reason,20,<10%
6618,Malawi,M,Marital status,"Widowed, divorced, separated",... for at least one specific reason,10.6,<10%
6619,Malawi,M,Marital status,Married or living together,... if she argues with him,2.8,<10%
6620,Malawi,M,Marital status,Never married,... if she argues with him,8.8,<10%
6621,Malawi,M,Marital status,"Widowed, divorced, separated",... if she argues with him,4.7,<10%
6622,Malawi,M,Marital status,Married or living together,... if she burns the food,1.3,<10%
6623,Malawi,M,Marital status,Never married,... if she burns the food,3.6,<10%
6624,Malawi,M,Marital status,"Widowed, divorced, separated",... if she burns the food,2.5,<10%
6625,Malawi,M,Marital status,Married or living together,... if she goes out without telling him,3,<10%
6626,Malawi,M,Marital status,Never married,... if she goes out without telling him,7.5,<10%
6627,Malawi,M,Marital status,"Widowed, divorced, separated",... if she goes out without telling him,2.4,<10%
6628,Malawi,M,Marital status,Married or living together,... if she neglects the children,3.5,<10%
6629,Malawi,M,Marital status,Never married,... if she neglects the children,10.7,<10%
6630,Malawi,M,Marital status,"Widowed, divorced, separated",... if she neglects the children,3.1,<10%
6631,Malawi,M,Marital status,Married or living together,... if she refuses to have sex with him,3.3,<10%
6632,Malawi,M,Marital status,Never married,... if she refuses to have sex with him,7.1,<10%
6633,Malawi,M,Marital status,"Widowed, divorced, separated",... if she refuses to have sex with him,3.5,<10%
6634,Malawi,M,Residence,Rural,... for at least one specific reason,13.9,<10%
6635,Malawi,M,Residence,Urban,... for at least one specific reason,9,<10%
6636,Malawi,M,Residence,Rural,... if she argues with him,5.7,<10%
6637,Malawi,M,Residence,Urban,... if she argues with him,3.4,<10%
6638,Malawi,M,Residence,Rural,... if she burns the food,2.6,<10%
6639,Malawi,M,Residence,Urban,... if she burns the food,0.9,<10%
6640,Malawi,M,Residence,Rural,... if she goes out without telling him,5.1,<10%
6641,Malawi,M,Residence,Urban,... if she goes out without telling him,3.3,<10%
6642,Malawi,M,Residence,Rural,... if she neglects the children,6.9,<10%
6643,Malawi,M,Residence,Urban,... if she neglects the children,4.2,<10%
6644,Malawi,M,Residence,Rural,... if she refuses to have sex with him,5.6,<10%
6645,Malawi,M,Residence,Urban,... if she refuses to have sex with him,1.4,<10%
6646,Maldives,F,Age,15-24,... for at least one specific reason,27.3,>25%
6647,Maldives,F,Age,25-34,... for at least one specific reason,19.4,>25%
6648,Maldives,F,Age,35-49,... for at least one specific reason,20,>25%
6649,Maldives,F,Age,15-24,... if she goes out without telling him,3.8,>25%
6650,Maldives,F,Age,25-34,... if she goes out without telling him,4.1,>25%
6651,Maldives,F,Age,35-49,... if she goes out without telling him,5.8,>25%
6652,Maldives,F,Age,15-24,... if she neglects the children,21.2,>25%
6653,Maldives,F,Age,25-34,... if she neglects the children,14.6,>25%
6654,Maldives,F,Age,35-49,... if she neglects the children,12.7,>25%
6655,Maldives,F,Age,15-24,... if she refuses to have sex with him,10.2,>25%
6656,Maldives,F,Age,25-34,... if she refuses to have sex with him,9.1,>25%
6657,Maldives,F,Age,35-49,... if she refuses to have sex with him,11.2,>25%
6658,Maldives,F,Education,Higher,... for at least one specific reason,18.1,>25%
6659,Maldives,F,Education,No education,... for at least one specific reason,19.4,>25%
6660,Maldives,F,Education,Primary,... for at least one specific reason,22.5,>25%
6661,Maldives,F,Education,Secondary,... for at least one specific reason,23.5,>25%
6662,Maldives,F,Education,Higher,... if she goes out without telling him,2.2,>25%
6663,Maldives,F,Education,No education,... if she goes out without telling him,8.4,>25%
6664,Maldives,F,Education,Primary,... if she goes out without telling him,7.6,>25%
6665,Maldives,F,Education,Secondary,... if she goes out without telling him,4,>25%
6666,Maldives,F,Education,Higher,... if she neglects the children,13.3,>25%
6667,Maldives,F,Education,No education,... if she neglects the children,7.5,>25%
6668,Maldives,F,Education,Primary,... if she neglects the children,14.9,>25%
6669,Maldives,F,Education,Secondary,... if she neglects the children,18.1,>25%
6670,Maldives,F,Education,Higher,... if she refuses to have sex with him,7.4,>25%
6671,Maldives,F,Education,No education,... if she refuses to have sex with him,13.3,>25%
6672,Maldives,F,Education,Primary,... if she refuses to have sex with him,12.7,>25%
6673,Maldives,F,Education,Secondary,... if she refuses to have sex with him,9.9,>25%
6674,Maldives,F,Employment,Employed for cash,... for at least one specific reason,23.2,>25%
6675,Maldives,F,Employment,Employed for kind,... for at least one specific reason,27.6,>25%
6676,Maldives,F,Employment,Unemployed,... for at least one specific reason,20.8,>25%
6677,Maldives,F,Employment,Employed for cash,... if she goes out without telling him,4.5,>25%
6678,Maldives,F,Employment,Employed for kind,... if she goes out without telling him,5.1,>25%
6679,Maldives,F,Employment,Unemployed,... if she goes out without telling him,4.7,>25%
6680,Maldives,F,Employment,Employed for cash,... if she neglects the children,17.3,>25%
6681,Maldives,F,Employment,Employed for kind,... if she neglects the children,14.3,>25%
6682,Maldives,F,Employment,Unemployed,... if she neglects the children,14.8,>25%
6683,Maldives,F,Employment,Employed for cash,... if she refuses to have sex with him,10.2,>25%
6684,Maldives,F,Employment,Employed for kind,... if she refuses to have sex with him,16.7,>25%
6685,Maldives,F,Employment,Unemployed,... if she refuses to have sex with him,9.9,>25%
6686,Maldives,F,Marital status,Married or living together,... for at least one specific reason,20.7,>25%
6687,Maldives,F,Marital status,Never married,... for at least one specific reason,26.7,>25%
6688,Maldives,F,Marital status,"Widowed, divorced, separated",... for at least one specific reason,19.7,>25%
6689,Maldives,F,Marital status,Married or living together,... if she goes out without telling him,4.8,>25%
6690,Maldives,F,Marital status,Never married,... if she goes out without telling him,3.6,>25%
6691,Maldives,F,Marital status,"Widowed, divorced, separated",... if she goes out without telling him,5.8,>25%
6692,Maldives,F,Marital status,Married or living together,... if she neglects the children,15,>25%
6693,Maldives,F,Marital status,Never married,... if she neglects the children,19.8,>25%
6694,Maldives,F,Marital status,"Widowed, divorced, separated",... if she neglects the children,13.4,>25%
6695,Maldives,F,Marital status,Married or living together,... if she refuses to have sex with him,10.3,>25%
6696,Maldives,F,Marital status,Never married,... if she refuses to have sex with him,9.7,>25%
6697,Maldives,F,Marital status,"Widowed, divorced, separated",... if she refuses to have sex with him,10.4,>25%
6698,Maldives,F,Residence,Rural,... for at least one specific reason,21.1,>25%
6699,Maldives,F,Residence,Urban,... for at least one specific reason,23,>25%
6700,Maldives,F,Residence,Rural,... if she goes out without telling him,5.2,>25%
6701,Maldives,F,Residence,Urban,... if she goes out without telling him,3.9,>25%
6702,Maldives,F,Residence,Rural,... if she neglects the children,14.8,>25%
6703,Maldives,F,Residence,Urban,... if she neglects the children,17.4,>25%
6704,Maldives,F,Residence,Rural,... if she refuses to have sex with him,10.7,>25%
6705,Maldives,F,Residence,Urban,... if she refuses to have sex with him,9.4,>25%
6706,Maldives,M,Age,15-24,... for at least one specific reason,24.9,>25%
6707,Maldives,M,Age,25-34,... for at least one specific reason,15.9,>25%
6708,Maldives,M,Age,35-49,... for at least one specific reason,12.2,>25%
6709,Maldives,M,Age,15-24,... if she goes out without telling him,4.1,>25%
6710,Maldives,M,Age,25-34,... if she goes out without telling him,1.6,>25%
6711,Maldives,M,Age,35-49,... if she goes out without telling him,2,>25%
6712,Maldives,M,Age,15-24,... if she neglects the children,19.5,>25%
6713,Maldives,M,Age,25-34,... if she neglects the children,13.2,>25%
6714,Maldives,M,Age,35-49,... if she neglects the children,9.3,>25%
6715,Maldives,M,Age,15-24,... if she refuses to have sex with him,6.7,>25%
6716,Maldives,M,Age,25-34,... if she refuses to have sex with him,4.2,>25%
6717,Maldives,M,Age,35-49,... if she refuses to have sex with him,3.4,>25%
6718,Maldives,M,Education,Higher,... for at least one specific reason,9.6,>25%
6719,Maldives,M,Education,No education,... for at least one specific reason,10.9,>25%
6720,Maldives,M,Education,Primary,... for at least one specific reason,16.5,>25%
6721,Maldives,M,Education,Secondary,... for at least one specific reason,21.2,>25%
6722,Maldives,M,Education,Higher,... if she goes out without telling him,1.5,>25%
6723,Maldives,M,Education,No education,... if she goes out without telling him,2.5,>25%
6724,Maldives,M,Education,Primary,... if she goes out without telling him,3.2,>25%
6725,Maldives,M,Education,Secondary,... if she goes out without telling him,2.7,>25%
6726,Maldives,M,Education,Higher,... if she neglects the children,7.4,>25%
6727,Maldives,M,Education,No education,... if she neglects the children,8.2,>25%
6728,Maldives,M,Education,Primary,... if she neglects the children,12.7,>25%
6729,Maldives,M,Education,Secondary,... if she neglects the children,17,>25%
6730,Maldives,M,Education,Higher,... if she refuses to have sex with him,2.5,>25%
6731,Maldives,M,Education,No education,... if she refuses to have sex with him,1.7,>25%
6732,Maldives,M,Education,Primary,... if she refuses to have sex with him,5.1,>25%
6733,Maldives,M,Education,Secondary,... if she refuses to have sex with him,5.6,>25%
6734,Maldives,M,Employment,Employed for cash,... for at least one specific reason,16.8,>25%
6735,Maldives,M,Employment,Employed for kind,... for at least one specific reason,15.3,>25%
6736,Maldives,M,Employment,Unemployed,... for at least one specific reason,24.7,>25%
6737,Maldives,M,Employment,Employed for cash,... if she goes out without telling him,2.3,>25%
6738,Maldives,M,Employment,Employed for kind,... if she goes out without telling him,3.6,>25%
6739,Maldives,M,Employment,Unemployed,... if she goes out without telling him,4.6,>25%
6740,Maldives,M,Employment,Employed for cash,... if she neglects the children,13.2,>25%
6741,Maldives,M,Employment,Employed for kind,... if she neglects the children,12,>25%
6742,Maldives,M,Employment,Unemployed,... if she neglects the children,20.2,>25%
6743,Maldives,M,Employment,Employed for cash,... if she refuses to have sex with him,4.3,>25%
6744,Maldives,M,Employment,Employed for kind,... if she refuses to have sex with him,7,>25%
6745,Maldives,M,Employment,Unemployed,... if she refuses to have sex with him,7.4,>25%
6746,Maldives,M,Marital status,Married or living together,... for at least one specific reason,13,>25%
6747,Maldives,M,Marital status,Never married,... for at least one specific reason,24.7,>25%
6748,Maldives,M,Marital status,"Widowed, divorced, separated",... for at least one specific reason,20.7,>25%
6749,Maldives,M,Marital status,Married or living together,... if she goes out without telling him,1.7,>25%
6750,Maldives,M,Marital status,Never married,... if she goes out without telling him,3.9,>25%
6751,Maldives,M,Marital status,"Widowed, divorced, separated",... if she goes out without telling him,3.4,>25%
6752,Maldives,M,Marital status,Married or living together,... if she neglects the children,10.5,>25%
6753,Maldives,M,Marital status,Never married,... if she neglects the children,19.2,>25%
6754,Maldives,M,Marital status,"Widowed, divorced, separated",... if she neglects the children,17.5,>25%
6755,Maldives,M,Marital status,Married or living together,... if she refuses to have sex with him,3.3,>25%
6756,Maldives,M,Marital status,Never married,... if she refuses to have sex with him,6.8,>25%
6757,Maldives,M,Marital status,"Widowed, divorced, separated",... if she refuses to have sex with him,5.8,>25%
6758,Maldives,M,Residence,Rural,... for at least one specific reason,18.5,>25%
6759,Maldives,M,Residence,Urban,... for at least one specific reason,16.8,>25%
6760,Maldives,M,Residence,Rural,... if she goes out without telling him,2.9,>25%
6761,Maldives,M,Residence,Urban,... if she goes out without telling him,1.9,>25%
6762,Maldives,M,Residence,Rural,... if she neglects the children,14.8,>25%
6763,Maldives,M,Residence,Urban,... if she neglects the children,12.6,>25%
6764,Maldives,M,Residence,Rural,... if she refuses to have sex with him,5.1,>25%
6765,Maldives,M,Residence,Urban,... if she refuses to have sex with him,4,>25%
6766,Mali,F,Age,15-24,... for at least one specific reason,76.5,<10%
6767,Mali,F,Age,25-34,... for at least one specific reason,81.4,<10%
6768,Mali,F,Age,35-49,... for at least one specific reason,81,<10%
6769,Mali,F,Age,15-24,... if she argues with him,65.5,<10%
6770,Mali,F,Age,25-34,... if she argues with him,70.8,<10%
6771,Mali,F,Age,35-49,... if she argues with him,69.8,<10%
6772,Mali,F,Age,15-24,... if she burns the food,22.2,<10%
6773,Mali,F,Age,25-34,... if she burns the food,22.9,<10%
6774,Mali,F,Age,35-49,... if she burns the food,22.8,<10%
6775,Mali,F,Age,15-24,... if she goes out without telling him,51.4,<10%
6776,Mali,F,Age,25-34,... if she goes out without telling him,55.3,<10%
6777,Mali,F,Age,35-49,... if she goes out without telling him,55.2,<10%
6778,Mali,F,Age,15-24,... if she neglects the children,50.3,<10%
6779,Mali,F,Age,25-34,... if she neglects the children,53.1,<10%
6780,Mali,F,Age,35-49,... if she neglects the children,52,<10%
6781,Mali,F,Age,15-24,... if she refuses to have sex with him,59.4,<10%
6782,Mali,F,Age,25-34,... if she refuses to have sex with him,64.5,<10%
6783,Mali,F,Age,35-49,... if she refuses to have sex with him,65.5,<10%
6784,Mali,F,Education,Higher,... for at least one specific reason,55.6,<10%
6785,Mali,F,Education,No education,... for at least one specific reason,82,<10%
6786,Mali,F,Education,Primary,... for at least one specific reason,80.5,<10%
6787,Mali,F,Education,Secondary,... for at least one specific reason,72.5,<10%
6788,Mali,F,Education,Higher,... if she argues with him,44,<10%
6789,Mali,F,Education,No education,... if she argues with him,71,<10%
6790,Mali,F,Education,Primary,... if she argues with him,69.5,<10%
6791,Mali,F,Education,Secondary,... if she argues with him,61.8,<10%
6792,Mali,F,Education,Higher,... if she burns the food,3.9,<10%
6793,Mali,F,Education,No education,... if she burns the food,24.7,<10%
6794,Mali,F,Education,Primary,... if she burns the food,25.3,<10%
6795,Mali,F,Education,Secondary,... if she burns the food,15.8,<10%
6796,Mali,F,Education,Higher,... if she goes out without telling him,28.6,<10%
6797,Mali,F,Education,No education,... if she goes out without telling him,57.8,<10%
6798,Mali,F,Education,Primary,... if she goes out without telling him,55.2,<10%
6799,Mali,F,Education,Secondary,... if she goes out without telling him,41.9,<10%
6800,Mali,F,Education,Higher,... if she neglects the children,28.2,<10%
6801,Mali,F,Education,No education,... if she neglects the children,54.8,<10%
6802,Mali,F,Education,Primary,... if she neglects the children,54.4,<10%
6803,Mali,F,Education,Secondary,... if she neglects the children,42,<10%
6804,Mali,F,Education,Higher,... if she refuses to have sex with him,34.9,<10%
6805,Mali,F,Education,No education,... if she refuses to have sex with him,66.7,<10%
6806,Mali,F,Education,Primary,... if she refuses to have sex with him,65.4,<10%
6807,Mali,F,Education,Secondary,... if she refuses to have sex with him,51,<10%
6808,Mali,F,Employment,Employed for cash,... for at least one specific reason,81.5,<10%
6809,Mali,F,Employment,Employed for kind,... for at least one specific reason,83.3,<10%
6810,Mali,F,Employment,Unemployed,... for at least one specific reason,75.8,<10%
6811,Mali,F,Employment,Employed for cash,... if she argues with him,69.6,<10%
6812,Mali,F,Employment,Employed for kind,... if she argues with him,70.5,<10%
6813,Mali,F,Employment,Unemployed,... if she argues with him,66.6,<10%
6814,Mali,F,Employment,Employed for cash,... if she burns the food,22,<10%
6815,Mali,F,Employment,Employed for kind,... if she burns the food,31.6,<10%
6816,Mali,F,Employment,Unemployed,... if she burns the food,19.6,<10%
6817,Mali,F,Employment,Employed for cash,... if she goes out without telling him,54.5,<10%
6818,Mali,F,Employment,Employed for kind,... if she goes out without telling him,60.7,<10%
6819,Mali,F,Employment,Unemployed,... if she goes out without telling him,50.3,<10%
6820,Mali,F,Employment,Employed for cash,... if she neglects the children,52.4,<10%
6821,Mali,F,Employment,Employed for kind,... if she neglects the children,57.3,<10%
6822,Mali,F,Employment,Unemployed,... if she neglects the children,48.8,<10%
6823,Mali,F,Employment,Employed for cash,... if she refuses to have sex with him,64.9,<10%
6824,Mali,F,Employment,Employed for kind,... if she refuses to have sex with him,66.7,<10%
6825,Mali,F,Employment,Unemployed,... if she refuses to have sex with him,59.3,<10%
6826,Mali,F,Marital status,Married or living together,... for at least one specific reason,82.1,<10%
6827,Mali,F,Marital status,Never married,... for at least one specific reason,67.4,<10%
6828,Mali,F,Marital status,"Widowed, divorced, separated",... for at least one specific reason,69.7,<10%
6829,Mali,F,Marital status,Married or living together,... if she argues with him,71,<10%
6830,Mali,F,Marital status,Never married,... if she argues with him,57.7,<10%
6831,Mali,F,Marital status,"Widowed, divorced, separated",... if she argues with him,55.1,<10%
6832,Mali,F,Marital status,Married or living together,... if she burns the food,23.8,<10%
6833,Mali,F,Marital status,Never married,... if she burns the food,17.3,<10%
6834,Mali,F,Marital status,"Widowed, divorced, separated",... if she burns the food,18.7,<10%
6835,Mali,F,Marital status,Married or living together,... if she goes out without telling him,56.4,<10%
6836,Mali,F,Marital status,Never married,... if she goes out without telling him,42.3,<10%
6837,Mali,F,Marital status,"Widowed, divorced, separated",... if she goes out without telling him,42.2,<10%
6838,Mali,F,Marital status,Married or living together,... if she neglects the children,54.2,<10%
6839,Mali,F,Marital status,Never married,... if she neglects the children,40.1,<10%
6840,Mali,F,Marital status,"Widowed, divorced, separated",... if she neglects the children,44.1,<10%
6841,Mali,F,Marital status,Married or living together,... if she refuses to have sex with him,66.1,<10%
6842,Mali,F,Marital status,Never married,... if she refuses to have sex with him,48,<10%
6843,Mali,F,Marital status,"Widowed, divorced, separated",... if she refuses to have sex with him,52,<10%
6844,Mali,F,Residence,Rural,... for at least one specific reason,81.2,<10%
6845,Mali,F,Residence,Urban,... for at least one specific reason,74.4,<10%
6846,Mali,F,Residence,Rural,... if she argues with him,70.6,<10%
6847,Mali,F,Residence,Urban,... if she argues with him,62.6,<10%
6848,Mali,F,Residence,Rural,... if she burns the food,26.1,<10%
6849,Mali,F,Residence,Urban,... if she burns the food,12.9,<10%
6850,Mali,F,Residence,Rural,... if she goes out without telling him,57.2,<10%
6851,Mali,F,Residence,Urban,... if she goes out without telling him,44.3,<10%
6852,Mali,F,Residence,Rural,... if she neglects the children,54.9,<10%
6853,Mali,F,Residence,Urban,... if she neglects the children,42.9,<10%
6854,Mali,F,Residence,Rural,... if she refuses to have sex with him,65.8,<10%
6855,Mali,F,Residence,Urban,... if she refuses to have sex with him,54.6,<10%
6856,Mali,M,Age,15-24,... for at least one specific reason,50.9,<10%
6857,Mali,M,Age,25-34,... for at least one specific reason,44.9,<10%
6858,Mali,M,Age,35-49,... for at least one specific reason,44.7,<10%
6859,Mali,M,Age,15-24,... if she argues with him,43.4,<10%
6860,Mali,M,Age,25-34,... if she argues with him,35.9,<10%
6861,Mali,M,Age,35-49,... if she argues with him,35.4,<10%
6862,Mali,M,Age,15-24,... if she burns the food,13.3,<10%
6863,Mali,M,Age,25-34,... if she burns the food,9,<10%
6864,Mali,M,Age,35-49,... if she burns the food,11.2,<10%
6865,Mali,M,Age,15-24,... if she goes out without telling him,24.8,<10%
6866,Mali,M,Age,25-34,... if she goes out without telling him,21.2,<10%
6867,Mali,M,Age,35-49,... if she goes out without telling him,19.9,<10%
6868,Mali,M,Age,15-24,... if she neglects the children,27.3,<10%
6869,Mali,M,Age,25-34,... if she neglects the children,23.8,<10%
6870,Mali,M,Age,35-49,... if she neglects the children,24.1,<10%
6871,Mali,M,Age,15-24,... if she refuses to have sex with him,26.6,<10%
6872,Mali,M,Age,25-34,... if she refuses to have sex with him,21.2,<10%
6873,Mali,M,Age,35-49,... if she refuses to have sex with him,23.2,<10%
6874,Mali,M,Education,Higher,... for at least one specific reason,16.6,<10%
6875,Mali,M,Education,No education,... for at least one specific reason,50.4,<10%
6876,Mali,M,Education,Primary,... for at least one specific reason,51.4,<10%
6877,Mali,M,Education,Secondary,... for at least one specific reason,44.8,<10%
6878,Mali,M,Education,Higher,... if she argues with him,8.2,<10%
6879,Mali,M,Education,No education,... if she argues with him,41.6,<10%
6880,Mali,M,Education,Primary,... if she argues with him,44.1,<10%
6881,Mali,M,Education,Secondary,... if she argues with him,35.9,<10%
6882,Mali,M,Education,Higher,... if she burns the food,2.6,<10%
6883,Mali,M,Education,No education,... if she burns the food,13,<10%
6884,Mali,M,Education,Primary,... if she burns the food,10.7,<10%
6885,Mali,M,Education,Secondary,... if she burns the food,10.5,<10%
6886,Mali,M,Education,Higher,... if she goes out without telling him,5.6,<10%
6887,Mali,M,Education,No education,... if she goes out without telling him,23.6,<10%
6888,Mali,M,Education,Primary,... if she goes out without telling him,24.9,<10%
6889,Mali,M,Education,Secondary,... if she goes out without telling him,21.1,<10%
6890,Mali,M,Education,Higher,... if she neglects the children,8.5,<10%
6891,Mali,M,Education,No education,... if she neglects the children,26.3,<10%
6892,Mali,M,Education,Primary,... if she neglects the children,30.7,<10%
6893,Mali,M,Education,Secondary,... if she neglects the children,23.8,<10%
6894,Mali,M,Education,Higher,... if she refuses to have sex with him,3.1,<10%
6895,Mali,M,Education,No education,... if she refuses to have sex with him,27.8,<10%
6896,Mali,M,Education,Primary,... if she refuses to have sex with him,27.8,<10%
6897,Mali,M,Education,Secondary,... if she refuses to have sex with him,18.7,<10%
6898,Mali,M,Employment,Employed for cash,... for at least one specific reason,43.1,<10%
6899,Mali,M,Employment,Employed for kind,... for at least one specific reason,54.7,<10%
6900,Mali,M,Employment,Unemployed,... for at least one specific reason,36.4,<10%
6901,Mali,M,Employment,Employed for cash,... if she argues with him,34.7,<10%
6902,Mali,M,Employment,Employed for kind,... if she argues with him,44.9,<10%
6903,Mali,M,Employment,Unemployed,... if she argues with him,32.8,<10%
6904,Mali,M,Employment,Employed for cash,... if she burns the food,9,<10%
6905,Mali,M,Employment,Employed for kind,... if she burns the food,15.9,<10%
6906,Mali,M,Employment,Unemployed,... if she burns the food,4.9,<10%
6907,Mali,M,Employment,Employed for cash,... if she goes out without telling him,19.9,<10%
6908,Mali,M,Employment,Employed for kind,... if she goes out without telling him,27.2,<10%
6909,Mali,M,Employment,Unemployed,... if she goes out without telling him,10.8,<10%
6910,Mali,M,Employment,Employed for cash,... if she neglects the children,21.6,<10%
6911,Mali,M,Employment,Employed for kind,... if she neglects the children,32.5,<10%
6912,Mali,M,Employment,Unemployed,... if she neglects the children,14.4,<10%
6913,Mali,M,Employment,Employed for cash,... if she refuses to have sex with him,20.8,<10%
6914,Mali,M,Employment,Employed for kind,... if she refuses to have sex with him,30.6,<10%
6915,Mali,M,Employment,Unemployed,... if she refuses to have sex with him,11.8,<10%
6916,Mali,M,Marital status,Married or living together,... for at least one specific reason,45.5,<10%
6917,Mali,M,Marital status,Never married,... for at least one specific reason,49.5,<10%
6918,Mali,M,Marital status,"Widowed, divorced, separated",... for at least one specific reason,36.2,<10%
6919,Mali,M,Marital status,Married or living together,... if she argues with him,36.2,<10%
6920,Mali,M,Marital status,Never married,... if she argues with him,42,<10%
6921,Mali,M,Marital status,"Widowed, divorced, separated",... if she argues with him,31.5,<10%
6922,Mali,M,Marital status,Married or living together,... if she burns the food,10.3,<10%
6923,Mali,M,Marital status,Never married,... if she burns the food,13,<10%
6924,Mali,M,Marital status,"Widowed, divorced, separated",... if she burns the food,11.8,<10%
6925,Mali,M,Marital status,Married or living together,... if she goes out without telling him,21.3,<10%
6926,Mali,M,Marital status,Never married,... if she goes out without telling him,23.3,<10%
6927,Mali,M,Marital status,"Widowed, divorced, separated",... if she goes out without telling him,10,<10%
6928,Mali,M,Marital status,Married or living together,... if she neglects the children,24.8,<10%
6929,Mali,M,Marital status,Never married,... if she neglects the children,26,<10%
6930,Mali,M,Marital status,"Widowed, divorced, separated",... if she neglects the children,11.1,<10%
6931,Mali,M,Marital status,Married or living together,... if she refuses to have sex with him,23,<10%
6932,Mali,M,Marital status,Never married,... if she refuses to have sex with him,25.1,<10%
6933,Mali,M,Marital status,"Widowed, divorced, separated",... if she refuses to have sex with him,25.7,<10%
6934,Mali,M,Residence,Rural,... for at least one specific reason,52.8,<10%
6935,Mali,M,Residence,Urban,... for at least one specific reason,31.1,<10%
6936,Mali,M,Residence,Rural,... if she argues with him,43.7,<10%
6937,Mali,M,Residence,Urban,... if she argues with him,23.8,<10%
6938,Mali,M,Residence,Rural,... if she burns the food,13.7,<10%
6939,Mali,M,Residence,Urban,... if she burns the food,5,<10%
6940,Mali,M,Residence,Rural,... if she goes out without telling him,25.1,<10%
6941,Mali,M,Residence,Urban,... if she goes out without telling him,13.6,<10%
6942,Mali,M,Residence,Rural,... if she neglects the children,28.4,<10%
6943,Mali,M,Residence,Urban,... if she neglects the children,16.2,<10%
6944,Mali,M,Residence,Rural,... if she refuses to have sex with him,28.7,<10%
6945,Mali,M,Residence,Urban,... if she refuses to have sex with him,10.5,<10%
6946,Moldova,F,Age,15-24,... for at least one specific reason,21.4,>25%
6947,Moldova,F,Age,25-34,... for at least one specific reason,20.3,>25%
6948,Moldova,F,Age,35-49,... for at least one specific reason,20.6,>25%
6949,Moldova,F,Age,15-24,... if she argues with him,4.6,>25%
6950,Moldova,F,Age,25-34,... if she argues with him,4.7,>25%
6951,Moldova,F,Age,35-49,... if she argues with him,5.8,>25%
6952,Moldova,F,Age,15-24,... if she burns the food,4.2,>25%
6953,Moldova,F,Age,25-34,... if she burns the food,4.2,>25%
6954,Moldova,F,Age,35-49,... if she burns the food,4.4,>25%
6955,Moldova,F,Age,15-24,... if she goes out without telling him,6.1,>25%
6956,Moldova,F,Age,25-34,... if she goes out without telling him,6.9,>25%
6957,Moldova,F,Age,35-49,... if she goes out without telling him,8.4,>25%
6958,Moldova,F,Age,15-24,... if she neglects the children,18.9,>25%
6959,Moldova,F,Age,25-34,... if she neglects the children,17.3,>25%
6960,Moldova,F,Age,35-49,... if she neglects the children,17.5,>25%
6961,Moldova,F,Age,15-24,... if she refuses to have sex with him,2.4,>25%
6962,Moldova,F,Age,25-34,... if she refuses to have sex with him,2.9,>25%
6963,Moldova,F,Age,35-49,... if she refuses to have sex with him,3.6,>25%
6964,Moldova,F,Education,Higher,... for at least one specific reason,7,>25%
6965,Moldova,F,Education,Primary,... for at least one specific reason,39.8,>25%
6966,Moldova,F,Education,Secondary,... for at least one specific reason,24.3,>25%
6967,Moldova,F,Education,Higher,... if she argues with him,1,>25%
6968,Moldova,F,Education,Primary,... if she argues with him,23.5,>25%
6969,Moldova,F,Education,Secondary,... if she argues with him,6,>25%
6970,Moldova,F,Education,Higher,... if she burns the food,1.3,>25%
6971,Moldova,F,Education,Primary,... if she burns the food,17.3,>25%
6972,Moldova,F,Education,Secondary,... if she burns the food,4.9,>25%
6973,Moldova,F,Education,Higher,... if she goes out without telling him,1.5,>25%
6974,Moldova,F,Education,Primary,... if she goes out without telling him,18.9,>25%
6975,Moldova,F,Education,Secondary,... if she goes out without telling him,8.7,>25%
6976,Moldova,F,Education,Higher,... if she neglects the children,6.3,>25%
6977,Moldova,F,Education,Primary,... if she neglects the children,31.6,>25%
6978,Moldova,F,Education,Secondary,... if she neglects the children,20.9,>25%
6979,Moldova,F,Education,Higher,... if she refuses to have sex with him,0.7,>25%
6980,Moldova,F,Education,Primary,... if she refuses to have sex with him,18.5,>25%
6981,Moldova,F,Education,Secondary,... if she refuses to have sex with him,3.5,>25%
6982,Moldova,F,Employment,Employed for cash,... for at least one specific reason,18,>25%
6983,Moldova,F,Employment,Employed for kind,... for at least one specific reason,28.7,>25%
6984,Moldova,F,Employment,Unemployed,... for at least one specific reason,22.7,>25%
6985,Moldova,F,Employment,Employed for cash,... if she argues with him,4.3,>25%
6986,Moldova,F,Employment,Employed for kind,... if she argues with him,7.4,>25%
6987,Moldova,F,Employment,Unemployed,... if she argues with him,5.6,>25%
6988,Moldova,F,Employment,Employed for cash,... if she burns the food,3.8,>25%
6989,Moldova,F,Employment,Employed for kind,... if she burns the food,6.1,>25%
6990,Moldova,F,Employment,Unemployed,... if she burns the food,4.5,>25%
6991,Moldova,F,Employment,Employed for cash,... if she goes out without telling him,5.9,>25%
6992,Moldova,F,Employment,Employed for kind,... if she goes out without telling him,11.9,>25%
6993,Moldova,F,Employment,Unemployed,... if she goes out without telling him,8.2,>25%
6994,Moldova,F,Employment,Employed for cash,... if she neglects the children,15.1,>25%
6995,Moldova,F,Employment,Employed for kind,... if she neglects the children,25.1,>25%
6996,Moldova,F,Employment,Unemployed,... if she neglects the children,20,>25%
6997,Moldova,F,Employment,Employed for cash,... if she refuses to have sex with him,2.6,>25%
6998,Moldova,F,Employment,Employed for kind,... if she refuses to have sex with him,5.8,>25%
6999,Moldova,F,Employment,Unemployed,... if she refuses to have sex with him,3,>25%
7000,Moldova,F,Marital status,Married or living together,... for at least one specific reason,21.4,>25%
7001,Moldova,F,Marital status,Never married,... for at least one specific reason,19.6,>25%
7002,Moldova,F,Marital status,"Widowed, divorced, separated",... for at least one specific reason,19.5,>25%
7003,Moldova,F,Marital status,Married or living together,... if she argues with him,5.7,>25%
7004,Moldova,F,Marital status,Never married,... if she argues with him,3.6,>25%
7005,Moldova,F,Marital status,"Widowed, divorced, separated",... if she argues with him,4.4,>25%
7006,Moldova,F,Marital status,Married or living together,... if she burns the food,4.6,>25%
7007,Moldova,F,Marital status,Never married,... if she burns the food,3.3,>25%
7008,Moldova,F,Marital status,"Widowed, divorced, separated",... if she burns the food,4.7,>25%
7009,Moldova,F,Marital status,Married or living together,... if she goes out without telling him,8.3,>25%
7010,Moldova,F,Marital status,Never married,... if she goes out without telling him,4.8,>25%
7011,Moldova,F,Marital status,"Widowed, divorced, separated",... if she goes out without telling him,6.4,>25%
7012,Moldova,F,Marital status,Married or living together,... if she neglects the children,18.2,>25%
7013,Moldova,F,Marital status,Never married,... if she neglects the children,17.3,>25%
7014,Moldova,F,Marital status,"Widowed, divorced, separated",... if she neglects the children,17.8,>25%
7015,Moldova,F,Marital status,Married or living together,... if she refuses to have sex with him,3.4,>25%
7016,Moldova,F,Marital status,Never married,... if she refuses to have sex with him,2.2,>25%
7017,Moldova,F,Marital status,"Widowed, divorced, separated",... if she refuses to have sex with him,2.3,>25%
7018,Moldova,F,Residence,Rural,... for at least one specific reason,26.1,>25%
7019,Moldova,F,Residence,Urban,... for at least one specific reason,13.8,>25%
7020,Moldova,F,Residence,Rural,... if she argues with him,6.9,>25%
7021,Moldova,F,Residence,Urban,... if she argues with him,2.7,>25%
7022,Moldova,F,Residence,Rural,... if she burns the food,6,>25%
7023,Moldova,F,Residence,Urban,... if she burns the food,1.9,>25%
7024,Moldova,F,Residence,Rural,... if she goes out without telling him,10.4,>25%
7025,Moldova,F,Residence,Urban,... if she goes out without telling him,3.1,>25%
7026,Moldova,F,Residence,Rural,... if she neglects the children,22.3,>25%
7027,Moldova,F,Residence,Urban,... if she neglects the children,12,>25%
7028,Moldova,F,Residence,Rural,... if she refuses to have sex with him,4,>25%
7029,Moldova,F,Residence,Urban,... if she refuses to have sex with him,1.7,>25%
7030,Moldova,M,Age,15-24,... for at least one specific reason,24.3,>25%
7031,Moldova,M,Age,25-34,... for at least one specific reason,18.5,>25%
7032,Moldova,M,Age,35-49,... for at least one specific reason,23.7,>25%
7033,Moldova,M,Age,15-24,... if she argues with him,8.2,>25%
7034,Moldova,M,Age,25-34,... if she argues with him,5.4,>25%
7035,Moldova,M,Age,35-49,... if she argues with him,8.3,>25%
7036,Moldova,M,Age,15-24,... if she burns the food,3.5,>25%
7037,Moldova,M,Age,25-34,... if she burns the food,1.6,>25%
7038,Moldova,M,Age,35-49,... if she burns the food,2.5,>25%
7039,Moldova,M,Age,15-24,... if she goes out without telling him,8.6,>25%
7040,Moldova,M,Age,25-34,... if she goes out without telling him,8.6,>25%
7041,Moldova,M,Age,35-49,... if she goes out without telling him,11.8,>25%
7042,Moldova,M,Age,15-24,... if she neglects the children,20.8,>25%
7043,Moldova,M,Age,25-34,... if she neglects the children,16.5,>25%
7044,Moldova,M,Age,35-49,... if she neglects the children,17.8,>25%
7045,Moldova,M,Age,15-24,... if she refuses to have sex with him,3.9,>25%
7046,Moldova,M,Age,25-34,... if she refuses to have sex with him,2.7,>25%
7047,Moldova,M,Age,35-49,... if she refuses to have sex with him,3.8,>25%
7048,Moldova,M,Education,Higher,... for at least one specific reason,9.6,>25%
7049,Moldova,M,Education,Secondary,... for at least one specific reason,25.3,>25%
7050,Moldova,M,Education,Higher,... if she argues with him,2.4,>25%
7051,Moldova,M,Education,Secondary,... if she argues with him,8.6,>25%
7052,Moldova,M,Education,Higher,... if she burns the food,1.1,>25%
7053,Moldova,M,Education,Secondary,... if she burns the food,2.9,>25%
7054,Moldova,M,Education,Higher,... if she goes out without telling him,1.8,>25%
7055,Moldova,M,Education,Secondary,... if she goes out without telling him,11.6,>25%
7056,Moldova,M,Education,Higher,... if she neglects the children,7.4,>25%
7057,Moldova,M,Education,Secondary,... if she neglects the children,20.7,>25%
7058,Moldova,M,Education,Higher,... if she refuses to have sex with him,0.6,>25%
7059,Moldova,M,Education,Secondary,... if she refuses to have sex with him,4,>25%
7060,Moldova,M,Employment,Employed for cash,... for at least one specific reason,21.8,>25%
7061,Moldova,M,Employment,Employed for kind,... for at least one specific reason,33.4,>25%
7062,Moldova,M,Employment,Unemployed,... for at least one specific reason,22.5,>25%
7063,Moldova,M,Employment,Employed for cash,... if she argues with him,7.3,>25%
7064,Moldova,M,Employment,Employed for kind,... if she argues with him,11.9,>25%
7065,Moldova,M,Employment,Unemployed,... if she argues with him,7.6,>25%
7066,Moldova,M,Employment,Employed for cash,... if she burns the food,2.8,>25%
7067,Moldova,M,Employment,Employed for kind,... if she burns the food,3.2,>25%
7068,Moldova,M,Employment,Unemployed,... if she burns the food,2.4,>25%
7069,Moldova,M,Employment,Employed for cash,... if she goes out without telling him,10.4,>25%
7070,Moldova,M,Employment,Employed for kind,... if she goes out without telling him,10.7,>25%
7071,Moldova,M,Employment,Unemployed,... if she goes out without telling him,9.1,>25%
7072,Moldova,M,Employment,Employed for cash,... if she neglects the children,17.6,>25%
7073,Moldova,M,Employment,Employed for kind,... if she neglects the children,28.3,>25%
7074,Moldova,M,Employment,Unemployed,... if she neglects the children,18.4,>25%
7075,Moldova,M,Employment,Employed for cash,... if she refuses to have sex with him,3.6,>25%
7076,Moldova,M,Employment,Employed for kind,... if she refuses to have sex with him,6.4,>25%
7077,Moldova,M,Employment,Unemployed,... if she refuses to have sex with him,3,>25%
7078,Moldova,M,Marital status,Married or living together,... for at least one specific reason,19.8,>25%
7079,Moldova,M,Marital status,Never married,... for at least one specific reason,25.2,>25%
7080,Moldova,M,Marital status,"Widowed, divorced, separated",... for at least one specific reason,43.6,>25%
7081,Moldova,M,Marital status,Married or living together,... if she argues with him,7.1,>25%
7082,Moldova,M,Marital status,Never married,... if she argues with him,7.9,>25%
7083,Moldova,M,Marital status,"Widowed, divorced, separated",... if she argues with him,13.5,>25%
7084,Moldova,M,Marital status,Married or living together,... if she burns the food,2,>25%
7085,Moldova,M,Marital status,Never married,... if she burns the food,3,>25%
7086,Moldova,M,Marital status,"Widowed, divorced, separated",... if she burns the food,9.7,>25%
7087,Moldova,M,Marital status,Married or living together,... if she goes out without telling him,9.8,>25%
7088,Moldova,M,Marital status,Never married,... if she goes out without telling him,8.7,>25%
7089,Moldova,M,Marital status,"Widowed, divorced, separated",... if she goes out without telling him,23.8,>25%
7090,Moldova,M,Marital status,Married or living together,... if she neglects the children,15.2,>25%
7091,Moldova,M,Marital status,Never married,... if she neglects the children,22,>25%
7092,Moldova,M,Marital status,"Widowed, divorced, separated",... if she neglects the children,36.8,>25%
7093,Moldova,M,Marital status,Married or living together,... if she refuses to have sex with him,3.1,>25%
7094,Moldova,M,Marital status,Never married,... if she refuses to have sex with him,3.6,>25%
7095,Moldova,M,Marital status,"Widowed, divorced, separated",... if she refuses to have sex with him,9.6,>25%
7096,Moldova,M,Residence,Rural,... for at least one specific reason,27.5,>25%
7097,Moldova,M,Residence,Urban,... for at least one specific reason,16.4,>25%
7098,Moldova,M,Residence,Rural,... if she argues with him,9.5,>25%
7099,Moldova,M,Residence,Urban,... if she argues with him,5.1,>25%
7100,Moldova,M,Residence,Rural,... if she burns the food,2.9,>25%
7101,Moldova,M,Residence,Urban,... if she burns the food,2.3,>25%
7102,Moldova,M,Residence,Rural,... if she goes out without telling him,13.6,>25%
7103,Moldova,M,Residence,Urban,... if she goes out without telling him,5.2,>25%
7104,Moldova,M,Residence,Rural,... if she neglects the children,22.2,>25%
7105,Moldova,M,Residence,Urban,... if she neglects the children,13.7,>25%
7106,Moldova,M,Residence,Rural,... if she refuses to have sex with him,4.6,>25%
7107,Moldova,M,Residence,Urban,... if she refuses to have sex with him,2.2,>25%
7108,Morocco,F,Age,15-24,... for at least one specific reason,63.6,10-25%
7109,Morocco,F,Age,25-34,... for at least one specific reason,63,10-25%
7110,Morocco,F,Age,35-49,... for at least one specific reason,65,10-25%
7111,Morocco,F,Age,15-24,... if she argues with him,49.9,10-25%
7112,Morocco,F,Age,25-34,... if she argues with him,50,10-25%
7113,Morocco,F,Age,35-49,... if she argues with him,52.4,10-25%
7114,Morocco,F,Age,15-24,... if she burns the food,23,10-25%
7115,Morocco,F,Age,25-34,... if she burns the food,22.9,10-25%
7116,Morocco,F,Age,35-49,... if she burns the food,24.9,10-25%
7117,Morocco,F,Age,15-24,... if she goes out without telling him,48.2,10-25%
7118,Morocco,F,Age,25-34,... if she goes out without telling him,49.9,10-25%
7119,Morocco,F,Age,35-49,... if she goes out without telling him,50.7,10-25%
7120,Morocco,F,Age,15-24,... if she neglects the children,49.8,10-25%
7121,Morocco,F,Age,25-34,... if she neglects the children,48.3,10-25%
7122,Morocco,F,Age,35-49,... if she neglects the children,49.8,10-25%
7123,Morocco,F,Age,15-24,... if she refuses to have sex with him,39,10-25%
7124,Morocco,F,Age,25-34,... if she refuses to have sex with him,41.8,10-25%
7125,Morocco,F,Age,35-49,... if she refuses to have sex with him,47.9,10-25%
7126,Morocco,F,Education,Higher,... for at least one specific reason,20.8,10-25%
7127,Morocco,F,Education,No education,... for at least one specific reason,78.5,10-25%
7128,Morocco,F,Education,Primary,... for at least one specific reason,65.9,10-25%
7129,Morocco,F,Education,Secondary,... for at least one specific reason,42,10-25%
7130,Morocco,F,Education,Higher,... if she argues with him,9.8,10-25%
7131,Morocco,F,Education,No education,... if she argues with him,66.1,10-25%
7132,Morocco,F,Education,Primary,... if she argues with him,52,10-25%
7133,Morocco,F,Education,Secondary,... if she argues with him,27.7,10-25%
7134,Morocco,F,Education,Higher,... if she burns the food,1.1,10-25%
7135,Morocco,F,Education,No education,... if she burns the food,36.4,10-25%
7136,Morocco,F,Education,Primary,... if she burns the food,19.5,10-25%
7137,Morocco,F,Education,Secondary,... if she burns the food,6,10-25%
7138,Morocco,F,Education,Higher,... if she goes out without telling him,6.5,10-25%
7139,Morocco,F,Education,No education,... if she goes out without telling him,67.5,10-25%
7140,Morocco,F,Education,Primary,... if she goes out without telling him,49.6,10-25%
7141,Morocco,F,Education,Secondary,... if she goes out without telling him,22.6,10-25%
7142,Morocco,F,Education,Higher,... if she neglects the children,10.6,10-25%
7143,Morocco,F,Education,No education,... if she neglects the children,65.3,10-25%
7144,Morocco,F,Education,Primary,... if she neglects the children,49.3,10-25%
7145,Morocco,F,Education,Secondary,... if she neglects the children,25.7,10-25%
7146,Morocco,F,Education,Higher,... if she refuses to have sex with him,9.4,10-25%
7147,Morocco,F,Education,No education,... if she refuses to have sex with him,58.9,10-25%
7148,Morocco,F,Education,Primary,... if she refuses to have sex with him,40.6,10-25%
7149,Morocco,F,Education,Secondary,... if she refuses to have sex with him,19.3,10-25%
7150,Morocco,F,Employment,Employed for cash,... for at least one specific reason,50.3,10-25%
7151,Morocco,F,Employment,Employed for kind,... for at least one specific reason,86.1,10-25%
7152,Morocco,F,Employment,Unemployed,... for at least one specific reason,65.5,10-25%
7153,Morocco,F,Employment,Employed for cash,... if she argues with him,37,10-25%
7154,Morocco,F,Employment,Employed for kind,... if she argues with him,76.5,10-25%
7155,Morocco,F,Employment,Unemployed,... if she argues with him,52.2,10-25%
7156,Morocco,F,Employment,Employed for cash,... if she burns the food,16,10-25%
7157,Morocco,F,Employment,Employed for kind,... if she burns the food,46.4,10-25%
7158,Morocco,F,Employment,Unemployed,... if she burns the food,24,10-25%
7159,Morocco,F,Employment,Employed for cash,... if she goes out without telling him,33.7,10-25%
7160,Morocco,F,Employment,Employed for kind,... if she goes out without telling him,77,10-25%
7161,Morocco,F,Employment,Unemployed,... if she goes out without telling him,51.3,10-25%
7162,Morocco,F,Employment,Employed for cash,... if she neglects the children,35.7,10-25%
7163,Morocco,F,Employment,Employed for kind,... if she neglects the children,75.6,10-25%
7164,Morocco,F,Employment,Unemployed,... if she neglects the children,50.8,10-25%
7165,Morocco,F,Employment,Employed for cash,... if she refuses to have sex with him,32.6,10-25%
7166,Morocco,F,Employment,Employed for kind,... if she refuses to have sex with him,68.7,10-25%
7167,Morocco,F,Employment,Unemployed,... if she refuses to have sex with him,43.5,10-25%
7168,Morocco,F,Marital status,Married or living together,... for at least one specific reason,68.3,10-25%
7169,Morocco,F,Marital status,Never married,... for at least one specific reason,58.2,10-25%
7170,Morocco,F,Marital status,"Widowed, divorced, separated",... for at least one specific reason,64.9,10-25%
7171,Morocco,F,Marital status,Married or living together,... if she argues with him,55.9,10-25%
7172,Morocco,F,Marital status,Never married,... if she argues with him,44.1,10-25%
7173,Morocco,F,Marital status,"Widowed, divorced, separated",... if she argues with him,53.3,10-25%
7174,Morocco,F,Marital status,Married or living together,... if she burns the food,25.7,10-25%
7175,Morocco,F,Marital status,Never married,... if she burns the food,20.4,10-25%
7176,Morocco,F,Marital status,"Widowed, divorced, separated",... if she burns the food,28.9,10-25%
7177,Morocco,F,Marital status,Married or living together,... if she goes out without telling him,55,10-25%
7178,Morocco,F,Marital status,Never married,... if she goes out without telling him,42.2,10-25%
7179,Morocco,F,Marital status,"Widowed, divorced, separated",... if she goes out without telling him,54,10-25%
7180,Morocco,F,Marital status,Married or living together,... if she neglects the children,53.4,10-25%
7181,Morocco,F,Marital status,Never married,... if she neglects the children,44.1,10-25%
7182,Morocco,F,Marital status,"Widowed, divorced, separated",... if she neglects the children,51.6,10-25%
7183,Morocco,F,Marital status,Married or living together,... if she refuses to have sex with him,48.5,10-25%
7184,Morocco,F,Marital status,Never married,... if she refuses to have sex with him,34.6,10-25%
7185,Morocco,F,Marital status,"Widowed, divorced, separated",... if she refuses to have sex with him,51.3,10-25%
7186,Morocco,F,Residence,Rural,... for at least one specific reason,81.9,10-25%
7187,Morocco,F,Residence,Urban,... for at least one specific reason,52.1,10-25%
7188,Morocco,F,Residence,Rural,... if she argues with him,70.5,10-25%
7189,Morocco,F,Residence,Urban,... if she argues with him,37.9,10-25%
7190,Morocco,F,Residence,Rural,... if she burns the food,40.8,10-25%
7191,Morocco,F,Residence,Urban,... if she burns the food,12.4,10-25%
7192,Morocco,F,Residence,Rural,... if she goes out without telling him,72.4,10-25%
7193,Morocco,F,Residence,Urban,... if she goes out without telling him,34.6,10-25%
7194,Morocco,F,Residence,Rural,... if she neglects the children,70,10-25%
7195,Morocco,F,Residence,Urban,... if she neglects the children,35.9,10-25%
7196,Morocco,F,Residence,Rural,... if she refuses to have sex with him,61.9,10-25%
7197,Morocco,F,Residence,Urban,... if she refuses to have sex with him,30.3,10-25%
7198,Mozambique,F,Age,15-24,... for at least one specific reason,13.3,<10%
7199,Mozambique,F,Age,25-34,... for at least one specific reason,12.7,<10%
7200,Mozambique,F,Age,35-49,... for at least one specific reason,13.8,<10%
7201,Mozambique,F,Age,15-24,... if she argues with him,6.2,<10%
7202,Mozambique,F,Age,25-34,... if she argues with him,6.3,<10%
7203,Mozambique,F,Age,35-49,... if she argues with him,7.3,<10%
7204,Mozambique,F,Age,15-24,... if she burns the food,2.4,<10%
7205,Mozambique,F,Age,25-34,... if she burns the food,2.4,<10%
7206,Mozambique,F,Age,35-49,... if she burns the food,2.4,<10%
7207,Mozambique,F,Age,15-24,... if she goes out without telling him,6.9,<10%
7208,Mozambique,F,Age,25-34,... if she goes out without telling him,7.4,<10%
7209,Mozambique,F,Age,35-49,... if she goes out without telling him,8.3,<10%
7210,Mozambique,F,Age,15-24,... if she neglects the children,4.3,<10%
7211,Mozambique,F,Age,25-34,... if she neglects the children,3.7,<10%
7212,Mozambique,F,Age,35-49,... if she neglects the children,4.7,<10%
7213,Mozambique,F,Age,15-24,... if she refuses to have sex with him,4.9,<10%
7214,Mozambique,F,Age,25-34,... if she refuses to have sex with him,5.4,<10%
7215,Mozambique,F,Age,35-49,... if she refuses to have sex with him,6,<10%
7216,Mozambique,F,Education,Higher,... for at least one specific reason,8.6,<10%
7217,Mozambique,F,Education,No education,... for at least one specific reason,14.2,<10%
7218,Mozambique,F,Education,Primary,... for at least one specific reason,14.3,<10%
7219,Mozambique,F,Education,Secondary,... for at least one specific reason,9.9,<10%
7220,Mozambique,F,Education,Higher,... if she argues with him,5.5,<10%
7221,Mozambique,F,Education,No education,... if she argues with him,7.9,<10%
7222,Mozambique,F,Education,Primary,... if she argues with him,6.4,<10%
7223,Mozambique,F,Education,Secondary,... if she argues with him,5.2,<10%
7224,Mozambique,F,Education,Higher,... if she burns the food,0.4,<10%
7225,Mozambique,F,Education,No education,... if she burns the food,2.5,<10%
7226,Mozambique,F,Education,Primary,... if she burns the food,2.5,<10%
7227,Mozambique,F,Education,Secondary,... if she burns the food,2.2,<10%
7228,Mozambique,F,Education,Higher,... if she goes out without telling him,1,<10%
7229,Mozambique,F,Education,No education,... if she goes out without telling him,8.7,<10%
7230,Mozambique,F,Education,Primary,... if she goes out without telling him,8.1,<10%
7231,Mozambique,F,Education,Secondary,... if she goes out without telling him,4.9,<10%
7232,Mozambique,F,Education,Higher,... if she neglects the children,1,<10%
7233,Mozambique,F,Education,No education,... if she neglects the children,3.4,<10%
7234,Mozambique,F,Education,Primary,... if she neglects the children,4.8,<10%
7235,Mozambique,F,Education,Secondary,... if she neglects the children,4.3,<10%
7236,Mozambique,F,Education,Higher,... if she refuses to have sex with him,1,<10%
7237,Mozambique,F,Education,No education,... if she refuses to have sex with him,5.2,<10%
7238,Mozambique,F,Education,Primary,... if she refuses to have sex with him,6.4,<10%
7239,Mozambique,F,Education,Secondary,... if she refuses to have sex with him,3.5,<10%
7240,Mozambique,F,Employment,Employed for cash,... for at least one specific reason,15.3,<10%
7241,Mozambique,F,Employment,Employed for kind,... for at least one specific reason,16.2,<10%
7242,Mozambique,F,Employment,Unemployed,... for at least one specific reason,11.3,<10%
7243,Mozambique,F,Employment,Employed for cash,... if she argues with him,8.2,<10%
7244,Mozambique,F,Employment,Employed for kind,... if she argues with him,6,<10%
7245,Mozambique,F,Employment,Unemployed,... if she argues with him,5.9,<10%
7246,Mozambique,F,Employment,Employed for cash,... if she burns the food,2.2,<10%
7247,Mozambique,F,Employment,Employed for kind,... if she burns the food,3.6,<10%
7248,Mozambique,F,Employment,Unemployed,... if she burns the food,2.1,<10%
7249,Mozambique,F,Employment,Employed for cash,... if she goes out without telling him,10.3,<10%
7250,Mozambique,F,Employment,Employed for kind,... if she goes out without telling him,10.1,<10%
7251,Mozambique,F,Employment,Unemployed,... if she goes out without telling him,5.2,<10%
7252,Mozambique,F,Employment,Employed for cash,... if she neglects the children,5.1,<10%
7253,Mozambique,F,Employment,Employed for kind,... if she neglects the children,5.8,<10%
7254,Mozambique,F,Employment,Unemployed,... if she neglects the children,3.3,<10%
7255,Mozambique,F,Employment,Employed for cash,... if she refuses to have sex with him,5.3,<10%
7256,Mozambique,F,Employment,Employed for kind,... if she refuses to have sex with him,7.2,<10%
7257,Mozambique,F,Employment,Unemployed,... if she refuses to have sex with him,4.8,<10%
7258,Mozambique,F,Marital status,Married or living together,... for at least one specific reason,13.1,<10%
7259,Mozambique,F,Marital status,Never married,... for at least one specific reason,12.3,<10%
7260,Mozambique,F,Marital status,"Widowed, divorced, separated",... for at least one specific reason,14.6,<10%
7261,Mozambique,F,Marital status,Married or living together,... if she argues with him,6.6,<10%
7262,Mozambique,F,Marital status,Never married,... if she argues with him,5.7,<10%
7263,Mozambique,F,Marital status,"Widowed, divorced, separated",... if she argues with him,7.4,<10%
7264,Mozambique,F,Marital status,Married or living together,... if she burns the food,2.2,<10%
7265,Mozambique,F,Marital status,Never married,... if she burns the food,2.2,<10%
7266,Mozambique,F,Marital status,"Widowed, divorced, separated",... if she burns the food,3.2,<10%
7267,Mozambique,F,Marital status,Married or living together,... if she goes out without telling him,7.7,<10%
7268,Mozambique,F,Marital status,Never married,... if she goes out without telling him,5.6,<10%
7269,Mozambique,F,Marital status,"Widowed, divorced, separated",... if she goes out without telling him,8.4,<10%
7270,Mozambique,F,Marital status,Married or living together,... if she neglects the children,4,<10%
7271,Mozambique,F,Marital status,Never married,... if she neglects the children,5,<10%
7272,Mozambique,F,Marital status,"Widowed, divorced, separated",... if she neglects the children,4.5,<10%
7273,Mozambique,F,Marital status,Married or living together,... if she refuses to have sex with him,5.5,<10%
7274,Mozambique,F,Marital status,Never married,... if she refuses to have sex with him,3.7,<10%
7275,Mozambique,F,Marital status,"Widowed, divorced, separated",... if she refuses to have sex with him,6.4,<10%
7276,Mozambique,F,Residence,Rural,... for at least one specific reason,14.1,<10%
7277,Mozambique,F,Residence,Urban,... for at least one specific reason,11.7,<10%
7278,Mozambique,F,Residence,Rural,... if she argues with him,7.2,<10%
7279,Mozambique,F,Residence,Urban,... if she argues with him,5.4,<10%
7280,Mozambique,F,Residence,Rural,... if she burns the food,2.7,<10%
7281,Mozambique,F,Residence,Urban,... if she burns the food,1.8,<10%
7282,Mozambique,F,Residence,Rural,... if she goes out without telling him,8.1,<10%
7283,Mozambique,F,Residence,Urban,... if she goes out without telling him,6.4,<10%
7284,Mozambique,F,Residence,Rural,... if she neglects the children,4.1,<10%
7285,Mozambique,F,Residence,Urban,... if she neglects the children,4.5,<10%
7286,Mozambique,F,Residence,Rural,... if she refuses to have sex with him,6.2,<10%
7287,Mozambique,F,Residence,Urban,... if she refuses to have sex with him,3.9,<10%
7288,Mozambique,M,Age,15-24,... for at least one specific reason,18.6,<10%
7289,Mozambique,M,Age,25-34,... for at least one specific reason,15.6,<10%
7290,Mozambique,M,Age,35-49,... for at least one specific reason,14.7,<10%
7291,Mozambique,M,Age,15-24,... if she argues with him,9.7,<10%
7292,Mozambique,M,Age,25-34,... if she argues with him,8.1,<10%
7293,Mozambique,M,Age,35-49,... if she argues with him,7.6,<10%
7294,Mozambique,M,Age,15-24,... if she burns the food,6.6,<10%
7295,Mozambique,M,Age,25-34,... if she burns the food,5,<10%
7296,Mozambique,M,Age,35-49,... if she burns the food,4.3,<10%
7297,Mozambique,M,Age,15-24,... if she goes out without telling him,9.3,<10%
7298,Mozambique,M,Age,25-34,... if she goes out without telling him,7.1,<10%
7299,Mozambique,M,Age,35-49,... if she goes out without telling him,5.9,<10%
7300,Mozambique,M,Age,15-24,... if she neglects the children,9.7,<10%
7301,Mozambique,M,Age,25-34,... if she neglects the children,6.5,<10%
7302,Mozambique,M,Age,35-49,... if she neglects the children,5.2,<10%
7303,Mozambique,M,Age,15-24,... if she refuses to have sex with him,7.6,<10%
7304,Mozambique,M,Age,25-34,... if she refuses to have sex with him,6.6,<10%
7305,Mozambique,M,Age,35-49,... if she refuses to have sex with him,5.4,<10%
7306,Mozambique,M,Education,Higher,... for at least one specific reason,3.9,<10%
7307,Mozambique,M,Education,No education,... for at least one specific reason,26.2,<10%
7308,Mozambique,M,Education,Primary,... for at least one specific reason,17.7,<10%
7309,Mozambique,M,Education,Secondary,... for at least one specific reason,13.2,<10%
7310,Mozambique,M,Education,Higher,... if she argues with him,1.7,<10%
7311,Mozambique,M,Education,No education,... if she argues with him,14.2,<10%
7312,Mozambique,M,Education,Primary,... if she argues with him,9.7,<10%
7313,Mozambique,M,Education,Secondary,... if she argues with him,5.8,<10%
7314,Mozambique,M,Education,Higher,... if she burns the food,0,<10%
7315,Mozambique,M,Education,No education,... if she burns the food,10.6,<10%
7316,Mozambique,M,Education,Primary,... if she burns the food,6.5,<10%
7317,Mozambique,M,Education,Secondary,... if she burns the food,2.8,<10%
7318,Mozambique,M,Education,Higher,... if she goes out without telling him,0.9,<10%
7319,Mozambique,M,Education,No education,... if she goes out without telling him,10.1,<10%
7320,Mozambique,M,Education,Primary,... if she goes out without telling him,8.5,<10%
7321,Mozambique,M,Education,Secondary,... if she goes out without telling him,6.3,<10%
7322,Mozambique,M,Education,Higher,... if she neglects the children,0.4,<10%
7323,Mozambique,M,Education,No education,... if she neglects the children,10.8,<10%
7324,Mozambique,M,Education,Primary,... if she neglects the children,8.4,<10%
7325,Mozambique,M,Education,Secondary,... if she neglects the children,5.6,<10%
7326,Mozambique,M,Education,Higher,... if she refuses to have sex with him,1.3,<10%
7327,Mozambique,M,Education,No education,... if she refuses to have sex with him,10.1,<10%
7328,Mozambique,M,Education,Primary,... if she refuses to have sex with him,8.1,<10%
7329,Mozambique,M,Education,Secondary,... if she refuses to have sex with him,3.8,<10%
7330,Mozambique,M,Employment,Employed for cash,... for at least one specific reason,15.8,<10%
7331,Mozambique,M,Employment,Employed for kind,... for at least one specific reason,18.2,<10%
7332,Mozambique,M,Employment,Unemployed,... for at least one specific reason,18,<10%
7333,Mozambique,M,Employment,Employed for cash,... if she argues with him,8.4,<10%
7334,Mozambique,M,Employment,Employed for kind,... if she argues with him,6.3,<10%
7335,Mozambique,M,Employment,Unemployed,... if she argues with him,10.8,<10%
7336,Mozambique,M,Employment,Employed for cash,... if she burns the food,5.5,<10%
7337,Mozambique,M,Employment,Employed for kind,... if she burns the food,5.6,<10%
7338,Mozambique,M,Employment,Unemployed,... if she burns the food,5.4,<10%
7339,Mozambique,M,Employment,Employed for cash,... if she goes out without telling him,6.9,<10%
7340,Mozambique,M,Employment,Employed for kind,... if she goes out without telling him,11.4,<10%
7341,Mozambique,M,Employment,Unemployed,... if she goes out without telling him,7.6,<10%
7342,Mozambique,M,Employment,Employed for cash,... if she neglects the children,7,<10%
7343,Mozambique,M,Employment,Employed for kind,... if she neglects the children,10.3,<10%
7344,Mozambique,M,Employment,Unemployed,... if she neglects the children,6.9,<10%
7345,Mozambique,M,Employment,Employed for cash,... if she refuses to have sex with him,6.4,<10%
7346,Mozambique,M,Employment,Employed for kind,... if she refuses to have sex with him,6.9,<10%
7347,Mozambique,M,Employment,Unemployed,... if she refuses to have sex with him,7.5,<10%
7348,Mozambique,M,Marital status,Married or living together,... for at least one specific reason,16.5,<10%
7349,Mozambique,M,Marital status,Never married,... for at least one specific reason,16.9,<10%
7350,Mozambique,M,Marital status,"Widowed, divorced, separated",... for at least one specific reason,16.2,<10%
7351,Mozambique,M,Marital status,Married or living together,... if she argues with him,8.5,<10%
7352,Mozambique,M,Marital status,Never married,... if she argues with him,8.9,<10%
7353,Mozambique,M,Marital status,"Widowed, divorced, separated",... if she argues with him,8.4,<10%
7354,Mozambique,M,Marital status,Married or living together,... if she burns the food,5.4,<10%
7355,Mozambique,M,Marital status,Never married,... if she burns the food,5.6,<10%
7356,Mozambique,M,Marital status,"Widowed, divorced, separated",... if she burns the food,6.3,<10%
7357,Mozambique,M,Marital status,Married or living together,... if she goes out without telling him,7.2,<10%
7358,Mozambique,M,Marital status,Never married,... if she goes out without telling him,8.8,<10%
7359,Mozambique,M,Marital status,"Widowed, divorced, separated",... if she goes out without telling him,6.5,<10%
7360,Mozambique,M,Marital status,Married or living together,... if she neglects the children,6.9,<10%
7361,Mozambique,M,Marital status,Never married,... if she neglects the children,8.7,<10%
7362,Mozambique,M,Marital status,"Widowed, divorced, separated",... if she neglects the children,6.9,<10%
7363,Mozambique,M,Marital status,Married or living together,... if she refuses to have sex with him,6.2,<10%
7364,Mozambique,M,Marital status,Never married,... if she refuses to have sex with him,7.5,<10%
7365,Mozambique,M,Marital status,"Widowed, divorced, separated",... if she refuses to have sex with him,7.7,<10%
7366,Mozambique,M,Residence,Rural,... for at least one specific reason,17.8,<10%
7367,Mozambique,M,Residence,Urban,... for at least one specific reason,14.8,<10%
7368,Mozambique,M,Residence,Rural,... if she argues with him,9.3,<10%
7369,Mozambique,M,Residence,Urban,... if she argues with him,7.7,<10%
7370,Mozambique,M,Residence,Rural,... if she burns the food,5.8,<10%
7371,Mozambique,M,Residence,Urban,... if she burns the food,4.9,<10%
7372,Mozambique,M,Residence,Rural,... if she goes out without telling him,8.3,<10%
7373,Mozambique,M,Residence,Urban,... if she goes out without telling him,6.7,<10%
7374,Mozambique,M,Residence,Rural,... if she neglects the children,7.7,<10%
7375,Mozambique,M,Residence,Urban,... if she neglects the children,7.2,<10%
7376,Mozambique,M,Residence,Rural,... if she refuses to have sex with him,8,<10%
7377,Mozambique,M,Residence,Urban,... if she refuses to have sex with him,4.7,<10%
7378,Myanmar,F,Age,15-24,... for at least one specific reason,53,>25%
7379,Myanmar,F,Age,25-34,... for at least one specific reason,51.6,>25%
7380,Myanmar,F,Age,35-49,... for at least one specific reason,49.6,>25%
7381,Myanmar,F,Age,15-24,... if she argues with him,9.2,>25%
7382,Myanmar,F,Age,25-34,... if she argues with him,9.8,>25%
7383,Myanmar,F,Age,35-49,... if she argues with him,11.1,>25%
7384,Myanmar,F,Age,15-24,... if she burns the food,11.1,>25%
7385,Myanmar,F,Age,25-34,... if she burns the food,12.7,>25%
7386,Myanmar,F,Age,35-49,... if she burns the food,13.9,>25%
7387,Myanmar,F,Age,15-24,... if she goes out without telling him,18.2,>25%
7388,Myanmar,F,Age,25-34,... if she goes out without telling him,21.7,>25%
7389,Myanmar,F,Age,35-49,... if she goes out without telling him,23.9,>25%
7390,Myanmar,F,Age,15-24,... if she neglects the children,43.4,>25%
7391,Myanmar,F,Age,25-34,... if she neglects the children,42.5,>25%
7392,Myanmar,F,Age,35-49,... if she neglects the children,40.8,>25%
7393,Myanmar,F,Age,15-24,... if she refuses to have sex with him,9.3,>25%
7394,Myanmar,F,Age,25-34,... if she refuses to have sex with him,9.7,>25%
7395,Myanmar,F,Age,35-49,... if she refuses to have sex with him,11.7,>25%
7396,Myanmar,F,Education,Higher,... for at least one specific reason,33.4,>25%
7397,Myanmar,F,Education,No education,... for at least one specific reason,52.1,>25%
7398,Myanmar,F,Education,Primary,... for at least one specific reason,54.7,>25%
7399,Myanmar,F,Education,Secondary,... for at least one specific reason,51.9,>25%
7400,Myanmar,F,Education,Higher,... if she argues with him,5.3,>25%
7401,Myanmar,F,Education,No education,... if she argues with him,14.4,>25%
7402,Myanmar,F,Education,Primary,... if she argues with him,11.5,>25%
7403,Myanmar,F,Education,Secondary,... if she argues with him,8.5,>25%
7404,Myanmar,F,Education,Higher,... if she burns the food,3.1,>25%
7405,Myanmar,F,Education,No education,... if she burns the food,16,>25%
7406,Myanmar,F,Education,Primary,... if she burns the food,16.3,>25%
7407,Myanmar,F,Education,Secondary,... if she burns the food,10.3,>25%
7408,Myanmar,F,Education,Higher,... if she goes out without telling him,8.4,>25%
7409,Myanmar,F,Education,No education,... if she goes out without telling him,26.3,>25%
7410,Myanmar,F,Education,Primary,... if she goes out without telling him,25.6,>25%
7411,Myanmar,F,Education,Secondary,... if she goes out without telling him,19.3,>25%
7412,Myanmar,F,Education,Higher,... if she neglects the children,26.4,>25%
7413,Myanmar,F,Education,No education,... if she neglects the children,41.8,>25%
7414,Myanmar,F,Education,Primary,... if she neglects the children,45.2,>25%
7415,Myanmar,F,Education,Secondary,... if she neglects the children,43,>25%
7416,Myanmar,F,Education,Higher,... if she refuses to have sex with him,4.3,>25%
7417,Myanmar,F,Education,No education,... if she refuses to have sex with him,14.2,>25%
7418,Myanmar,F,Education,Primary,... if she refuses to have sex with him,12.4,>25%
7419,Myanmar,F,Education,Secondary,... if she refuses to have sex with him,8.6,>25%
7420,Myanmar,F,Employment,Employed for cash,... for at least one specific reason,52.1,>25%
7421,Myanmar,F,Employment,Employed for kind,... for at least one specific reason,57.1,>25%
7422,Myanmar,F,Employment,Unemployed,... for at least one specific reason,47.7,>25%
7423,Myanmar,F,Employment,Employed for cash,... if she argues with him,10.1,>25%
7424,Myanmar,F,Employment,Employed for kind,... if she argues with him,12.7,>25%
7425,Myanmar,F,Employment,Unemployed,... if she argues with him,9.6,>25%
7426,Myanmar,F,Employment,Employed for cash,... if she burns the food,13.2,>25%
7427,Myanmar,F,Employment,Employed for kind,... if she burns the food,15.4,>25%
7428,Myanmar,F,Employment,Unemployed,... if she burns the food,11.1,>25%
7429,Myanmar,F,Employment,Employed for cash,... if she goes out without telling him,22.5,>25%
7430,Myanmar,F,Employment,Employed for kind,... if she goes out without telling him,24.7,>25%
7431,Myanmar,F,Employment,Unemployed,... if she goes out without telling him,18.7,>25%
7432,Myanmar,F,Employment,Employed for cash,... if she neglects the children,42.9,>25%
7433,Myanmar,F,Employment,Employed for kind,... if she neglects the children,45,>25%
7434,Myanmar,F,Employment,Unemployed,... if she neglects the children,39.4,>25%
7435,Myanmar,F,Employment,Employed for cash,... if she refuses to have sex with him,10.3,>25%
7436,Myanmar,F,Employment,Employed for kind,... if she refuses to have sex with him,12.1,>25%
7437,Myanmar,F,Employment,Unemployed,... if she refuses to have sex with him,10.2,>25%
7438,Myanmar,F,Marital status,Married or living together,... for at least one specific reason,50.7,>25%
7439,Myanmar,F,Marital status,Never married,... for at least one specific reason,51.4,>25%
7440,Myanmar,F,Marital status,"Widowed, divorced, separated",... for at least one specific reason,54,>25%
7441,Myanmar,F,Marital status,Married or living together,... if she argues with him,10.1,>25%
7442,Myanmar,F,Marital status,Never married,... if she argues with him,10.2,>25%
7443,Myanmar,F,Marital status,"Widowed, divorced, separated",... if she argues with him,10.4,>25%
7444,Myanmar,F,Marital status,Married or living together,... if she burns the food,13.2,>25%
7445,Myanmar,F,Marital status,Never married,... if she burns the food,11.7,>25%
7446,Myanmar,F,Marital status,"Widowed, divorced, separated",... if she burns the food,13.7,>25%
7447,Myanmar,F,Marital status,Married or living together,... if she goes out without telling him,23.9,>25%
7448,Myanmar,F,Marital status,Never married,... if she goes out without telling him,17.8,>25%
7449,Myanmar,F,Marital status,"Widowed, divorced, separated",... if she goes out without telling him,20.2,>25%
7450,Myanmar,F,Marital status,Married or living together,... if she neglects the children,42.1,>25%
7451,Myanmar,F,Marital status,Never married,... if she neglects the children,41.3,>25%
7452,Myanmar,F,Marital status,"Widowed, divorced, separated",... if she neglects the children,45.2,>25%
7453,Myanmar,F,Marital status,Married or living together,... if she refuses to have sex with him,11,>25%
7454,Myanmar,F,Marital status,Never married,... if she refuses to have sex with him,8.7,>25%
7455,Myanmar,F,Marital status,"Widowed, divorced, separated",... if she refuses to have sex with him,13.8,>25%
7456,Myanmar,F,Residence,Rural,... for at least one specific reason,54.1,>25%
7457,Myanmar,F,Residence,Urban,... for at least one specific reason,44,>25%
7458,Myanmar,F,Residence,Rural,... if she argues with him,11.3,>25%
7459,Myanmar,F,Residence,Urban,... if she argues with him,7.3,>25%
7460,Myanmar,F,Residence,Rural,... if she burns the food,14.2,>25%
7461,Myanmar,F,Residence,Urban,... if she burns the food,9.1,>25%
7462,Myanmar,F,Residence,Rural,... if she goes out without telling him,24.4,>25%
7463,Myanmar,F,Residence,Urban,... if she goes out without telling him,14.9,>25%
7464,Myanmar,F,Residence,Rural,... if she neglects the children,44.8,>25%
7465,Myanmar,F,Residence,Urban,... if she neglects the children,35.4,>25%
7466,Myanmar,F,Residence,Rural,... if she refuses to have sex with him,11.7,>25%
7467,Myanmar,F,Residence,Urban,... if she refuses to have sex with him,7.4,>25%
7468,Myanmar,M,Age,15-24,... for at least one specific reason,55.8,>25%
7469,Myanmar,M,Age,25-34,... for at least one specific reason,49,>25%
7470,Myanmar,M,Age,35-49,... for at least one specific reason,43.9,>25%
7471,Myanmar,M,Age,15-24,... if she argues with him,14.6,>25%
7472,Myanmar,M,Age,25-34,... if she argues with him,12.1,>25%
7473,Myanmar,M,Age,35-49,... if she argues with him,13,>25%
7474,Myanmar,M,Age,15-24,... if she burns the food,9.8,>25%
7475,Myanmar,M,Age,25-34,... if she burns the food,6.7,>25%
7476,Myanmar,M,Age,35-49,... if she burns the food,7.7,>25%
7477,Myanmar,M,Age,15-24,... if she goes out without telling him,19.1,>25%
7478,Myanmar,M,Age,25-34,... if she goes out without telling him,14.2,>25%
7479,Myanmar,M,Age,35-49,... if she goes out without telling him,16.3,>25%
7480,Myanmar,M,Age,15-24,... if she neglects the children,46.2,>25%
7481,Myanmar,M,Age,25-34,... if she neglects the children,39.8,>25%
7482,Myanmar,M,Age,35-49,... if she neglects the children,35,>25%
7483,Myanmar,M,Age,15-24,... if she refuses to have sex with him,14.6,>25%
7484,Myanmar,M,Age,25-34,... if she refuses to have sex with him,8.8,>25%
7485,Myanmar,M,Age,35-49,... if she refuses to have sex with him,7.7,>25%
7486,Myanmar,M,Education,Higher,... for at least one specific reason,34.9,>25%
7487,Myanmar,M,Education,No education,... for at least one specific reason,42.6,>25%
7488,Myanmar,M,Education,Primary,... for at least one specific reason,48.2,>25%
7489,Myanmar,M,Education,Secondary,... for at least one specific reason,53.5,>25%
7490,Myanmar,M,Education,Higher,... if she argues with him,6,>25%
7491,Myanmar,M,Education,No education,... if she argues with him,17.8,>25%
7492,Myanmar,M,Education,Primary,... if she argues with him,12.6,>25%
7493,Myanmar,M,Education,Secondary,... if she argues with him,13.6,>25%
7494,Myanmar,M,Education,Higher,... if she burns the food,3.5,>25%
7495,Myanmar,M,Education,No education,... if she burns the food,6.8,>25%
7496,Myanmar,M,Education,Primary,... if she burns the food,9.8,>25%
7497,Myanmar,M,Education,Secondary,... if she burns the food,7.8,>25%
7498,Myanmar,M,Education,Higher,... if she goes out without telling him,9.1,>25%
7499,Myanmar,M,Education,No education,... if she goes out without telling him,14.8,>25%
7500,Myanmar,M,Education,Primary,... if she goes out without telling him,17.8,>25%
7501,Myanmar,M,Education,Secondary,... if she goes out without telling him,17.2,>25%
7502,Myanmar,M,Education,Higher,... if she neglects the children,32.6,>25%
7503,Myanmar,M,Education,No education,... if she neglects the children,29.6,>25%
7504,Myanmar,M,Education,Primary,... if she neglects the children,38.7,>25%
7505,Myanmar,M,Education,Secondary,... if she neglects the children,44.4,>25%
7506,Myanmar,M,Education,Higher,... if she refuses to have sex with him,5.5,>25%
7507,Myanmar,M,Education,No education,... if she refuses to have sex with him,9.5,>25%
7508,Myanmar,M,Education,Primary,... if she refuses to have sex with him,9.9,>25%
7509,Myanmar,M,Education,Secondary,... if she refuses to have sex with him,11.1,>25%
7510,Myanmar,M,Employment,Employed for cash,... for at least one specific reason,48.4,>25%
7511,Myanmar,M,Employment,Employed for kind,... for at least one specific reason,53.4,>25%
7512,Myanmar,M,Employment,Unemployed,... for at least one specific reason,52.3,>25%
7513,Myanmar,M,Employment,Employed for cash,... if she argues with him,12.7,>25%
7514,Myanmar,M,Employment,Employed for kind,... if she argues with him,18.1,>25%
7515,Myanmar,M,Employment,Unemployed,... if she argues with him,15.4,>25%
7516,Myanmar,M,Employment,Employed for cash,... if she burns the food,7.9,>25%
7517,Myanmar,M,Employment,Employed for kind,... if she burns the food,10.1,>25%
7518,Myanmar,M,Employment,Unemployed,... if she burns the food,7.6,>25%
7519,Myanmar,M,Employment,Employed for cash,... if she goes out without telling him,16.3,>25%
7520,Myanmar,M,Employment,Employed for kind,... if she goes out without telling him,19.8,>25%
7521,Myanmar,M,Employment,Unemployed,... if she goes out without telling him,16.5,>25%
7522,Myanmar,M,Employment,Employed for cash,... if she neglects the children,39.6,>25%
7523,Myanmar,M,Employment,Employed for kind,... if she neglects the children,41.1,>25%
7524,Myanmar,M,Employment,Unemployed,... if she neglects the children,40.4,>25%
7525,Myanmar,M,Employment,Employed for cash,... if she refuses to have sex with him,9.7,>25%
7526,Myanmar,M,Employment,Employed for kind,... if she refuses to have sex with him,12.7,>25%
7527,Myanmar,M,Employment,Unemployed,... if she refuses to have sex with him,11.9,>25%
7528,Myanmar,M,Marital status,Married or living together,... for at least one specific reason,44.8,>25%
7529,Myanmar,M,Marital status,Never married,... for at least one specific reason,55.4,>25%
7530,Myanmar,M,Marital status,"Widowed, divorced, separated",... for at least one specific reason,61.3,>25%
7531,Myanmar,M,Marital status,Married or living together,... if she argues with him,12.2,>25%
7532,Myanmar,M,Marital status,Never married,... if she argues with him,14.2,>25%
7533,Myanmar,M,Marital status,"Widowed, divorced, separated",... if she argues with him,24.1,>25%
7534,Myanmar,M,Marital status,Married or living together,... if she burns the food,6.8,>25%
7535,Myanmar,M,Marital status,Never married,... if she burns the food,9.8,>25%
7536,Myanmar,M,Marital status,"Widowed, divorced, separated",... if she burns the food,13.1,>25%
7537,Myanmar,M,Marital status,Married or living together,... if she goes out without telling him,15.2,>25%
7538,Myanmar,M,Marital status,Never married,... if she goes out without telling him,18.1,>25%
7539,Myanmar,M,Marital status,"Widowed, divorced, separated",... if she goes out without telling him,26.8,>25%
7540,Myanmar,M,Marital status,Married or living together,... if she neglects the children,36.6,>25%
7541,Myanmar,M,Marital status,Never married,... if she neglects the children,44.9,>25%
7542,Myanmar,M,Marital status,"Widowed, divorced, separated",... if she neglects the children,45.5,>25%
7543,Myanmar,M,Marital status,Married or living together,... if she refuses to have sex with him,7.2,>25%
7544,Myanmar,M,Marital status,Never married,... if she refuses to have sex with him,15.3,>25%
7545,Myanmar,M,Marital status,"Widowed, divorced, separated",... if she refuses to have sex with him,10.3,>25%
7546,Myanmar,M,Residence,Rural,... for at least one specific reason,48.8,>25%
7547,Myanmar,M,Residence,Urban,... for at least one specific reason,49.5,>25%
7548,Myanmar,M,Residence,Rural,... if she argues with him,14.2,>25%
7549,Myanmar,M,Residence,Urban,... if she argues with him,10.7,>25%
7550,Myanmar,M,Residence,Rural,... if she burns the food,8.3,>25%
7551,Myanmar,M,Residence,Urban,... if she burns the food,7.3,>25%
7552,Myanmar,M,Residence,Rural,... if she goes out without telling him,17.4,>25%
7553,Myanmar,M,Residence,Urban,... if she goes out without telling him,14.3,>25%
7554,Myanmar,M,Residence,Rural,... if she neglects the children,39,>25%
7555,Myanmar,M,Residence,Urban,... if she neglects the children,41.5,>25%
7556,Myanmar,M,Residence,Rural,... if she refuses to have sex with him,9.5,>25%
7557,Myanmar,M,Residence,Urban,... if she refuses to have sex with him,11.6,>25%
7558,Namibia,F,Age,15-24,... for at least one specific reason,27.7,10-25%
7559,Namibia,F,Age,25-34,... for at least one specific reason,29.1,10-25%
7560,Namibia,F,Age,35-49,... for at least one specific reason,28,10-25%
7561,Namibia,F,Age,15-24,... if she argues with him,10,10-25%
7562,Namibia,F,Age,25-34,... if she argues with him,13.2,10-25%
7563,Namibia,F,Age,35-49,... if she argues with him,12,10-25%
7564,Namibia,F,Age,15-24,... if she burns the food,9.3,10-25%
7565,Namibia,F,Age,25-34,... if she burns the food,10.9,10-25%
7566,Namibia,F,Age,35-49,... if she burns the food,10.1,10-25%
7567,Namibia,F,Age,15-24,... if she goes out without telling him,11.8,10-25%
7568,Namibia,F,Age,25-34,... if she goes out without telling him,13.2,10-25%
7569,Namibia,F,Age,35-49,... if she goes out without telling him,14.2,10-25%
7570,Namibia,F,Age,15-24,... if she neglects the children,19.1,10-25%
7571,Namibia,F,Age,25-34,... if she neglects the children,20.7,10-25%
7572,Namibia,F,Age,35-49,... if she neglects the children,20.1,10-25%
7573,Namibia,F,Age,15-24,... if she refuses to have sex with him,6.2,10-25%
7574,Namibia,F,Age,25-34,... if she refuses to have sex with him,9.3,10-25%
7575,Namibia,F,Age,35-49,... if she refuses to have sex with him,8.6,10-25%
7576,Namibia,F,Education,Higher,... for at least one specific reason,9.8,10-25%
7577,Namibia,F,Education,No education,... for at least one specific reason,43.5,10-25%
7578,Namibia,F,Education,Primary,... for at least one specific reason,40.2,10-25%
7579,Namibia,F,Education,Secondary,... for at least one specific reason,26.4,10-25%
7580,Namibia,F,Education,Higher,... if she argues with him,2.9,10-25%
7581,Namibia,F,Education,No education,... if she argues with him,23.2,10-25%
7582,Namibia,F,Education,Primary,... if she argues with him,19.9,10-25%
7583,Namibia,F,Education,Secondary,... if she argues with him,9.6,10-25%
7584,Namibia,F,Education,Higher,... if she burns the food,1.4,10-25%
7585,Namibia,F,Education,No education,... if she burns the food,20.3,10-25%
7586,Namibia,F,Education,Primary,... if she burns the food,16.6,10-25%
7587,Namibia,F,Education,Secondary,... if she burns the food,8.7,10-25%
7588,Namibia,F,Education,Higher,... if she goes out without telling him,2.6,10-25%
7589,Namibia,F,Education,No education,... if she goes out without telling him,23.3,10-25%
7590,Namibia,F,Education,Primary,... if she goes out without telling him,20.4,10-25%
7591,Namibia,F,Education,Secondary,... if she goes out without telling him,11.6,10-25%
7592,Namibia,F,Education,Higher,... if she neglects the children,6.1,10-25%
7593,Namibia,F,Education,No education,... if she neglects the children,29.6,10-25%
7594,Namibia,F,Education,Primary,... if she neglects the children,27.8,10-25%
7595,Namibia,F,Education,Secondary,... if she neglects the children,19,10-25%
7596,Namibia,F,Education,Higher,... if she refuses to have sex with him,1.8,10-25%
7597,Namibia,F,Education,No education,... if she refuses to have sex with him,17.4,10-25%
7598,Namibia,F,Education,Primary,... if she refuses to have sex with him,14.4,10-25%
7599,Namibia,F,Education,Secondary,... if she refuses to have sex with him,6.1,10-25%
7600,Namibia,F,Employment,Employed for cash,... for at least one specific reason,23.5,10-25%
7601,Namibia,F,Employment,Employed for kind,... for at least one specific reason,38.5,10-25%
7602,Namibia,F,Employment,Unemployed,... for at least one specific reason,31.2,10-25%
7603,Namibia,F,Employment,Employed for cash,... if she argues with him,8.1,10-25%
7604,Namibia,F,Employment,Employed for kind,... if she argues with him,14.2,10-25%
7605,Namibia,F,Employment,Unemployed,... if she argues with him,14,10-25%
7606,Namibia,F,Employment,Employed for cash,... if she burns the food,6.5,10-25%
7607,Namibia,F,Employment,Employed for kind,... if she burns the food,18.9,10-25%
7608,Namibia,F,Employment,Unemployed,... if she burns the food,12.1,10-25%
7609,Namibia,F,Employment,Employed for cash,... if she goes out without telling him,9.9,10-25%
7610,Namibia,F,Employment,Employed for kind,... if she goes out without telling him,17.8,10-25%
7611,Namibia,F,Employment,Unemployed,... if she goes out without telling him,15,10-25%
7612,Namibia,F,Employment,Employed for cash,... if she neglects the children,17.1,10-25%
7613,Namibia,F,Employment,Employed for kind,... if she neglects the children,28.1,10-25%
7614,Namibia,F,Employment,Unemployed,... if she neglects the children,21.5,10-25%
7615,Namibia,F,Employment,Employed for cash,... if she refuses to have sex with him,5.9,10-25%
7616,Namibia,F,Employment,Employed for kind,... if she refuses to have sex with him,13.3,10-25%
7617,Namibia,F,Employment,Unemployed,... if she refuses to have sex with him,8.9,10-25%
7618,Namibia,F,Marital status,Married or living together,... for at least one specific reason,30.1,10-25%
7619,Namibia,F,Marital status,Never married,... for at least one specific reason,26.3,10-25%
7620,Namibia,F,Marital status,"Widowed, divorced, separated",... for at least one specific reason,36.5,10-25%
7621,Namibia,F,Marital status,Married or living together,... if she argues with him,14.9,10-25%
7622,Namibia,F,Marital status,Never married,... if she argues with him,9,10-25%
7623,Namibia,F,Marital status,"Widowed, divorced, separated",... if she argues with him,16.8,10-25%
7624,Namibia,F,Marital status,Married or living together,... if she burns the food,12,10-25%
7625,Namibia,F,Marital status,Never married,... if she burns the food,8.6,10-25%
7626,Namibia,F,Marital status,"Widowed, divorced, separated",... if she burns the food,12.7,10-25%
7627,Namibia,F,Marital status,Married or living together,... if she goes out without telling him,15.6,10-25%
7628,Namibia,F,Marital status,Never married,... if she goes out without telling him,10.5,10-25%
7629,Namibia,F,Marital status,"Widowed, divorced, separated",... if she goes out without telling him,21.1,10-25%
7630,Namibia,F,Marital status,Married or living together,... if she neglects the children,21.2,10-25%
7631,Namibia,F,Marital status,Never married,... if she neglects the children,18.4,10-25%
7632,Namibia,F,Marital status,"Widowed, divorced, separated",... if she neglects the children,26.5,10-25%
7633,Namibia,F,Marital status,Married or living together,... if she refuses to have sex with him,10.7,10-25%
7634,Namibia,F,Marital status,Never married,... if she refuses to have sex with him,5.6,10-25%
7635,Namibia,F,Marital status,"Widowed, divorced, separated",... if she refuses to have sex with him,13.2,10-25%
7636,Namibia,F,Residence,Rural,... for at least one specific reason,37,10-25%
7637,Namibia,F,Residence,Urban,... for at least one specific reason,21.5,10-25%
7638,Namibia,F,Residence,Rural,... if she argues with him,15.7,10-25%
7639,Namibia,F,Residence,Urban,... if she argues with him,8.4,10-25%
7640,Namibia,F,Residence,Rural,... if she burns the food,15.8,10-25%
7641,Namibia,F,Residence,Urban,... if she burns the food,5.6,10-25%
7642,Namibia,F,Residence,Rural,... if she goes out without telling him,18.6,10-25%
7643,Namibia,F,Residence,Urban,... if she goes out without telling him,8.6,10-25%
7644,Namibia,F,Residence,Rural,... if she neglects the children,26.1,10-25%
7645,Namibia,F,Residence,Urban,... if she neglects the children,15.1,10-25%
7646,Namibia,F,Residence,Rural,... if she refuses to have sex with him,11.6,10-25%
7647,Namibia,F,Residence,Urban,... if she refuses to have sex with him,4.9,10-25%
7648,Namibia,M,Age,15-24,... for at least one specific reason,26.7,10-25%
7649,Namibia,M,Age,25-34,... for at least one specific reason,18.5,10-25%
7650,Namibia,M,Age,35-49,... for at least one specific reason,18,10-25%
7651,Namibia,M,Age,15-24,... if she argues with him,11.7,10-25%
7652,Namibia,M,Age,25-34,... if she argues with him,8.2,10-25%
7653,Namibia,M,Age,35-49,... if she argues with him,6.9,10-25%
7654,Namibia,M,Age,15-24,... if she burns the food,6.1,10-25%
7655,Namibia,M,Age,25-34,... if she burns the food,3.6,10-25%
7656,Namibia,M,Age,35-49,... if she burns the food,3.4,10-25%
7657,Namibia,M,Age,15-24,... if she goes out without telling him,11.9,10-25%
7658,Namibia,M,Age,25-34,... if she goes out without telling him,7.4,10-25%
7659,Namibia,M,Age,35-49,... if she goes out without telling him,8.6,10-25%
7660,Namibia,M,Age,15-24,... if she neglects the children,16.2,10-25%
7661,Namibia,M,Age,25-34,... if she neglects the children,12,10-25%
7662,Namibia,M,Age,35-49,... if she neglects the children,13.9,10-25%
7663,Namibia,M,Age,15-24,... if she refuses to have sex with him,3.6,10-25%
7664,Namibia,M,Age,25-34,... if she refuses to have sex with him,3.1,10-25%
7665,Namibia,M,Age,35-49,... if she refuses to have sex with him,1.5,10-25%
7666,Namibia,M,Education,Higher,... for at least one specific reason,12.8,10-25%
7667,Namibia,M,Education,No education,... for at least one specific reason,21.6,10-25%
7668,Namibia,M,Education,Primary,... for at least one specific reason,29.5,10-25%
7669,Namibia,M,Education,Secondary,... for at least one specific reason,20.4,10-25%
7670,Namibia,M,Education,Higher,... if she argues with him,3,10-25%
7671,Namibia,M,Education,No education,... if she argues with him,11,10-25%
7672,Namibia,M,Education,Primary,... if she argues with him,11.7,10-25%
7673,Namibia,M,Education,Secondary,... if she argues with him,9.2,10-25%
7674,Namibia,M,Education,Higher,... if she burns the food,1,10-25%
7675,Namibia,M,Education,No education,... if she burns the food,7.4,10-25%
7676,Namibia,M,Education,Primary,... if she burns the food,7.7,10-25%
7677,Namibia,M,Education,Secondary,... if she burns the food,3.6,10-25%
7678,Namibia,M,Education,Higher,... if she goes out without telling him,5.3,10-25%
7679,Namibia,M,Education,No education,... if she goes out without telling him,11.9,10-25%
7680,Namibia,M,Education,Primary,... if she goes out without telling him,13.9,10-25%
7681,Namibia,M,Education,Secondary,... if she goes out without telling him,8.4,10-25%
7682,Namibia,M,Education,Higher,... if she neglects the children,8.1,10-25%
7683,Namibia,M,Education,No education,... if she neglects the children,14.9,10-25%
7684,Namibia,M,Education,Primary,... if she neglects the children,19.6,10-25%
7685,Namibia,M,Education,Secondary,... if she neglects the children,13.2,10-25%
7686,Namibia,M,Education,Higher,... if she refuses to have sex with him,3,10-25%
7687,Namibia,M,Education,No education,... if she refuses to have sex with him,1.1,10-25%
7688,Namibia,M,Education,Primary,... if she refuses to have sex with him,5.4,10-25%
7689,Namibia,M,Education,Secondary,... if she refuses to have sex with him,2.1,10-25%
7690,Namibia,M,Employment,Employed for cash,... for at least one specific reason,20.3,10-25%
7691,Namibia,M,Employment,Employed for kind,... for at least one specific reason,35.9,10-25%
7692,Namibia,M,Employment,Unemployed,... for at least one specific reason,23.8,10-25%
7693,Namibia,M,Employment,Employed for cash,... if she argues with him,8,10-25%
7694,Namibia,M,Employment,Employed for kind,... if she argues with him,16.9,10-25%
7695,Namibia,M,Employment,Unemployed,... if she argues with him,11,10-25%
7696,Namibia,M,Employment,Employed for cash,... if she burns the food,4.1,10-25%
7697,Namibia,M,Employment,Employed for kind,... if she burns the food,10.2,10-25%
7698,Namibia,M,Employment,Unemployed,... if she burns the food,5.1,10-25%
7699,Namibia,M,Employment,Employed for cash,... if she goes out without telling him,9.5,10-25%
7700,Namibia,M,Employment,Employed for kind,... if she goes out without telling him,15.7,10-25%
7701,Namibia,M,Employment,Unemployed,... if she goes out without telling him,9.8,10-25%
7702,Namibia,M,Employment,Employed for cash,... if she neglects the children,14.2,10-25%
7703,Namibia,M,Employment,Employed for kind,... if she neglects the children,24.6,10-25%
7704,Namibia,M,Employment,Unemployed,... if she neglects the children,14.1,10-25%
7705,Namibia,M,Employment,Employed for cash,... if she refuses to have sex with him,2.5,10-25%
7706,Namibia,M,Employment,Employed for kind,... if she refuses to have sex with him,7.1,10-25%
7707,Namibia,M,Employment,Unemployed,... if she refuses to have sex with him,3.3,10-25%
7708,Namibia,M,Marital status,Married or living together,... for at least one specific reason,14.5,10-25%
7709,Namibia,M,Marital status,Never married,... for at least one specific reason,25,10-25%
7710,Namibia,M,Marital status,"Widowed, divorced, separated",... for at least one specific reason,23,10-25%
7711,Namibia,M,Marital status,Married or living together,... if she argues with him,5,10-25%
7712,Namibia,M,Marital status,Never married,... if she argues with him,11.1,10-25%
7713,Namibia,M,Marital status,"Widowed, divorced, separated",... if she argues with him,10,10-25%
7714,Namibia,M,Marital status,Married or living together,... if she burns the food,2.1,10-25%
7715,Namibia,M,Marital status,Never married,... if she burns the food,5.5,10-25%
7716,Namibia,M,Marital status,"Widowed, divorced, separated",... if she burns the food,7,10-25%
7717,Namibia,M,Marital status,Married or living together,... if she goes out without telling him,6.5,10-25%
7718,Namibia,M,Marital status,Never married,... if she goes out without telling him,11.2,10-25%
7719,Namibia,M,Marital status,"Widowed, divorced, separated",... if she goes out without telling him,5.7,10-25%
7720,Namibia,M,Marital status,Married or living together,... if she neglects the children,10,10-25%
7721,Namibia,M,Marital status,Never married,... if she neglects the children,16.1,10-25%
7722,Namibia,M,Marital status,"Widowed, divorced, separated",... if she neglects the children,15,10-25%
7723,Namibia,M,Marital status,Married or living together,... if she refuses to have sex with him,1.2,10-25%
7724,Namibia,M,Marital status,Never married,... if she refuses to have sex with him,3.6,10-25%
7725,Namibia,M,Marital status,"Widowed, divorced, separated",... if she refuses to have sex with him,3,10-25%
7726,Namibia,M,Residence,Rural,... for at least one specific reason,28.3,10-25%
7727,Namibia,M,Residence,Urban,... for at least one specific reason,17.1,10-25%
7728,Namibia,M,Residence,Rural,... if she argues with him,11.5,10-25%
7729,Namibia,M,Residence,Urban,... if she argues with him,7.7,10-25%
7730,Namibia,M,Residence,Rural,... if she burns the food,7.2,10-25%
7731,Namibia,M,Residence,Urban,... if she burns the food,2.7,10-25%
7732,Namibia,M,Residence,Rural,... if she goes out without telling him,12.7,10-25%
7733,Namibia,M,Residence,Urban,... if she goes out without telling him,7.4,10-25%
7734,Namibia,M,Residence,Rural,... if she neglects the children,17.7,10-25%
7735,Namibia,M,Residence,Urban,... if she neglects the children,11.8,10-25%
7736,Namibia,M,Residence,Rural,... if she refuses to have sex with him,4.4,10-25%
7737,Namibia,M,Residence,Urban,... if she refuses to have sex with him,1.8,10-25%
7738,Nepal,F,Age,15-24,... for at least one specific reason,30.3,<10%
7739,Nepal,F,Age,25-34,... for at least one specific reason,28.2,<10%
7740,Nepal,F,Age,35-49,... for at least one specific reason,26.8,<10%
7741,Nepal,F,Age,15-24,... if she argues with him,8.6,<10%
7742,Nepal,F,Age,25-34,... if she argues with him,8.7,<10%
7743,Nepal,F,Age,35-49,... if she argues with him,9.3,<10%
7744,Nepal,F,Age,15-24,... if she burns the food,2.9,<10%
7745,Nepal,F,Age,25-34,... if she burns the food,3.3,<10%
7746,Nepal,F,Age,35-49,... if she burns the food,4,<10%
7747,Nepal,F,Age,15-24,... if she goes out without telling him,10.1,<10%
7748,Nepal,F,Age,25-34,... if she goes out without telling him,12.1,<10%
7749,Nepal,F,Age,35-49,... if she goes out without telling him,13.2,<10%
7750,Nepal,F,Age,15-24,... if she neglects the children,25.8,<10%
7751,Nepal,F,Age,25-34,... if she neglects the children,24.5,<10%
7752,Nepal,F,Age,35-49,... if she neglects the children,22.6,<10%
7753,Nepal,F,Age,15-24,... if she refuses to have sex with him,2.5,<10%
7754,Nepal,F,Age,25-34,... if she refuses to have sex with him,3,<10%
7755,Nepal,F,Age,35-49,... if she refuses to have sex with him,3.7,<10%
7756,Nepal,F,Education,Higher,... for at least one specific reason,17.4,<10%
7757,Nepal,F,Education,No education,... for at least one specific reason,29.8,<10%
7758,Nepal,F,Education,Primary,... for at least one specific reason,32.8,<10%
7759,Nepal,F,Education,Secondary,... for at least one specific reason,30.1,<10%
7760,Nepal,F,Education,Higher,... if she argues with him,2.6,<10%
7761,Nepal,F,Education,No education,... if she argues with him,12.6,<10%
7762,Nepal,F,Education,Primary,... if she argues with him,12.1,<10%
7763,Nepal,F,Education,Secondary,... if she argues with him,6.4,<10%
7764,Nepal,F,Education,Higher,... if she burns the food,1.1,<10%
7765,Nepal,F,Education,No education,... if she burns the food,5.6,<10%
7766,Nepal,F,Education,Primary,... if she burns the food,4.1,<10%
7767,Nepal,F,Education,Secondary,... if she burns the food,1.9,<10%
7768,Nepal,F,Education,Higher,... if she goes out without telling him,4.6,<10%
7769,Nepal,F,Education,No education,... if she goes out without telling him,15.1,<10%
7770,Nepal,F,Education,Primary,... if she goes out without telling him,13.8,<10%
7771,Nepal,F,Education,Secondary,... if she goes out without telling him,10.5,<10%
7772,Nepal,F,Education,Higher,... if she neglects the children,15.3,<10%
7773,Nepal,F,Education,No education,... if she neglects the children,25.1,<10%
7774,Nepal,F,Education,Primary,... if she neglects the children,26.8,<10%
7775,Nepal,F,Education,Secondary,... if she neglects the children,26.4,<10%
7776,Nepal,F,Education,Higher,... if she refuses to have sex with him,0.8,<10%
7777,Nepal,F,Education,No education,... if she refuses to have sex with him,4.6,<10%
7778,Nepal,F,Education,Primary,... if she refuses to have sex with him,4.3,<10%
7779,Nepal,F,Education,Secondary,... if she refuses to have sex with him,1.8,<10%
7780,Nepal,F,Employment,Employed for cash,... for at least one specific reason,28.4,<10%
7781,Nepal,F,Employment,Employed for kind,... for at least one specific reason,27.8,<10%
7782,Nepal,F,Employment,Unemployed,... for at least one specific reason,29.6,<10%
7783,Nepal,F,Employment,Employed for cash,... if she argues with him,8.3,<10%
7784,Nepal,F,Employment,Employed for kind,... if she argues with him,7.7,<10%
7785,Nepal,F,Employment,Unemployed,... if she argues with him,10.6,<10%
7786,Nepal,F,Employment,Employed for cash,... if she burns the food,3.8,<10%
7787,Nepal,F,Employment,Employed for kind,... if she burns the food,2.7,<10%
7788,Nepal,F,Employment,Unemployed,... if she burns the food,3.8,<10%
7789,Nepal,F,Employment,Employed for cash,... if she goes out without telling him,11.9,<10%
7790,Nepal,F,Employment,Employed for kind,... if she goes out without telling him,10.9,<10%
7791,Nepal,F,Employment,Unemployed,... if she goes out without telling him,12.4,<10%
7792,Nepal,F,Employment,Employed for cash,... if she neglects the children,24.3,<10%
7793,Nepal,F,Employment,Employed for kind,... if she neglects the children,24,<10%
7794,Nepal,F,Employment,Unemployed,... if she neglects the children,25,<10%
7795,Nepal,F,Employment,Employed for cash,... if she refuses to have sex with him,3.1,<10%
7796,Nepal,F,Employment,Employed for kind,... if she refuses to have sex with him,2.8,<10%
7797,Nepal,F,Employment,Unemployed,... if she refuses to have sex with him,3.2,<10%
7798,Nepal,F,Marital status,Married or living together,... for at least one specific reason,28.2,<10%
7799,Nepal,F,Marital status,Never married,... for at least one specific reason,29.6,<10%
7800,Nepal,F,Marital status,"Widowed, divorced, separated",... for at least one specific reason,31.1,<10%
7801,Nepal,F,Marital status,Married or living together,... if she argues with him,9.4,<10%
7802,Nepal,F,Marital status,Never married,... if she argues with him,6.3,<10%
7803,Nepal,F,Marital status,"Widowed, divorced, separated",... if she argues with him,12.5,<10%
7804,Nepal,F,Marital status,Married or living together,... if she burns the food,3.5,<10%
7805,Nepal,F,Marital status,Never married,... if she burns the food,2.8,<10%
7806,Nepal,F,Marital status,"Widowed, divorced, separated",... if she burns the food,5.8,<10%
7807,Nepal,F,Marital status,Married or living together,... if she goes out without telling him,12.7,<10%
7808,Nepal,F,Marital status,Never married,... if she goes out without telling him,8,<10%
7809,Nepal,F,Marital status,"Widowed, divorced, separated",... if she goes out without telling him,10.2,<10%
7810,Nepal,F,Marital status,Married or living together,... if she neglects the children,23.9,<10%
7811,Nepal,F,Marital status,Never married,... if she neglects the children,26.1,<10%
7812,Nepal,F,Marital status,"Widowed, divorced, separated",... if she neglects the children,26.1,<10%
7813,Nepal,F,Marital status,Married or living together,... if she refuses to have sex with him,3.2,<10%
7814,Nepal,F,Marital status,Never married,... if she refuses to have sex with him,2.1,<10%
7815,Nepal,F,Marital status,"Widowed, divorced, separated",... if she refuses to have sex with him,4.9,<10%
7816,Nepal,F,Residence,Rural,... for at least one specific reason,30.5,<10%
7817,Nepal,F,Residence,Urban,... for at least one specific reason,27.4,<10%
7818,Nepal,F,Residence,Rural,... if she argues with him,11.3,<10%
7819,Nepal,F,Residence,Urban,... if she argues with him,7.4,<10%
7820,Nepal,F,Residence,Rural,... if she burns the food,4.6,<10%
7821,Nepal,F,Residence,Urban,... if she burns the food,2.7,<10%
7822,Nepal,F,Residence,Rural,... if she goes out without telling him,13.1,<10%
7823,Nepal,F,Residence,Urban,... if she goes out without telling him,10.9,<10%
7824,Nepal,F,Residence,Rural,... if she neglects the children,25.3,<10%
7825,Nepal,F,Residence,Urban,... if she neglects the children,23.8,<10%
7826,Nepal,F,Residence,Rural,... if she refuses to have sex with him,3.8,<10%
7827,Nepal,F,Residence,Urban,... if she refuses to have sex with him,2.6,<10%
7828,Nepal,M,Age,15-24,... for at least one specific reason,27.8,<10%
7829,Nepal,M,Age,25-34,... for at least one specific reason,19.5,<10%
7830,Nepal,M,Age,35-49,... for at least one specific reason,20.1,<10%
7831,Nepal,M,Age,15-24,... if she argues with him,10,<10%
7832,Nepal,M,Age,25-34,... if she argues with him,7.3,<10%
7833,Nepal,M,Age,35-49,... if she argues with him,8.4,<10%
7834,Nepal,M,Age,15-24,... if she burns the food,2.2,<10%
7835,Nepal,M,Age,25-34,... if she burns the food,0.9,<10%
7836,Nepal,M,Age,35-49,... if she burns the food,1.4,<10%
7837,Nepal,M,Age,15-24,... if she goes out without telling him,10.9,<10%
7838,Nepal,M,Age,25-34,... if she goes out without telling him,8,<10%
7839,Nepal,M,Age,35-49,... if she goes out without telling him,8.8,<10%
7840,Nepal,M,Age,15-24,... if she neglects the children,24,<10%
7841,Nepal,M,Age,25-34,... if she neglects the children,15.8,<10%
7842,Nepal,M,Age,35-49,... if she neglects the children,14.7,<10%
7843,Nepal,M,Age,15-24,... if she refuses to have sex with him,4.9,<10%
7844,Nepal,M,Age,25-34,... if she refuses to have sex with him,3,<10%
7845,Nepal,M,Age,35-49,... if she refuses to have sex with him,3.2,<10%
7846,Nepal,M,Education,Higher,... for at least one specific reason,10.8,<10%
7847,Nepal,M,Education,No education,... for at least one specific reason,28.2,<10%
7848,Nepal,M,Education,Primary,... for at least one specific reason,29.6,<10%
7849,Nepal,M,Education,Secondary,... for at least one specific reason,24.7,<10%
7850,Nepal,M,Education,Higher,... if she argues with him,3.1,<10%
7851,Nepal,M,Education,No education,... if she argues with him,18.1,<10%
7852,Nepal,M,Education,Primary,... if she argues with him,11.7,<10%
7853,Nepal,M,Education,Secondary,... if she argues with him,8.3,<10%
7854,Nepal,M,Education,Higher,... if she burns the food,0.2,<10%
7855,Nepal,M,Education,No education,... if she burns the food,3.9,<10%
7856,Nepal,M,Education,Primary,... if she burns the food,1.8,<10%
7857,Nepal,M,Education,Secondary,... if she burns the food,1.6,<10%
7858,Nepal,M,Education,Higher,... if she goes out without telling him,2.9,<10%
7859,Nepal,M,Education,No education,... if she goes out without telling him,14.2,<10%
7860,Nepal,M,Education,Primary,... if she goes out without telling him,13.3,<10%
7861,Nepal,M,Education,Secondary,... if she goes out without telling him,9.9,<10%
7862,Nepal,M,Education,Higher,... if she neglects the children,8.1,<10%
7863,Nepal,M,Education,No education,... if she neglects the children,24.9,<10%
7864,Nepal,M,Education,Primary,... if she neglects the children,22.7,<10%
7865,Nepal,M,Education,Secondary,... if she neglects the children,20.4,<10%
7866,Nepal,M,Education,Higher,... if she refuses to have sex with him,1.1,<10%
7867,Nepal,M,Education,No education,... if she refuses to have sex with him,7.4,<10%
7868,Nepal,M,Education,Primary,... if she refuses to have sex with him,5.6,<10%
7869,Nepal,M,Education,Secondary,... if she refuses to have sex with him,3.6,<10%
7870,Nepal,M,Employment,Employed for cash,... for at least one specific reason,20.9,<10%
7871,Nepal,M,Employment,Employed for kind,... for at least one specific reason,29.3,<10%
7872,Nepal,M,Employment,Unemployed,... for at least one specific reason,24.9,<10%
7873,Nepal,M,Employment,Employed for cash,... if she argues with him,7.9,<10%
7874,Nepal,M,Employment,Employed for kind,... if she argues with him,12.2,<10%
7875,Nepal,M,Employment,Unemployed,... if she argues with him,8.5,<10%
7876,Nepal,M,Employment,Employed for cash,... if she burns the food,1.5,<10%
7877,Nepal,M,Employment,Employed for kind,... if she burns the food,1.9,<10%
7878,Nepal,M,Employment,Unemployed,... if she burns the food,1.5,<10%
7879,Nepal,M,Employment,Employed for cash,... if she goes out without telling him,9,<10%
7880,Nepal,M,Employment,Employed for kind,... if she goes out without telling him,11.5,<10%
7881,Nepal,M,Employment,Unemployed,... if she goes out without telling him,8.8,<10%
7882,Nepal,M,Employment,Employed for cash,... if she neglects the children,16.5,<10%
7883,Nepal,M,Employment,Employed for kind,... if she neglects the children,23.7,<10%
7884,Nepal,M,Employment,Unemployed,... if she neglects the children,22.6,<10%
7885,Nepal,M,Employment,Employed for cash,... if she refuses to have sex with him,3.2,<10%
7886,Nepal,M,Employment,Employed for kind,... if she refuses to have sex with him,5,<10%
7887,Nepal,M,Employment,Unemployed,... if she refuses to have sex with him,5.1,<10%
7888,Nepal,M,Marital status,Married or living together,... for at least one specific reason,20.4,<10%
7889,Nepal,M,Marital status,Never married,... for at least one specific reason,27.6,<10%
7890,Nepal,M,Marital status,"Widowed, divorced, separated",... for at least one specific reason,38.8,<10%
7891,Nepal,M,Marital status,Married or living together,... if she argues with him,8.5,<10%
7892,Nepal,M,Marital status,Never married,... if she argues with him,8.8,<10%
7893,Nepal,M,Marital status,"Widowed, divorced, separated",... if she argues with him,27.6,<10%
7894,Nepal,M,Marital status,Married or living together,... if she burns the food,1.1,<10%
7895,Nepal,M,Marital status,Never married,... if she burns the food,2.5,<10%
7896,Nepal,M,Marital status,"Widowed, divorced, separated",... if she burns the food,0,<10%
7897,Nepal,M,Marital status,Married or living together,... if she goes out without telling him,8.6,<10%
7898,Nepal,M,Marital status,Never married,... if she goes out without telling him,10.5,<10%
7899,Nepal,M,Marital status,"Widowed, divorced, separated",... if she goes out without telling him,34.5,<10%
7900,Nepal,M,Marital status,Married or living together,... if she neglects the children,15.7,<10%
7901,Nepal,M,Marital status,Never married,... if she neglects the children,23.9,<10%
7902,Nepal,M,Marital status,"Widowed, divorced, separated",... if she neglects the children,38.8,<10%
7903,Nepal,M,Marital status,Married or living together,... if she refuses to have sex with him,3,<10%
7904,Nepal,M,Marital status,Never married,... if she refuses to have sex with him,5.4,<10%
7905,Nepal,M,Marital status,"Widowed, divorced, separated",... if she refuses to have sex with him,3.3,<10%
7906,Nepal,M,Residence,Rural,... for at least one specific reason,22.7,<10%
7907,Nepal,M,Residence,Urban,... for at least one specific reason,23.1,<10%
7908,Nepal,M,Residence,Rural,... if she argues with him,8.8,<10%
7909,Nepal,M,Residence,Urban,... if she argues with him,8.7,<10%
7910,Nepal,M,Residence,Rural,... if she burns the food,1.7,<10%
7911,Nepal,M,Residence,Urban,... if she burns the food,1.5,<10%
7912,Nepal,M,Residence,Rural,... if she goes out without telling him,10.2,<10%
7913,Nepal,M,Residence,Urban,... if she goes out without telling him,9,<10%
7914,Nepal,M,Residence,Rural,... if she neglects the children,18.1,<10%
7915,Nepal,M,Residence,Urban,... if she neglects the children,18.9,<10%
7916,Nepal,M,Residence,Rural,... if she refuses to have sex with him,4.9,<10%
7917,Nepal,M,Residence,Urban,... if she refuses to have sex with him,3.2,<10%
7918,Nicaragua,F,Age,15-24,... for at least one specific reason,10.3,>25%
7919,Nicaragua,F,Age,25-34,... for at least one specific reason,14.5,>25%
7920,Nicaragua,F,Age,35-49,... for at least one specific reason,13.9,>25%
7921,Nicaragua,F,Age,15-24,... if she argues with him,3.4,>25%
7922,Nicaragua,F,Age,25-34,... if she argues with him,5,>25%
7923,Nicaragua,F,Age,35-49,... if she argues with him,5.2,>25%
7924,Nicaragua,F,Age,15-24,... if she burns the food,3.7,>25%
7925,Nicaragua,F,Age,25-34,... if she burns the food,5.3,>25%
7926,Nicaragua,F,Age,35-49,... if she burns the food,5,>25%
7927,Nicaragua,F,Age,15-24,... if she goes out without telling him,4.8,>25%
7928,Nicaragua,F,Age,25-34,... if she goes out without telling him,6.8,>25%
7929,Nicaragua,F,Age,35-49,... if she goes out without telling him,6.3,>25%
7930,Nicaragua,F,Age,15-24,... if she neglects the children,7.8,>25%
7931,Nicaragua,F,Age,25-34,... if she neglects the children,11.4,>25%
7932,Nicaragua,F,Age,35-49,... if she neglects the children,9.9,>25%
7933,Nicaragua,F,Age,15-24,... if she refuses to have sex with him,1.8,>25%
7934,Nicaragua,F,Age,25-34,... if she refuses to have sex with him,3.9,>25%
7935,Nicaragua,F,Age,35-49,... if she refuses to have sex with him,3.3,>25%
7936,Nicaragua,F,Education,Higher,... for at least one specific reason,2.7,>25%
7937,Nicaragua,F,Education,No education,... for at least one specific reason,22.6,>25%
7938,Nicaragua,F,Education,Primary,... for at least one specific reason,16.7,>25%
7939,Nicaragua,F,Education,Secondary,... for at least one specific reason,6.7,>25%
7940,Nicaragua,F,Education,Higher,... if she argues with him,0.5,>25%
7941,Nicaragua,F,Education,No education,... if she argues with him,9.8,>25%
7942,Nicaragua,F,Education,Primary,... if she argues with him,6,>25%
7943,Nicaragua,F,Education,Secondary,... if she argues with him,1.5,>25%
7944,Nicaragua,F,Education,Higher,... if she burns the food,0.7,>25%
7945,Nicaragua,F,Education,No education,... if she burns the food,10.2,>25%
7946,Nicaragua,F,Education,Primary,... if she burns the food,6.3,>25%
7947,Nicaragua,F,Education,Secondary,... if she burns the food,1.4,>25%
7948,Nicaragua,F,Education,Higher,... if she goes out without telling him,0.7,>25%
7949,Nicaragua,F,Education,No education,... if she goes out without telling him,12.3,>25%
7950,Nicaragua,F,Education,Primary,... if she goes out without telling him,8.5,>25%
7951,Nicaragua,F,Education,Secondary,... if she goes out without telling him,1.7,>25%
7952,Nicaragua,F,Education,Higher,... if she neglects the children,2.3,>25%
7953,Nicaragua,F,Education,No education,... if she neglects the children,16.7,>25%
7954,Nicaragua,F,Education,Primary,... if she neglects the children,12.4,>25%
7955,Nicaragua,F,Education,Secondary,... if she neglects the children,5.3,>25%
7956,Nicaragua,F,Education,Higher,... if she refuses to have sex with him,0.5,>25%
7957,Nicaragua,F,Education,No education,... if she refuses to have sex with him,6.4,>25%
7958,Nicaragua,F,Education,Primary,... if she refuses to have sex with him,3.8,>25%
7959,Nicaragua,F,Education,Secondary,... if she refuses to have sex with him,1,>25%
7960,Nicaragua,F,Employment,Employed for cash,... for at least one specific reason,12.5,>25%
7961,Nicaragua,F,Employment,Employed for kind,... for at least one specific reason,13.9,>25%
7962,Nicaragua,F,Employment,Unemployed,... for at least one specific reason,12.5,>25%
7963,Nicaragua,F,Employment,Employed for cash,... if she argues with him,3.5,>25%
7964,Nicaragua,F,Employment,Employed for kind,... if she argues with him,6.4,>25%
7965,Nicaragua,F,Employment,Unemployed,... if she argues with him,4.9,>25%
7966,Nicaragua,F,Employment,Employed for cash,... if she burns the food,3.5,>25%
7967,Nicaragua,F,Employment,Employed for kind,... if she burns the food,4.9,>25%
7968,Nicaragua,F,Employment,Unemployed,... if she burns the food,5.3,>25%
7969,Nicaragua,F,Employment,Employed for cash,... if she goes out without telling him,4.5,>25%
7970,Nicaragua,F,Employment,Employed for kind,... if she goes out without telling him,6.2,>25%
7971,Nicaragua,F,Employment,Unemployed,... if she goes out without telling him,6.8,>25%
7972,Nicaragua,F,Employment,Employed for cash,... if she neglects the children,9.8,>25%
7973,Nicaragua,F,Employment,Employed for kind,... if she neglects the children,10.1,>25%
7974,Nicaragua,F,Employment,Unemployed,... if she neglects the children,9.1,>25%
7975,Nicaragua,F,Employment,Employed for cash,... if she refuses to have sex with him,2.3,>25%
7976,Nicaragua,F,Employment,Employed for kind,... if she refuses to have sex with him,3.6,>25%
7977,Nicaragua,F,Employment,Unemployed,... if she refuses to have sex with him,3.2,>25%
7978,Nicaragua,F,Marital status,Married or living together,... for at least one specific reason,16.8,>25%
7979,Nicaragua,F,Marital status,Never married,... for at least one specific reason,0,>25%
7980,Nicaragua,F,Marital status,"Widowed, divorced, separated",... for at least one specific reason,17.3,>25%
7981,Nicaragua,F,Marital status,Married or living together,... if she argues with him,6,>25%
7982,Nicaragua,F,Marital status,Never married,... if she argues with him,0,>25%
7983,Nicaragua,F,Marital status,"Widowed, divorced, separated",... if she argues with him,5.5,>25%
7984,Nicaragua,F,Marital status,Married or living together,... if she burns the food,6.3,>25%
7985,Nicaragua,F,Marital status,Never married,... if she burns the food,0,>25%
7986,Nicaragua,F,Marital status,"Widowed, divorced, separated",... if she burns the food,5.3,>25%
7987,Nicaragua,F,Marital status,Married or living together,... if she goes out without telling him,8.2,>25%
7988,Nicaragua,F,Marital status,Never married,... if she goes out without telling him,0,>25%
7989,Nicaragua,F,Marital status,"Widowed, divorced, separated",... if she goes out without telling him,6.5,>25%
7990,Nicaragua,F,Marital status,Married or living together,... if she neglects the children,12.4,>25%
7991,Nicaragua,F,Marital status,Never married,... if she neglects the children,0,>25%
7992,Nicaragua,F,Marital status,"Widowed, divorced, separated",... if she neglects the children,13.8,>25%
7993,Nicaragua,F,Marital status,Married or living together,... if she refuses to have sex with him,4,>25%
7994,Nicaragua,F,Marital status,Never married,... if she refuses to have sex with him,0,>25%
7995,Nicaragua,F,Marital status,"Widowed, divorced, separated",... if she refuses to have sex with him,3.2,>25%
7996,Nicaragua,F,Residence,Rural,... for at least one specific reason,18.1,>25%
7997,Nicaragua,F,Residence,Urban,... for at least one specific reason,9.3,>25%
7998,Nicaragua,F,Residence,Rural,... if she argues with him,7.5,>25%
7999,Nicaragua,F,Residence,Urban,... if she argues with him,2.6,>25%
8000,Nicaragua,F,Residence,Rural,... if she burns the food,7.9,>25%
8001,Nicaragua,F,Residence,Urban,... if she burns the food,2.6,>25%
8002,Nicaragua,F,Residence,Rural,... if she goes out without telling him,9.9,>25%
8003,Nicaragua,F,Residence,Urban,... if she goes out without telling him,3.4,>25%
8004,Nicaragua,F,Residence,Rural,... if she neglects the children,13.4,>25%
8005,Nicaragua,F,Residence,Urban,... if she neglects the children,7.2,>25%
8006,Nicaragua,F,Residence,Rural,... if she refuses to have sex with him,4.8,>25%
8007,Nicaragua,F,Residence,Urban,... if she refuses to have sex with him,1.7,>25%
8008,Niger,F,Age,15-24,... for at least one specific reason,57.5,<10%
8009,Niger,F,Age,25-34,... for at least one specific reason,61,<10%
8010,Niger,F,Age,35-49,... for at least one specific reason,60.2,<10%
8011,Niger,F,Age,15-24,... if she argues with him,49.2,<10%
8012,Niger,F,Age,25-34,... if she argues with him,51.4,<10%
8013,Niger,F,Age,35-49,... if she argues with him,50.5,<10%
8014,Niger,F,Age,15-24,... if she burns the food,32.3,<10%
8015,Niger,F,Age,25-34,... if she burns the food,37,<10%
8016,Niger,F,Age,35-49,... if she burns the food,34.2,<10%
8017,Niger,F,Age,15-24,... if she goes out without telling him,41.7,<10%
8018,Niger,F,Age,25-34,... if she goes out without telling him,44.3,<10%
8019,Niger,F,Age,35-49,... if she goes out without telling him,41.8,<10%
8020,Niger,F,Age,15-24,... if she neglects the children,40.9,<10%
8021,Niger,F,Age,25-34,... if she neglects the children,43.9,<10%
8022,Niger,F,Age,35-49,... if she neglects the children,40.8,<10%
8023,Niger,F,Age,15-24,... if she refuses to have sex with him,46.4,<10%
8024,Niger,F,Age,25-34,... if she refuses to have sex with him,52.2,<10%
8025,Niger,F,Age,35-49,... if she refuses to have sex with him,51.8,<10%
8026,Niger,F,Education,Higher,... for at least one specific reason,17.6,<10%
8027,Niger,F,Education,No education,... for at least one specific reason,60.1,<10%
8028,Niger,F,Education,Primary,... for at least one specific reason,63.2,<10%
8029,Niger,F,Education,Secondary,... for at least one specific reason,51.8,<10%
8030,Niger,F,Education,Higher,... if she argues with him,7.4,<10%
8031,Niger,F,Education,No education,... if she argues with him,51.4,<10%
8032,Niger,F,Education,Primary,... if she argues with him,52.8,<10%
8033,Niger,F,Education,Secondary,... if she argues with him,39.5,<10%
8034,Niger,F,Education,Higher,... if she burns the food,3.8,<10%
8035,Niger,F,Education,No education,... if she burns the food,36,<10%
8036,Niger,F,Education,Primary,... if she burns the food,34.8,<10%
8037,Niger,F,Education,Secondary,... if she burns the food,21.6,<10%
8038,Niger,F,Education,Higher,... if she goes out without telling him,3.8,<10%
8039,Niger,F,Education,No education,... if she goes out without telling him,44.1,<10%
8040,Niger,F,Education,Primary,... if she goes out without telling him,43.1,<10%
8041,Niger,F,Education,Secondary,... if she goes out without telling him,30.1,<10%
8042,Niger,F,Education,Higher,... if she neglects the children,5.6,<10%
8043,Niger,F,Education,No education,... if she neglects the children,43.4,<10%
8044,Niger,F,Education,Primary,... if she neglects the children,41,<10%
8045,Niger,F,Education,Secondary,... if she neglects the children,31.4,<10%
8046,Niger,F,Education,Higher,... if she refuses to have sex with him,2.1,<10%
8047,Niger,F,Education,No education,... if she refuses to have sex with him,51.4,<10%
8048,Niger,F,Education,Primary,... if she refuses to have sex with him,52.5,<10%
8049,Niger,F,Education,Secondary,... if she refuses to have sex with him,36.8,<10%
8050,Niger,F,Employment,Employed for cash,... for at least one specific reason,62,<10%
8051,Niger,F,Employment,Employed for kind,... for at least one specific reason,62.7,<10%
8052,Niger,F,Employment,Unemployed,... for at least one specific reason,58.6,<10%
8053,Niger,F,Employment,Employed for cash,... if she argues with him,51.9,<10%
8054,Niger,F,Employment,Employed for kind,... if she argues with him,55.2,<10%
8055,Niger,F,Employment,Unemployed,... if she argues with him,49.6,<10%
8056,Niger,F,Employment,Employed for cash,... if she burns the food,34.4,<10%
8057,Niger,F,Employment,Employed for kind,... if she burns the food,43.5,<10%
8058,Niger,F,Employment,Unemployed,... if she burns the food,34.3,<10%
8059,Niger,F,Employment,Employed for cash,... if she goes out without telling him,42,<10%
8060,Niger,F,Employment,Employed for kind,... if she goes out without telling him,46.8,<10%
8061,Niger,F,Employment,Unemployed,... if she goes out without telling him,42.8,<10%
8062,Niger,F,Employment,Employed for cash,... if she neglects the children,41.7,<10%
8063,Niger,F,Employment,Employed for kind,... if she neglects the children,48.3,<10%
8064,Niger,F,Employment,Unemployed,... if she neglects the children,41.8,<10%
8065,Niger,F,Employment,Employed for cash,... if she refuses to have sex with him,53,<10%
8066,Niger,F,Employment,Employed for kind,... if she refuses to have sex with him,51.7,<10%
8067,Niger,F,Employment,Unemployed,... if she refuses to have sex with him,48.9,<10%
8068,Niger,F,Marital status,Married or living together,... for at least one specific reason,61,<10%
8069,Niger,F,Marital status,Never married,... for at least one specific reason,46.1,<10%
8070,Niger,F,Marital status,"Widowed, divorced, separated",... for at least one specific reason,54,<10%
8071,Niger,F,Marital status,Married or living together,... if she argues with him,51.8,<10%
8072,Niger,F,Marital status,Never married,... if she argues with him,37.9,<10%
8073,Niger,F,Marital status,"Widowed, divorced, separated",... if she argues with him,42.3,<10%
8074,Niger,F,Marital status,Married or living together,... if she burns the food,36,<10%
8075,Niger,F,Marital status,Never married,... if she burns the food,23,<10%
8076,Niger,F,Marital status,"Widowed, divorced, separated",... if she burns the food,25.5,<10%
8077,Niger,F,Marital status,Married or living together,... if she goes out without telling him,44.1,<10%
8078,Niger,F,Marital status,Never married,... if she goes out without telling him,29.8,<10%
8079,Niger,F,Marital status,"Widowed, divorced, separated",... if she goes out without telling him,37.6,<10%
8080,Niger,F,Marital status,Married or living together,... if she neglects the children,43.4,<10%
8081,Niger,F,Marital status,Never married,... if she neglects the children,29.6,<10%
8082,Niger,F,Marital status,"Widowed, divorced, separated",... if she neglects the children,33.7,<10%
8083,Niger,F,Marital status,Married or living together,... if she refuses to have sex with him,52,<10%
8084,Niger,F,Marital status,Never married,... if she refuses to have sex with him,31,<10%
8085,Niger,F,Marital status,"Widowed, divorced, separated",... if she refuses to have sex with him,44.1,<10%
8086,Niger,F,Residence,Rural,... for at least one specific reason,62.1,<10%
8087,Niger,F,Residence,Urban,... for at least one specific reason,48.6,<10%
8088,Niger,F,Residence,Rural,... if she argues with him,53.7,<10%
8089,Niger,F,Residence,Urban,... if she argues with him,36.2,<10%
8090,Niger,F,Residence,Rural,... if she burns the food,38.5,<10%
8091,Niger,F,Residence,Urban,... if she burns the food,17.7,<10%
8092,Niger,F,Residence,Rural,... if she goes out without telling him,46.4,<10%
8093,Niger,F,Residence,Urban,... if she goes out without telling him,26.7,<10%
8094,Niger,F,Residence,Rural,... if she neglects the children,46,<10%
8095,Niger,F,Residence,Urban,... if she neglects the children,24.8,<10%
8096,Niger,F,Residence,Rural,... if she refuses to have sex with him,54,<10%
8097,Niger,F,Residence,Urban,... if she refuses to have sex with him,33.2,<10%
8098,Niger,M,Age,15-24,... for at least one specific reason,36.7,<10%
8099,Niger,M,Age,25-34,... for at least one specific reason,25,<10%
8100,Niger,M,Age,35-49,... for at least one specific reason,19.9,<10%
8101,Niger,M,Age,15-24,... if she argues with him,28.6,<10%
8102,Niger,M,Age,25-34,... if she argues with him,17.6,<10%
8103,Niger,M,Age,35-49,... if she argues with him,13.9,<10%
8104,Niger,M,Age,15-24,... if she burns the food,12.8,<10%
8105,Niger,M,Age,25-34,... if she burns the food,7.8,<10%
8106,Niger,M,Age,35-49,... if she burns the food,6.9,<10%
8107,Niger,M,Age,15-24,... if she goes out without telling him,22.9,<10%
8108,Niger,M,Age,25-34,... if she goes out without telling him,12.8,<10%
8109,Niger,M,Age,35-49,... if she goes out without telling him,12.1,<10%
8110,Niger,M,Age,15-24,... if she neglects the children,22.6,<10%
8111,Niger,M,Age,25-34,... if she neglects the children,13.3,<10%
8112,Niger,M,Age,35-49,... if she neglects the children,11.3,<10%
8113,Niger,M,Age,15-24,... if she refuses to have sex with him,19.5,<10%
8114,Niger,M,Age,25-34,... if she refuses to have sex with him,11.7,<10%
8115,Niger,M,Age,35-49,... if she refuses to have sex with him,10.7,<10%
8116,Niger,M,Education,Higher,... for at least one specific reason,8,<10%
8117,Niger,M,Education,No education,... for at least one specific reason,24.8,<10%
8118,Niger,M,Education,Primary,... for at least one specific reason,34.4,<10%
8119,Niger,M,Education,Secondary,... for at least one specific reason,27.5,<10%
8120,Niger,M,Education,Higher,... if she argues with him,2.2,<10%
8121,Niger,M,Education,No education,... if she argues with him,18.1,<10%
8122,Niger,M,Education,Primary,... if she argues with him,25.8,<10%
8123,Niger,M,Education,Secondary,... if she argues with him,20.5,<10%
8124,Niger,M,Education,Higher,... if she burns the food,4.7,<10%
8125,Niger,M,Education,No education,... if she burns the food,8.2,<10%
8126,Niger,M,Education,Primary,... if she burns the food,12.7,<10%
8127,Niger,M,Education,Secondary,... if she burns the food,8.7,<10%
8128,Niger,M,Education,Higher,... if she goes out without telling him,2.9,<10%
8129,Niger,M,Education,No education,... if she goes out without telling him,14.7,<10%
8130,Niger,M,Education,Primary,... if she goes out without telling him,20.2,<10%
8131,Niger,M,Education,Secondary,... if she goes out without telling him,16.3,<10%
8132,Niger,M,Education,Higher,... if she neglects the children,5.1,<10%
8133,Niger,M,Education,No education,... if she neglects the children,13.6,<10%
8134,Niger,M,Education,Primary,... if she neglects the children,20.2,<10%
8135,Niger,M,Education,Secondary,... if she neglects the children,18.5,<10%
8136,Niger,M,Education,Higher,... if she refuses to have sex with him,0,<10%
8137,Niger,M,Education,No education,... if she refuses to have sex with him,13.1,<10%
8138,Niger,M,Education,Primary,... if she refuses to have sex with him,17.9,<10%
8139,Niger,M,Education,Secondary,... if she refuses to have sex with him,13.9,<10%
8140,Niger,M,Employment,Employed for cash,... for at least one specific reason,23.3,<10%
8141,Niger,M,Employment,Employed for kind,... for at least one specific reason,30.4,<10%
8142,Niger,M,Employment,Unemployed,... for at least one specific reason,30.8,<10%
8143,Niger,M,Employment,Employed for cash,... if she argues with him,16.6,<10%
8144,Niger,M,Employment,Employed for kind,... if she argues with him,22.7,<10%
8145,Niger,M,Employment,Unemployed,... if she argues with him,24.7,<10%
8146,Niger,M,Employment,Employed for cash,... if she burns the food,6.8,<10%
8147,Niger,M,Employment,Employed for kind,... if she burns the food,12.3,<10%
8148,Niger,M,Employment,Unemployed,... if she burns the food,8.2,<10%
8149,Niger,M,Employment,Employed for cash,... if she goes out without telling him,12.8,<10%
8150,Niger,M,Employment,Employed for kind,... if she goes out without telling him,19.3,<10%
8151,Niger,M,Employment,Unemployed,... if she goes out without telling him,17.6,<10%
8152,Niger,M,Employment,Employed for cash,... if she neglects the children,13,<10%
8153,Niger,M,Employment,Employed for kind,... if she neglects the children,17.5,<10%
8154,Niger,M,Employment,Unemployed,... if she neglects the children,21.5,<10%
8155,Niger,M,Employment,Employed for cash,... if she refuses to have sex with him,11.5,<10%
8156,Niger,M,Employment,Employed for kind,... if she refuses to have sex with him,16.6,<10%
8157,Niger,M,Employment,Unemployed,... if she refuses to have sex with him,14.6,<10%
8158,Niger,M,Marital status,Married or living together,... for at least one specific reason,22,<10%
8159,Niger,M,Marital status,Never married,... for at least one specific reason,36.4,<10%
8160,Niger,M,Marital status,"Widowed, divorced, separated",... for at least one specific reason,28.4,<10%
8161,Niger,M,Marital status,Married or living together,... if she argues with him,15.7,<10%
8162,Niger,M,Marital status,Never married,... if she argues with him,27.8,<10%
8163,Niger,M,Marital status,"Widowed, divorced, separated",... if she argues with him,18.6,<10%
8164,Niger,M,Marital status,Married or living together,... if she burns the food,6.9,<10%
8165,Niger,M,Marital status,Never married,... if she burns the food,13.1,<10%
8166,Niger,M,Marital status,"Widowed, divorced, separated",... if she burns the food,14.9,<10%
8167,Niger,M,Marital status,Married or living together,... if she goes out without telling him,12.5,<10%
8168,Niger,M,Marital status,Never married,... if she goes out without telling him,22,<10%
8169,Niger,M,Marital status,"Widowed, divorced, separated",... if she goes out without telling him,24.4,<10%
8170,Niger,M,Marital status,Married or living together,... if she neglects the children,12,<10%
8171,Niger,M,Marital status,Never married,... if she neglects the children,22.5,<10%
8172,Niger,M,Marital status,"Widowed, divorced, separated",... if she neglects the children,16.2,<10%
8173,Niger,M,Marital status,Married or living together,... if she refuses to have sex with him,11.2,<10%
8174,Niger,M,Marital status,Never married,... if she refuses to have sex with him,18.7,<10%
8175,Niger,M,Marital status,"Widowed, divorced, separated",... if she refuses to have sex with him,19.4,<10%
8176,Niger,M,Residence,Rural,... for at least one specific reason,27.5,<10%
8177,Niger,M,Residence,Urban,... for at least one specific reason,25,<10%
8178,Niger,M,Residence,Rural,... if she argues with him,20.5,<10%
8179,Niger,M,Residence,Urban,... if she argues with him,17.6,<10%
8180,Niger,M,Residence,Rural,... if she burns the food,9.2,<10%
8181,Niger,M,Residence,Urban,... if she burns the food,8.8,<10%
8182,Niger,M,Residence,Rural,... if she goes out without telling him,16.9,<10%
8183,Niger,M,Residence,Urban,... if she goes out without telling him,12.7,<10%
8184,Niger,M,Residence,Rural,... if she neglects the children,15.9,<10%
8185,Niger,M,Residence,Urban,... if she neglects the children,14.7,<10%
8186,Niger,M,Residence,Rural,... if she refuses to have sex with him,14.8,<10%
8187,Niger,M,Residence,Urban,... if she refuses to have sex with him,11,<10%
8188,Nigeria,F,Age,15-24,... for at least one specific reason,35.3,10-25%
8189,Nigeria,F,Age,25-34,... for at least one specific reason,35.1,10-25%
8190,Nigeria,F,Age,35-49,... for at least one specific reason,33.7,10-25%
8191,Nigeria,F,Age,15-24,... if she argues with him,21.7,10-25%
8192,Nigeria,F,Age,25-34,... if she argues with him,21.4,10-25%
8193,Nigeria,F,Age,35-49,... if she argues with him,20.7,10-25%
8194,Nigeria,F,Age,15-24,... if she burns the food,14,10-25%
8195,Nigeria,F,Age,25-34,... if she burns the food,15,10-25%
8196,Nigeria,F,Age,35-49,... if she burns the food,13.7,10-25%
8197,Nigeria,F,Age,15-24,... if she goes out without telling him,25.1,10-25%
8198,Nigeria,F,Age,25-34,... if she goes out without telling him,25.6,10-25%
8199,Nigeria,F,Age,35-49,... if she goes out without telling him,25.2,10-25%
8200,Nigeria,F,Age,15-24,... if she neglects the children,25.2,10-25%
8201,Nigeria,F,Age,25-34,... if she neglects the children,24.8,10-25%
8202,Nigeria,F,Age,35-49,... if she neglects the children,23.6,10-25%
8203,Nigeria,F,Age,15-24,... if she refuses to have sex with him,18.2,10-25%
8204,Nigeria,F,Age,25-34,... if she refuses to have sex with him,19.7,10-25%
8205,Nigeria,F,Age,35-49,... if she refuses to have sex with him,18.5,10-25%
8206,Nigeria,F,Education,Higher,... for at least one specific reason,16.9,10-25%
8207,Nigeria,F,Education,No education,... for at least one specific reason,41.6,10-25%
8208,Nigeria,F,Education,Primary,... for at least one specific reason,38.5,10-25%
8209,Nigeria,F,Education,Secondary,... for at least one specific reason,30.2,10-25%
8210,Nigeria,F,Education,Higher,... if she argues with him,8.7,10-25%
8211,Nigeria,F,Education,No education,... if she argues with him,26.3,10-25%
8212,Nigeria,F,Education,Primary,... if she argues with him,24.8,10-25%
8213,Nigeria,F,Education,Secondary,... if she argues with him,17.6,10-25%
8214,Nigeria,F,Education,Higher,... if she burns the food,4.4,10-25%
8215,Nigeria,F,Education,No education,... if she burns the food,20.2,10-25%
8216,Nigeria,F,Education,Primary,... if she burns the food,15.7,10-25%
8217,Nigeria,F,Education,Secondary,... if she burns the food,9.7,10-25%
8218,Nigeria,F,Education,Higher,... if she goes out without telling him,9.7,10-25%
8219,Nigeria,F,Education,No education,... if she goes out without telling him,32.7,10-25%
8220,Nigeria,F,Education,Primary,... if she goes out without telling him,28.1,10-25%
8221,Nigeria,F,Education,Secondary,... if she goes out without telling him,20,10-25%
8222,Nigeria,F,Education,Higher,... if she neglects the children,11.6,10-25%
8223,Nigeria,F,Education,No education,... if she neglects the children,28,10-25%
8224,Nigeria,F,Education,Primary,... if she neglects the children,28.7,10-25%
8225,Nigeria,F,Education,Secondary,... if she neglects the children,22.3,10-25%
8226,Nigeria,F,Education,Higher,... if she refuses to have sex with him,7,10-25%
8227,Nigeria,F,Education,No education,... if she refuses to have sex with him,27.8,10-25%
8228,Nigeria,F,Education,Primary,... if she refuses to have sex with him,19.1,10-25%
8229,Nigeria,F,Education,Secondary,... if she refuses to have sex with him,12.2,10-25%
8230,Nigeria,F,Employment,Employed for cash,... for at least one specific reason,33.6,10-25%
8231,Nigeria,F,Employment,Employed for kind,... for at least one specific reason,50.2,10-25%
8232,Nigeria,F,Employment,Unemployed,... for at least one specific reason,34.2,10-25%
8233,Nigeria,F,Employment,Employed for cash,... if she argues with him,20.8,10-25%
8234,Nigeria,F,Employment,Employed for kind,... if she argues with him,33.8,10-25%
8235,Nigeria,F,Employment,Unemployed,... if she argues with him,20.2,10-25%
8236,Nigeria,F,Employment,Employed for cash,... if she burns the food,13.7,10-25%
8237,Nigeria,F,Employment,Employed for kind,... if she burns the food,20.8,10-25%
8238,Nigeria,F,Employment,Unemployed,... if she burns the food,13.9,10-25%
8239,Nigeria,F,Employment,Employed for cash,... if she goes out without telling him,24.2,10-25%
8240,Nigeria,F,Employment,Employed for kind,... if she goes out without telling him,35.5,10-25%
8241,Nigeria,F,Employment,Unemployed,... if she goes out without telling him,25.4,10-25%
8242,Nigeria,F,Employment,Employed for cash,... if she neglects the children,24.2,10-25%
8243,Nigeria,F,Employment,Employed for kind,... if she neglects the children,37,10-25%
8244,Nigeria,F,Employment,Unemployed,... if she neglects the children,23.3,10-25%
8245,Nigeria,F,Employment,Employed for cash,... if she refuses to have sex with him,18.2,10-25%
8246,Nigeria,F,Employment,Employed for kind,... if she refuses to have sex with him,24.3,10-25%
8247,Nigeria,F,Employment,Unemployed,... if she refuses to have sex with him,18.9,10-25%
8248,Nigeria,F,Marital status,Married or living together,... for at least one specific reason,36.8,10-25%
8249,Nigeria,F,Marital status,Never married,... for at least one specific reason,28.7,10-25%
8250,Nigeria,F,Marital status,"Widowed, divorced, separated",... for at least one specific reason,34.4,10-25%
8251,Nigeria,F,Marital status,Married or living together,... if she argues with him,22.8,10-25%
8252,Nigeria,F,Marital status,Never married,... if she argues with him,16.9,10-25%
8253,Nigeria,F,Marital status,"Widowed, divorced, separated",... if she argues with him,22.2,10-25%
8254,Nigeria,F,Marital status,Married or living together,... if she burns the food,15.8,10-25%
8255,Nigeria,F,Marital status,Never married,... if she burns the food,9.2,10-25%
8256,Nigeria,F,Marital status,"Widowed, divorced, separated",... if she burns the food,15,10-25%
8257,Nigeria,F,Marital status,Married or living together,... if she goes out without telling him,27.7,10-25%
8258,Nigeria,F,Marital status,Never married,... if she goes out without telling him,18.3,10-25%
8259,Nigeria,F,Marital status,"Widowed, divorced, separated",... if she goes out without telling him,24.4,10-25%
8260,Nigeria,F,Marital status,Married or living together,... if she neglects the children,25.7,10-25%
8261,Nigeria,F,Marital status,Never married,... if she neglects the children,21,10-25%
8262,Nigeria,F,Marital status,"Widowed, divorced, separated",... if she neglects the children,26,10-25%
8263,Nigeria,F,Marital status,Married or living together,... if she refuses to have sex with him,21.5,10-25%
8264,Nigeria,F,Marital status,Never married,... if she refuses to have sex with him,10.9,10-25%
8265,Nigeria,F,Marital status,"Widowed, divorced, separated",... if she refuses to have sex with him,17.4,10-25%
8266,Nigeria,F,Residence,Rural,... for at least one specific reason,41.2,10-25%
8267,Nigeria,F,Residence,Urban,... for at least one specific reason,25.9,10-25%
8268,Nigeria,F,Residence,Rural,... if she argues with him,25.9,10-25%
8269,Nigeria,F,Residence,Urban,... if she argues with him,15,10-25%
8270,Nigeria,F,Residence,Rural,... if she burns the food,18.9,10-25%
8271,Nigeria,F,Residence,Urban,... if she burns the food,7.8,10-25%
8272,Nigeria,F,Residence,Rural,... if she goes out without telling him,31.7,10-25%
8273,Nigeria,F,Residence,Urban,... if she goes out without telling him,16.5,10-25%
8274,Nigeria,F,Residence,Rural,... if she neglects the children,29,10-25%
8275,Nigeria,F,Residence,Urban,... if she neglects the children,18.6,10-25%
8276,Nigeria,F,Residence,Rural,... if she refuses to have sex with him,25,10-25%
8277,Nigeria,F,Residence,Urban,... if she refuses to have sex with him,10.3,10-25%
8278,Nigeria,M,Age,15-24,... for at least one specific reason,27.3,10-25%
8279,Nigeria,M,Age,25-34,... for at least one specific reason,24.7,10-25%
8280,Nigeria,M,Age,35-49,... for at least one specific reason,21.6,10-25%
8281,Nigeria,M,Age,15-24,... if she argues with him,14.6,10-25%
8282,Nigeria,M,Age,25-34,... if she argues with him,12.4,10-25%
8283,Nigeria,M,Age,35-49,... if she argues with him,11.9,10-25%
8284,Nigeria,M,Age,15-24,... if she burns the food,9.3,10-25%
8285,Nigeria,M,Age,25-34,... if she burns the food,7.5,10-25%
8286,Nigeria,M,Age,35-49,... if she burns the food,6.5,10-25%
8287,Nigeria,M,Age,15-24,... if she goes out without telling him,14.5,10-25%
8288,Nigeria,M,Age,25-34,... if she goes out without telling him,13.2,10-25%
8289,Nigeria,M,Age,35-49,... if she goes out without telling him,12,10-25%
8290,Nigeria,M,Age,15-24,... if she neglects the children,15.6,10-25%
8291,Nigeria,M,Age,25-34,... if she neglects the children,13.8,10-25%
8292,Nigeria,M,Age,35-49,... if she neglects the children,12,10-25%
8293,Nigeria,M,Age,15-24,... if she refuses to have sex with him,11.4,10-25%
8294,Nigeria,M,Age,25-34,... if she refuses to have sex with him,11.4,10-25%
8295,Nigeria,M,Age,35-49,... if she refuses to have sex with him,10.6,10-25%
8296,Nigeria,M,Education,Higher,... for at least one specific reason,13.8,10-25%
8297,Nigeria,M,Education,No education,... for at least one specific reason,27.9,10-25%
8298,Nigeria,M,Education,Primary,... for at least one specific reason,28.5,10-25%
8299,Nigeria,M,Education,Secondary,... for at least one specific reason,25.1,10-25%
8300,Nigeria,M,Education,Higher,... if she argues with him,5.3,10-25%
8301,Nigeria,M,Education,No education,... if she argues with him,16.3,10-25%
8302,Nigeria,M,Education,Primary,... if she argues with him,16.6,10-25%
8303,Nigeria,M,Education,Secondary,... if she argues with him,12.7,10-25%
8304,Nigeria,M,Education,Higher,... if she burns the food,3.1,10-25%
8305,Nigeria,M,Education,No education,... if she burns the food,11.6,10-25%
8306,Nigeria,M,Education,Primary,... if she burns the food,9,10-25%
8307,Nigeria,M,Education,Secondary,... if she burns the food,7.1,10-25%
8308,Nigeria,M,Education,Higher,... if she goes out without telling him,6,10-25%
8309,Nigeria,M,Education,No education,... if she goes out without telling him,15.1,10-25%
8310,Nigeria,M,Education,Primary,... if she goes out without telling him,16.4,10-25%
8311,Nigeria,M,Education,Secondary,... if she goes out without telling him,13.6,10-25%
8312,Nigeria,M,Education,Higher,... if she neglects the children,7.3,10-25%
8313,Nigeria,M,Education,No education,... if she neglects the children,13.8,10-25%
8314,Nigeria,M,Education,Primary,... if she neglects the children,15.8,10-25%
8315,Nigeria,M,Education,Secondary,... if she neglects the children,15.1,10-25%
8316,Nigeria,M,Education,Higher,... if she refuses to have sex with him,6.2,10-25%
8317,Nigeria,M,Education,No education,... if she refuses to have sex with him,18.3,10-25%
8318,Nigeria,M,Education,Primary,... if she refuses to have sex with him,12.5,10-25%
8319,Nigeria,M,Education,Secondary,... if she refuses to have sex with him,9,10-25%
8320,Nigeria,M,Employment,Employed for cash,... for at least one specific reason,24.3,10-25%
8321,Nigeria,M,Employment,Employed for kind,... for at least one specific reason,36.8,10-25%
8322,Nigeria,M,Employment,Unemployed,... for at least one specific reason,20.9,10-25%
8323,Nigeria,M,Employment,Employed for cash,... if she argues with him,13,10-25%
8324,Nigeria,M,Employment,Employed for kind,... if she argues with him,19.7,10-25%
8325,Nigeria,M,Employment,Unemployed,... if she argues with him,10.7,10-25%
8326,Nigeria,M,Employment,Employed for cash,... if she burns the food,7.5,10-25%
8327,Nigeria,M,Employment,Employed for kind,... if she burns the food,15.5,10-25%
8328,Nigeria,M,Employment,Unemployed,... if she burns the food,5.8,10-25%
8329,Nigeria,M,Employment,Employed for cash,... if she goes out without telling him,13.3,10-25%
8330,Nigeria,M,Employment,Employed for kind,... if she goes out without telling him,22,10-25%
8331,Nigeria,M,Employment,Unemployed,... if she goes out without telling him,9.8,10-25%
8332,Nigeria,M,Employment,Employed for cash,... if she neglects the children,13.7,10-25%
8333,Nigeria,M,Employment,Employed for kind,... if she neglects the children,20.6,10-25%
8334,Nigeria,M,Employment,Unemployed,... if she neglects the children,11.5,10-25%
8335,Nigeria,M,Employment,Employed for cash,... if she refuses to have sex with him,11.1,10-25%
8336,Nigeria,M,Employment,Employed for kind,... if she refuses to have sex with him,20.9,10-25%
8337,Nigeria,M,Employment,Unemployed,... if she refuses to have sex with him,7,10-25%
8338,Nigeria,M,Marital status,Married or living together,... for at least one specific reason,23.2,10-25%
8339,Nigeria,M,Marital status,Never married,... for at least one specific reason,26,10-25%
8340,Nigeria,M,Marital status,"Widowed, divorced, separated",... for at least one specific reason,32.4,10-25%
8341,Nigeria,M,Marital status,Married or living together,... if she argues with him,12.8,10-25%
8342,Nigeria,M,Marital status,Never married,... if she argues with him,13.3,10-25%
8343,Nigeria,M,Marital status,"Widowed, divorced, separated",... if she argues with him,16.3,10-25%
8344,Nigeria,M,Marital status,Married or living together,... if she burns the food,7.4,10-25%
8345,Nigeria,M,Marital status,Never married,... if she burns the food,8.3,10-25%
8346,Nigeria,M,Marital status,"Widowed, divorced, separated",... if she burns the food,9.3,10-25%
8347,Nigeria,M,Marital status,Married or living together,... if she goes out without telling him,12.6,10-25%
8348,Nigeria,M,Marital status,Never married,... if she goes out without telling him,13.8,10-25%
8349,Nigeria,M,Marital status,"Widowed, divorced, separated",... if she goes out without telling him,20.1,10-25%
8350,Nigeria,M,Marital status,Married or living together,... if she neglects the children,12.7,10-25%
8351,Nigeria,M,Marital status,Never married,... if she neglects the children,14.8,10-25%
8352,Nigeria,M,Marital status,"Widowed, divorced, separated",... if she neglects the children,20.2,10-25%
8353,Nigeria,M,Marital status,Married or living together,... if she refuses to have sex with him,11.5,10-25%
8354,Nigeria,M,Marital status,Never married,... if she refuses to have sex with him,10.7,10-25%
8355,Nigeria,M,Marital status,"Widowed, divorced, separated",... if she refuses to have sex with him,12.6,10-25%
8356,Nigeria,M,Residence,Rural,... for at least one specific reason,28.7,10-25%
8357,Nigeria,M,Residence,Urban,... for at least one specific reason,19.4,10-25%
8358,Nigeria,M,Residence,Rural,... if she argues with him,15.8,10-25%
8359,Nigeria,M,Residence,Urban,... if she argues with him,9.5,10-25%
8360,Nigeria,M,Residence,Rural,... if she burns the food,10.1,10-25%
8361,Nigeria,M,Residence,Urban,... if she burns the food,5,10-25%
8362,Nigeria,M,Residence,Rural,... if she goes out without telling him,16.2,10-25%
8363,Nigeria,M,Residence,Urban,... if she goes out without telling him,9.6,10-25%
8364,Nigeria,M,Residence,Rural,... if she neglects the children,16,10-25%
8365,Nigeria,M,Residence,Urban,... if she neglects the children,11.1,10-25%
8366,Nigeria,M,Residence,Rural,... if she refuses to have sex with him,14.6,10-25%
8367,Nigeria,M,Residence,Urban,... if she refuses to have sex with him,6.7,10-25%
8368,Pakistan,F,Age,15-24,... for at least one specific reason,45.1,<10%
8369,Pakistan,F,Age,25-34,... for at least one specific reason,40.5,<10%
8370,Pakistan,F,Age,35-49,... for at least one specific reason,39.6,<10%
8371,Pakistan,F,Age,15-24,... if she argues with him,35,<10%
8372,Pakistan,F,Age,25-34,... if she argues with him,30.9,<10%
8373,Pakistan,F,Age,35-49,... if she argues with him,30.6,<10%
8374,Pakistan,F,Age,15-24,... if she burns the food,20.1,<10%
8375,Pakistan,F,Age,25-34,... if she burns the food,17.8,<10%
8376,Pakistan,F,Age,35-49,... if she burns the food,17.9,<10%
8377,Pakistan,F,Age,15-24,... if she goes out without telling him,35.7,<10%
8378,Pakistan,F,Age,25-34,... if she goes out without telling him,31.2,<10%
8379,Pakistan,F,Age,35-49,... if she goes out without telling him,29.6,<10%
8380,Pakistan,F,Age,15-24,... if she neglects the children,31.1,<10%
8381,Pakistan,F,Age,25-34,... if she neglects the children,27.8,<10%
8382,Pakistan,F,Age,35-49,... if she neglects the children,26.1,<10%
8383,Pakistan,F,Age,15-24,... if she refuses to have sex with him,28.9,<10%
8384,Pakistan,F,Age,25-34,... if she refuses to have sex with him,26.7,<10%
8385,Pakistan,F,Age,35-49,... if she refuses to have sex with him,27.3,<10%
8386,Pakistan,F,Education,Higher,... for at least one specific reason,16.4,<10%
8387,Pakistan,F,Education,No education,... for at least one specific reason,55,<10%
8388,Pakistan,F,Education,Primary,... for at least one specific reason,39.5,<10%
8389,Pakistan,F,Education,Secondary,... for at least one specific reason,25.5,<10%
8390,Pakistan,F,Education,Higher,... if she argues with him,8.5,<10%
8391,Pakistan,F,Education,No education,... if she argues with him,44.5,<10%
8392,Pakistan,F,Education,Primary,... if she argues with him,29.2,<10%
8393,Pakistan,F,Education,Secondary,... if she argues with him,17.8,<10%
8394,Pakistan,F,Education,Higher,... if she burns the food,4.3,<10%
8395,Pakistan,F,Education,No education,... if she burns the food,27.1,<10%
8396,Pakistan,F,Education,Primary,... if she burns the food,16.7,<10%
8397,Pakistan,F,Education,Secondary,... if she burns the food,7.9,<10%
8398,Pakistan,F,Education,Higher,... if she goes out without telling him,11.3,<10%
8399,Pakistan,F,Education,No education,... if she goes out without telling him,44.2,<10%
8400,Pakistan,F,Education,Primary,... if she goes out without telling him,28.4,<10%
8401,Pakistan,F,Education,Secondary,... if she goes out without telling him,16.7,<10%
8402,Pakistan,F,Education,Higher,... if she neglects the children,9.4,<10%
8403,Pakistan,F,Education,No education,... if she neglects the children,38.3,<10%
8404,Pakistan,F,Education,Primary,... if she neglects the children,25.6,<10%
8405,Pakistan,F,Education,Secondary,... if she neglects the children,16.4,<10%
8406,Pakistan,F,Education,Higher,... if she refuses to have sex with him,7.7,<10%
8407,Pakistan,F,Education,No education,... if she refuses to have sex with him,38.7,<10%
8408,Pakistan,F,Education,Primary,... if she refuses to have sex with him,24.8,<10%
8409,Pakistan,F,Education,Secondary,... if she refuses to have sex with him,15.2,<10%
8410,Pakistan,F,Employment,Employed for cash,... for at least one specific reason,45.4,<10%
8411,Pakistan,F,Employment,Employed for kind,... for at least one specific reason,62.6,<10%
8412,Pakistan,F,Employment,Unemployed,... for at least one specific reason,39.4,<10%
8413,Pakistan,F,Employment,Employed for cash,... if she argues with him,34.1,<10%
8414,Pakistan,F,Employment,Employed for kind,... if she argues with him,51,<10%
8415,Pakistan,F,Employment,Unemployed,... if she argues with him,30.3,<10%
8416,Pakistan,F,Employment,Employed for cash,... if she burns the food,22.8,<10%
8417,Pakistan,F,Employment,Employed for kind,... if she burns the food,29.9,<10%
8418,Pakistan,F,Employment,Unemployed,... if she burns the food,17,<10%
8419,Pakistan,F,Employment,Employed for cash,... if she goes out without telling him,33.3,<10%
8420,Pakistan,F,Employment,Employed for kind,... if she goes out without telling him,45.3,<10%
8421,Pakistan,F,Employment,Unemployed,... if she goes out without telling him,30.6,<10%
8422,Pakistan,F,Employment,Employed for cash,... if she neglects the children,32.9,<10%
8423,Pakistan,F,Employment,Employed for kind,... if she neglects the children,43.5,<10%
8424,Pakistan,F,Employment,Unemployed,... if she neglects the children,26.1,<10%
8425,Pakistan,F,Employment,Employed for cash,... if she refuses to have sex with him,30.6,<10%
8426,Pakistan,F,Employment,Employed for kind,... if she refuses to have sex with him,45,<10%
8427,Pakistan,F,Employment,Unemployed,... if she refuses to have sex with him,26,<10%
8428,Pakistan,F,Marital status,Married or living together,... for at least one specific reason,41.2,<10%
8429,Pakistan,F,Marital status,"Widowed, divorced, separated",... for at least one specific reason,37.7,<10%
8430,Pakistan,F,Marital status,Married or living together,... if she argues with him,31.8,<10%
8431,Pakistan,F,Marital status,"Widowed, divorced, separated",... if she argues with him,27.6,<10%
8432,Pakistan,F,Marital status,Married or living together,... if she burns the food,18.3,<10%
8433,Pakistan,F,Marital status,"Widowed, divorced, separated",... if she burns the food,19.6,<10%
8434,Pakistan,F,Marital status,Married or living together,... if she goes out without telling him,31.6,<10%
8435,Pakistan,F,Marital status,"Widowed, divorced, separated",... if she goes out without telling him,28.4,<10%
8436,Pakistan,F,Marital status,Married or living together,... if she neglects the children,27.8,<10%
8437,Pakistan,F,Marital status,"Widowed, divorced, separated",... if she neglects the children,27.9,<10%
8438,Pakistan,F,Marital status,Married or living together,... if she refuses to have sex with him,27.5,<10%
8439,Pakistan,F,Marital status,"Widowed, divorced, separated",... if she refuses to have sex with him,25.2,<10%
8440,Pakistan,F,Residence,Rural,... for at least one specific reason,49.9,<10%
8441,Pakistan,F,Residence,Urban,... for at least one specific reason,25.9,<10%
8442,Pakistan,F,Residence,Rural,... if she argues with him,39.9,<10%
8443,Pakistan,F,Residence,Urban,... if she argues with him,17.3,<10%
8444,Pakistan,F,Residence,Rural,... if she burns the food,24,<10%
8445,Pakistan,F,Residence,Urban,... if she burns the food,8.7,<10%
8446,Pakistan,F,Residence,Rural,... if she goes out without telling him,39.2,<10%
8447,Pakistan,F,Residence,Urban,... if she goes out without telling him,18.1,<10%
8448,Pakistan,F,Residence,Rural,... if she neglects the children,34.8,<10%
8449,Pakistan,F,Residence,Urban,... if she neglects the children,15.8,<10%
8450,Pakistan,F,Residence,Rural,... if she refuses to have sex with him,34.7,<10%
8451,Pakistan,F,Residence,Urban,... if she refuses to have sex with him,14.8,<10%
8452,Pakistan,M,Age,15-24,... for at least one specific reason,46.9,<10%
8453,Pakistan,M,Age,25-34,... for at least one specific reason,37.8,<10%
8454,Pakistan,M,Age,35-49,... for at least one specific reason,35.4,<10%
8455,Pakistan,M,Age,15-24,... if she argues with him,27.4,<10%
8456,Pakistan,M,Age,25-34,... if she argues with him,21.8,<10%
8457,Pakistan,M,Age,35-49,... if she argues with him,17.8,<10%
8458,Pakistan,M,Age,15-24,... if she burns the food,6.9,<10%
8459,Pakistan,M,Age,25-34,... if she burns the food,4.4,<10%
8460,Pakistan,M,Age,35-49,... if she burns the food,3.4,<10%
8461,Pakistan,M,Age,15-24,... if she goes out without telling him,35.7,<10%
8462,Pakistan,M,Age,25-34,... if she goes out without telling him,28.9,<10%
8463,Pakistan,M,Age,35-49,... if she goes out without telling him,25.3,<10%
8464,Pakistan,M,Age,15-24,... if she neglects the children,22.1,<10%
8465,Pakistan,M,Age,25-34,... if she neglects the children,18.6,<10%
8466,Pakistan,M,Age,35-49,... if she neglects the children,18.3,<10%
8467,Pakistan,M,Age,15-24,... if she refuses to have sex with him,12.9,<10%
8468,Pakistan,M,Age,25-34,... if she refuses to have sex with him,8.8,<10%
8469,Pakistan,M,Age,35-49,... if she refuses to have sex with him,9.2,<10%
8470,Pakistan,M,Education,Higher,... for at least one specific reason,17.4,<10%
8471,Pakistan,M,Education,No education,... for at least one specific reason,54.3,<10%
8472,Pakistan,M,Education,Primary,... for at least one specific reason,41.2,<10%
8473,Pakistan,M,Education,Secondary,... for at least one specific reason,33.9,<10%
8474,Pakistan,M,Education,Higher,... if she argues with him,9.2,<10%
8475,Pakistan,M,Education,No education,... if she argues with him,32.4,<10%
8476,Pakistan,M,Education,Primary,... if she argues with him,22,<10%
8477,Pakistan,M,Education,Secondary,... if she argues with him,16.5,<10%
8478,Pakistan,M,Education,Higher,... if she burns the food,1.9,<10%
8479,Pakistan,M,Education,No education,... if she burns the food,5.5,<10%
8480,Pakistan,M,Education,Primary,... if she burns the food,5.4,<10%
8481,Pakistan,M,Education,Secondary,... if she burns the food,3.5,<10%
8482,Pakistan,M,Education,Higher,... if she goes out without telling him,11.5,<10%
8483,Pakistan,M,Education,No education,... if she goes out without telling him,40.4,<10%
8484,Pakistan,M,Education,Primary,... if she goes out without telling him,30.6,<10%
8485,Pakistan,M,Education,Secondary,... if she goes out without telling him,25.4,<10%
8486,Pakistan,M,Education,Higher,... if she neglects the children,7.8,<10%
8487,Pakistan,M,Education,No education,... if she neglects the children,28,<10%
8488,Pakistan,M,Education,Primary,... if she neglects the children,20.3,<10%
8489,Pakistan,M,Education,Secondary,... if she neglects the children,17,<10%
8490,Pakistan,M,Education,Higher,... if she refuses to have sex with him,2.5,<10%
8491,Pakistan,M,Education,No education,... if she refuses to have sex with him,18.6,<10%
8492,Pakistan,M,Education,Primary,... if she refuses to have sex with him,9.3,<10%
8493,Pakistan,M,Education,Secondary,... if she refuses to have sex with him,6.6,<10%
8494,Pakistan,M,Employment,Employed for cash,... for at least one specific reason,37.8,<10%
8495,Pakistan,M,Employment,Employed for kind,... for at least one specific reason,41.6,<10%
8496,Pakistan,M,Employment,Unemployed,... for at least one specific reason,22,<10%
8497,Pakistan,M,Employment,Employed for cash,... if she argues with him,20.3,<10%
8498,Pakistan,M,Employment,Employed for kind,... if she argues with him,34.2,<10%
8499,Pakistan,M,Employment,Unemployed,... if she argues with him,11,<10%
8500,Pakistan,M,Employment,Employed for cash,... if she burns the food,4.2,<10%
8501,Pakistan,M,Employment,Employed for kind,... if she burns the food,2.4,<10%
8502,Pakistan,M,Employment,Unemployed,... if she burns the food,0.1,<10%
8503,Pakistan,M,Employment,Employed for cash,... if she goes out without telling him,27.9,<10%
8504,Pakistan,M,Employment,Employed for kind,... if she goes out without telling him,31.3,<10%
8505,Pakistan,M,Employment,Unemployed,... if she goes out without telling him,15.2,<10%
8506,Pakistan,M,Employment,Employed for cash,... if she neglects the children,18.8,<10%
8507,Pakistan,M,Employment,Employed for kind,... if she neglects the children,22.7,<10%
8508,Pakistan,M,Employment,Unemployed,... if she neglects the children,15.6,<10%
8509,Pakistan,M,Employment,Employed for cash,... if she refuses to have sex with him,9.5,<10%
8510,Pakistan,M,Employment,Employed for kind,... if she refuses to have sex with him,15.2,<10%
8511,Pakistan,M,Employment,Unemployed,... if she refuses to have sex with him,4,<10%
8512,Pakistan,M,Marital status,Married or living together,... for at least one specific reason,37.4,<10%
8513,Pakistan,M,Marital status,"Widowed, divorced, separated",... for at least one specific reason,42.1,<10%
8514,Pakistan,M,Marital status,Married or living together,... if she argues with him,20,<10%
8515,Pakistan,M,Marital status,"Widowed, divorced, separated",... if she argues with him,35.7,<10%
8516,Pakistan,M,Marital status,Married or living together,... if she burns the food,4,<10%
8517,Pakistan,M,Marital status,"Widowed, divorced, separated",... if she burns the food,9.1,<10%
8518,Pakistan,M,Marital status,Married or living together,... if she goes out without telling him,27.5,<10%
8519,Pakistan,M,Marital status,"Widowed, divorced, separated",... if she goes out without telling him,35.2,<10%
8520,Pakistan,M,Marital status,Married or living together,... if she neglects the children,18.5,<10%
8521,Pakistan,M,Marital status,"Widowed, divorced, separated",... if she neglects the children,33.1,<10%
8522,Pakistan,M,Marital status,Married or living together,... if she refuses to have sex with him,9.4,<10%
8523,Pakistan,M,Marital status,"Widowed, divorced, separated",... if she refuses to have sex with him,11.3,<10%
8524,Pakistan,M,Residence,Rural,... for at least one specific reason,46.2,<10%
8525,Pakistan,M,Residence,Urban,... for at least one specific reason,24.5,<10%
8526,Pakistan,M,Residence,Rural,... if she argues with him,25.5,<10%
8527,Pakistan,M,Residence,Urban,... if she argues with him,12.6,<10%
8528,Pakistan,M,Residence,Rural,... if she burns the food,5.2,<10%
8529,Pakistan,M,Residence,Urban,... if she burns the food,2.5,<10%
8530,Pakistan,M,Residence,Rural,... if she goes out without telling him,35.5,<10%
8531,Pakistan,M,Residence,Urban,... if she goes out without telling him,16.1,<10%
8532,Pakistan,M,Residence,Rural,... if she neglects the children,22.8,<10%
8533,Pakistan,M,Residence,Urban,... if she neglects the children,12.8,<10%
8534,Pakistan,M,Residence,Rural,... if she refuses to have sex with him,13.2,<10%
8535,Pakistan,M,Residence,Urban,... if she refuses to have sex with him,3.8,<10%
8536,Peru,F,Age,15-24,... for at least one specific reason,4,>25%
8537,Peru,F,Age,25-34,... for at least one specific reason,2.7,>25%
8538,Peru,F,Age,35-49,... for at least one specific reason,3.7,>25%
8539,Peru,F,Age,15-24,... if she argues with him,0.9,>25%
8540,Peru,F,Age,25-34,... if she argues with him,0.7,>25%
8541,Peru,F,Age,35-49,... if she argues with him,0.9,>25%
8542,Peru,F,Age,15-24,... if she burns the food,1.2,>25%
8543,Peru,F,Age,25-34,... if she burns the food,0.8,>25%
8544,Peru,F,Age,35-49,... if she burns the food,1.1,>25%
8545,Peru,F,Age,15-24,... if she goes out without telling him,1.1,>25%
8546,Peru,F,Age,25-34,... if she goes out without telling him,0.9,>25%
8547,Peru,F,Age,35-49,... if she goes out without telling him,1.3,>25%
8548,Peru,F,Age,15-24,... if she neglects the children,2.6,>25%
8549,Peru,F,Age,25-34,... if she neglects the children,1.7,>25%
8550,Peru,F,Age,35-49,... if she neglects the children,2.4,>25%
8551,Peru,F,Age,15-24,... if she refuses to have sex with him,0.6,>25%
8552,Peru,F,Age,25-34,... if she refuses to have sex with him,0.4,>25%
8553,Peru,F,Age,35-49,... if she refuses to have sex with him,0.8,>25%
8554,Peru,F,Education,Higher,... for at least one specific reason,1.8,>25%
8555,Peru,F,Education,No education,... for at least one specific reason,6.8,>25%
8556,Peru,F,Education,Primary,... for at least one specific reason,6.1,>25%
8557,Peru,F,Education,Secondary,... for at least one specific reason,3.1,>25%
8558,Peru,F,Education,Higher,... if she argues with him,0.4,>25%
8559,Peru,F,Education,No education,... if she argues with him,2.1,>25%
8560,Peru,F,Education,Primary,... if she argues with him,1.7,>25%
8561,Peru,F,Education,Secondary,... if she argues with him,0.6,>25%
8562,Peru,F,Education,Higher,... if she burns the food,0.9,>25%
8563,Peru,F,Education,No education,... if she burns the food,1.9,>25%
8564,Peru,F,Education,Primary,... if she burns the food,1.6,>25%
8565,Peru,F,Education,Secondary,... if she burns the food,0.9,>25%
8566,Peru,F,Education,Higher,... if she goes out without telling him,0.6,>25%
8567,Peru,F,Education,No education,... if she goes out without telling him,2.3,>25%
8568,Peru,F,Education,Primary,... if she goes out without telling him,2,>25%
8569,Peru,F,Education,Secondary,... if she goes out without telling him,1,>25%
8570,Peru,F,Education,Higher,... if she neglects the children,0.9,>25%
8571,Peru,F,Education,No education,... if she neglects the children,4.1,>25%
8572,Peru,F,Education,Primary,... if she neglects the children,4.2,>25%
8573,Peru,F,Education,Secondary,... if she neglects the children,2,>25%
8574,Peru,F,Education,Higher,... if she refuses to have sex with him,0.4,>25%
8575,Peru,F,Education,No education,... if she refuses to have sex with him,1.6,>25%
8576,Peru,F,Education,Primary,... if she refuses to have sex with him,1,>25%
8577,Peru,F,Education,Secondary,... if she refuses to have sex with him,0.5,>25%
8578,Peru,F,Employment,Employed for cash,... for at least one specific reason,3.2,>25%
8579,Peru,F,Employment,Employed for kind,... for at least one specific reason,6.9,>25%
8580,Peru,F,Employment,Unemployed,... for at least one specific reason,2.8,>25%
8581,Peru,F,Employment,Employed for cash,... if she argues with him,0.7,>25%
8582,Peru,F,Employment,Employed for kind,... if she argues with him,2.1,>25%
8583,Peru,F,Employment,Unemployed,... if she argues with him,0.6,>25%
8584,Peru,F,Employment,Employed for cash,... if she burns the food,0.9,>25%
8585,Peru,F,Employment,Employed for kind,... if she burns the food,2.2,>25%
8586,Peru,F,Employment,Unemployed,... if she burns the food,0.9,>25%
8587,Peru,F,Employment,Employed for cash,... if she goes out without telling him,1,>25%
8588,Peru,F,Employment,Employed for kind,... if she goes out without telling him,2.1,>25%
8589,Peru,F,Employment,Unemployed,... if she goes out without telling him,0.9,>25%
8590,Peru,F,Employment,Employed for cash,... if she neglects the children,2.1,>25%
8591,Peru,F,Employment,Employed for kind,... if she neglects the children,4.4,>25%
8592,Peru,F,Employment,Unemployed,... if she neglects the children,1.7,>25%
8593,Peru,F,Employment,Employed for cash,... if she refuses to have sex with him,0.6,>25%
8594,Peru,F,Employment,Employed for kind,... if she refuses to have sex with him,1.1,>25%
8595,Peru,F,Employment,Unemployed,... if she refuses to have sex with him,0.6,>25%
8596,Peru,F,Marital status,Married or living together,... for at least one specific reason,3.5,>25%
8597,Peru,F,Marital status,Never married,... for at least one specific reason,3.4,>25%
8598,Peru,F,Marital status,"Widowed, divorced, separated",... for at least one specific reason,3.8,>25%
8599,Peru,F,Marital status,Married or living together,... if she argues with him,0.8,>25%
8600,Peru,F,Marital status,Never married,... if she argues with him,0.9,>25%
8601,Peru,F,Marital status,"Widowed, divorced, separated",... if she argues with him,0.9,>25%
8602,Peru,F,Marital status,Married or living together,... if she burns the food,0.9,>25%
8603,Peru,F,Marital status,Never married,... if she burns the food,1.3,>25%
8604,Peru,F,Marital status,"Widowed, divorced, separated",... if she burns the food,1.4,>25%
8605,Peru,F,Marital status,Married or living together,... if she goes out without telling him,1.2,>25%
8606,Peru,F,Marital status,Never married,... if she goes out without telling him,1,>25%
8607,Peru,F,Marital status,"Widowed, divorced, separated",... if she goes out without telling him,1,>25%
8608,Peru,F,Marital status,Married or living together,... if she neglects the children,2.2,>25%
8609,Peru,F,Marital status,Never married,... if she neglects the children,2.3,>25%
8610,Peru,F,Marital status,"Widowed, divorced, separated",... if she neglects the children,2.3,>25%
8611,Peru,F,Marital status,Married or living together,... if she refuses to have sex with him,0.7,>25%
8612,Peru,F,Marital status,Never married,... if she refuses to have sex with him,0.6,>25%
8613,Peru,F,Marital status,"Widowed, divorced, separated",... if she refuses to have sex with him,0.4,>25%
8614,Peru,F,Residence,Rural,... for at least one specific reason,6.2,>25%
8615,Peru,F,Residence,Urban,... for at least one specific reason,2.6,>25%
8616,Peru,F,Residence,Rural,... if she argues with him,1.7,>25%
8617,Peru,F,Residence,Urban,... if she argues with him,0.5,>25%
8618,Peru,F,Residence,Rural,... if she burns the food,1.7,>25%
8619,Peru,F,Residence,Urban,... if she burns the food,0.9,>25%
8620,Peru,F,Residence,Rural,... if she goes out without telling him,2.1,>25%
8621,Peru,F,Residence,Urban,... if she goes out without telling him,0.8,>25%
8622,Peru,F,Residence,Rural,... if she neglects the children,3.9,>25%
8623,Peru,F,Residence,Urban,... if she neglects the children,1.7,>25%
8624,Peru,F,Residence,Rural,... if she refuses to have sex with him,1,>25%
8625,Peru,F,Residence,Urban,... if she refuses to have sex with him,0.5,>25%
8626,Philippines,F,Age,15-24,... for at least one specific reason,11.6,>25%
8627,Philippines,F,Age,25-34,... for at least one specific reason,10.7,>25%
8628,Philippines,F,Age,35-49,... for at least one specific reason,10.4,>25%
8629,Philippines,F,Age,15-24,... if she argues with him,2.3,>25%
8630,Philippines,F,Age,25-34,... if she argues with him,2,>25%
8631,Philippines,F,Age,35-49,... if she argues with him,2.2,>25%
8632,Philippines,F,Age,15-24,... if she burns the food,1.7,>25%
8633,Philippines,F,Age,25-34,... if she burns the food,1,>25%
8634,Philippines,F,Age,35-49,... if she burns the food,1.1,>25%
8635,Philippines,F,Age,15-24,... if she goes out without telling him,3.3,>25%
8636,Philippines,F,Age,25-34,... if she goes out without telling him,3.4,>25%
8637,Philippines,F,Age,35-49,... if she goes out without telling him,3.5,>25%
8638,Philippines,F,Age,15-24,... if she neglects the children,9.5,>25%
8639,Philippines,F,Age,25-34,... if she neglects the children,8.2,>25%
8640,Philippines,F,Age,35-49,... if she neglects the children,7.9,>25%
8641,Philippines,F,Age,15-24,... if she refuses to have sex with him,1.6,>25%
8642,Philippines,F,Age,25-34,... if she refuses to have sex with him,1.3,>25%
8643,Philippines,F,Age,35-49,... if she refuses to have sex with him,1.1,>25%
8644,Philippines,F,Education,Higher,... for at least one specific reason,7.5,>25%
8645,Philippines,F,Education,No education,... for at least one specific reason,17.5,>25%
8646,Philippines,F,Education,Primary,... for at least one specific reason,16.5,>25%
8647,Philippines,F,Education,Secondary,... for at least one specific reason,11.8,>25%
8648,Philippines,F,Education,Higher,... if she argues with him,1.1,>25%
8649,Philippines,F,Education,No education,... if she argues with him,2.7,>25%
8650,Philippines,F,Education,Primary,... if she argues with him,3.6,>25%
8651,Philippines,F,Education,Secondary,... if she argues with him,2.5,>25%
8652,Philippines,F,Education,Higher,... if she burns the food,0.7,>25%
8653,Philippines,F,Education,No education,... if she burns the food,1.8,>25%
8654,Philippines,F,Education,Primary,... if she burns the food,2.4,>25%
8655,Philippines,F,Education,Secondary,... if she burns the food,1.5,>25%
8656,Philippines,F,Education,Higher,... if she goes out without telling him,1.3,>25%
8657,Philippines,F,Education,No education,... if she goes out without telling him,9.8,>25%
8658,Philippines,F,Education,Primary,... if she goes out without telling him,7.9,>25%
8659,Philippines,F,Education,Secondary,... if she goes out without telling him,3.6,>25%
8660,Philippines,F,Education,Higher,... if she neglects the children,6.3,>25%
8661,Philippines,F,Education,No education,... if she neglects the children,14.5,>25%
8662,Philippines,F,Education,Primary,... if she neglects the children,12.5,>25%
8663,Philippines,F,Education,Secondary,... if she neglects the children,9.1,>25%
8664,Philippines,F,Education,Higher,... if she refuses to have sex with him,0.8,>25%
8665,Philippines,F,Education,No education,... if she refuses to have sex with him,2.6,>25%
8666,Philippines,F,Education,Primary,... if she refuses to have sex with him,1.9,>25%
8667,Philippines,F,Education,Secondary,... if she refuses to have sex with him,1.6,>25%
8668,Philippines,F,Employment,Employed for cash,... for at least one specific reason,9.4,>25%
8669,Philippines,F,Employment,Employed for kind,... for at least one specific reason,15,>25%
8670,Philippines,F,Employment,Unemployed,... for at least one specific reason,11.4,>25%
8671,Philippines,F,Employment,Employed for cash,... if she argues with him,2,>25%
8672,Philippines,F,Employment,Employed for kind,... if she argues with him,2.9,>25%
8673,Philippines,F,Employment,Unemployed,... if she argues with him,2.2,>25%
8674,Philippines,F,Employment,Employed for cash,... if she burns the food,1.1,>25%
8675,Philippines,F,Employment,Employed for kind,... if she burns the food,1.8,>25%
8676,Philippines,F,Employment,Unemployed,... if she burns the food,1.5,>25%
8677,Philippines,F,Employment,Employed for cash,... if she goes out without telling him,2.5,>25%
8678,Philippines,F,Employment,Employed for kind,... if she goes out without telling him,5.3,>25%
8679,Philippines,F,Employment,Unemployed,... if she goes out without telling him,3.8,>25%
8680,Philippines,F,Employment,Employed for cash,... if she neglects the children,7.1,>25%
8681,Philippines,F,Employment,Employed for kind,... if she neglects the children,11.4,>25%
8682,Philippines,F,Employment,Unemployed,... if she neglects the children,9.4,>25%
8683,Philippines,F,Employment,Employed for cash,... if she refuses to have sex with him,1,>25%
8684,Philippines,F,Employment,Employed for kind,... if she refuses to have sex with him,1.6,>25%
8685,Philippines,F,Employment,Unemployed,... if she refuses to have sex with him,1.6,>25%
8686,Philippines,F,Marital status,Married or living together,... for at least one specific reason,11,>25%
8687,Philippines,F,Marital status,Never married,... for at least one specific reason,10.5,>25%
8688,Philippines,F,Marital status,"Widowed, divorced, separated",... for at least one specific reason,12.7,>25%
8689,Philippines,F,Marital status,Married or living together,... if she argues with him,2.1,>25%
8690,Philippines,F,Marital status,Never married,... if she argues with him,2.2,>25%
8691,Philippines,F,Marital status,"Widowed, divorced, separated",... if she argues with him,3.1,>25%
8692,Philippines,F,Marital status,Married or living together,... if she burns the food,1.1,>25%
8693,Philippines,F,Marital status,Never married,... if she burns the food,1.7,>25%
8694,Philippines,F,Marital status,"Widowed, divorced, separated",... if she burns the food,1.2,>25%
8695,Philippines,F,Marital status,Married or living together,... if she goes out without telling him,3.7,>25%
8696,Philippines,F,Marital status,Never married,... if she goes out without telling him,2.9,>25%
8697,Philippines,F,Marital status,"Widowed, divorced, separated",... if she goes out without telling him,3,>25%
8698,Philippines,F,Marital status,Married or living together,... if she neglects the children,8.7,>25%
8699,Philippines,F,Marital status,Never married,... if she neglects the children,8.4,>25%
8700,Philippines,F,Marital status,"Widowed, divorced, separated",... if she neglects the children,9,>25%
8701,Philippines,F,Marital status,Married or living together,... if she refuses to have sex with him,1.1,>25%
8702,Philippines,F,Marital status,Never married,... if she refuses to have sex with him,1.7,>25%
8703,Philippines,F,Marital status,"Widowed, divorced, separated",... if she refuses to have sex with him,1.2,>25%
8704,Philippines,F,Residence,Rural,... for at least one specific reason,13.2,>25%
8705,Philippines,F,Residence,Urban,... for at least one specific reason,8.5,>25%
8706,Philippines,F,Residence,Rural,... if she argues with him,2.3,>25%
8707,Philippines,F,Residence,Urban,... if she argues with him,2,>25%
8708,Philippines,F,Residence,Rural,... if she burns the food,1.5,>25%
8709,Philippines,F,Residence,Urban,... if she burns the food,1.1,>25%
8710,Philippines,F,Residence,Rural,... if she goes out without telling him,4.4,>25%
8711,Philippines,F,Residence,Urban,... if she goes out without telling him,2.3,>25%
8712,Philippines,F,Residence,Rural,... if she neglects the children,10.6,>25%
8713,Philippines,F,Residence,Urban,... if she neglects the children,6.5,>25%
8714,Philippines,F,Residence,Rural,... if she refuses to have sex with him,1.6,>25%
8715,Philippines,F,Residence,Urban,... if she refuses to have sex with him,1.1,>25%
8716,Rwanda,F,Age,15-24,... for at least one specific reason,43.9,<10%
8717,Rwanda,F,Age,25-34,... for at least one specific reason,40,<10%
8718,Rwanda,F,Age,35-49,... for at least one specific reason,39.6,<10%
8719,Rwanda,F,Age,15-24,... if she argues with him,21.4,<10%
8720,Rwanda,F,Age,25-34,... if she argues with him,19.6,<10%
8721,Rwanda,F,Age,35-49,... if she argues with him,20,<10%
8722,Rwanda,F,Age,15-24,... if she burns the food,9.9,<10%
8723,Rwanda,F,Age,25-34,... if she burns the food,8.2,<10%
8724,Rwanda,F,Age,35-49,... if she burns the food,8.3,<10%
8725,Rwanda,F,Age,15-24,... if she goes out without telling him,24.1,<10%
8726,Rwanda,F,Age,25-34,... if she goes out without telling him,21.2,<10%
8727,Rwanda,F,Age,35-49,... if she goes out without telling him,21.1,<10%
8728,Rwanda,F,Age,15-24,... if she neglects the children,32.1,<10%
8729,Rwanda,F,Age,25-34,... if she neglects the children,28.2,<10%
8730,Rwanda,F,Age,35-49,... if she neglects the children,27.2,<10%
8731,Rwanda,F,Age,15-24,... if she refuses to have sex with him,24.7,<10%
8732,Rwanda,F,Age,25-34,... if she refuses to have sex with him,23.8,<10%
8733,Rwanda,F,Age,35-49,... if she refuses to have sex with him,24.8,<10%
8734,Rwanda,F,Education,Higher,... for at least one specific reason,11.3,<10%
8735,Rwanda,F,Education,No education,... for at least one specific reason,46.1,<10%
8736,Rwanda,F,Education,Primary,... for at least one specific reason,43.8,<10%
8737,Rwanda,F,Education,Secondary,... for at least one specific reason,35,<10%
8738,Rwanda,F,Education,Higher,... if she argues with him,3.7,<10%
8739,Rwanda,F,Education,No education,... if she argues with him,24.9,<10%
8740,Rwanda,F,Education,Primary,... if she argues with him,21.8,<10%
8741,Rwanda,F,Education,Secondary,... if she argues with him,15.7,<10%
8742,Rwanda,F,Education,Higher,... if she burns the food,0.9,<10%
8743,Rwanda,F,Education,No education,... if she burns the food,11,<10%
8744,Rwanda,F,Education,Primary,... if she burns the food,9.7,<10%
8745,Rwanda,F,Education,Secondary,... if she burns the food,6.1,<10%
8746,Rwanda,F,Education,Higher,... if she goes out without telling him,4.1,<10%
8747,Rwanda,F,Education,No education,... if she goes out without telling him,25,<10%
8748,Rwanda,F,Education,Primary,... if she goes out without telling him,23.7,<10%
8749,Rwanda,F,Education,Secondary,... if she goes out without telling him,18.7,<10%
8750,Rwanda,F,Education,Higher,... if she neglects the children,6.5,<10%
8751,Rwanda,F,Education,No education,... if she neglects the children,31.3,<10%
8752,Rwanda,F,Education,Primary,... if she neglects the children,30.9,<10%
8753,Rwanda,F,Education,Secondary,... if she neglects the children,26.8,<10%
8754,Rwanda,F,Education,Higher,... if she refuses to have sex with him,3.3,<10%
8755,Rwanda,F,Education,No education,... if she refuses to have sex with him,31.4,<10%
8756,Rwanda,F,Education,Primary,... if she refuses to have sex with him,26,<10%
8757,Rwanda,F,Education,Secondary,... if she refuses to have sex with him,18,<10%
8758,Rwanda,F,Employment,Employed for cash,... for at least one specific reason,40.4,<10%
8759,Rwanda,F,Employment,Employed for kind,... for at least one specific reason,46.1,<10%
8760,Rwanda,F,Employment,Unemployed,... for at least one specific reason,35.6,<10%
8761,Rwanda,F,Employment,Employed for cash,... if she argues with him,19.8,<10%
8762,Rwanda,F,Employment,Employed for kind,... if she argues with him,23.3,<10%
8763,Rwanda,F,Employment,Unemployed,... if she argues with him,16.9,<10%
8764,Rwanda,F,Employment,Employed for cash,... if she burns the food,8.5,<10%
8765,Rwanda,F,Employment,Employed for kind,... if she burns the food,10.7,<10%
8766,Rwanda,F,Employment,Unemployed,... if she burns the food,6.6,<10%
8767,Rwanda,F,Employment,Employed for cash,... if she goes out without telling him,21.6,<10%
8768,Rwanda,F,Employment,Employed for kind,... if she goes out without telling him,26,<10%
8769,Rwanda,F,Employment,Unemployed,... if she goes out without telling him,17.4,<10%
8770,Rwanda,F,Employment,Employed for cash,... if she neglects the children,27.7,<10%
8771,Rwanda,F,Employment,Employed for kind,... if she neglects the children,35,<10%
8772,Rwanda,F,Employment,Unemployed,... if she neglects the children,24.8,<10%
8773,Rwanda,F,Employment,Employed for cash,... if she refuses to have sex with him,24.6,<10%
8774,Rwanda,F,Employment,Employed for kind,... if she refuses to have sex with him,26.1,<10%
8775,Rwanda,F,Employment,Unemployed,... if she refuses to have sex with him,20.1,<10%
8776,Rwanda,F,Marital status,Married or living together,... for at least one specific reason,39.8,<10%
8777,Rwanda,F,Marital status,Never married,... for at least one specific reason,42.9,<10%
8778,Rwanda,F,Marital status,"Widowed, divorced, separated",... for at least one specific reason,43.8,<10%
8779,Rwanda,F,Marital status,Married or living together,... if she argues with him,19.4,<10%
8780,Rwanda,F,Marital status,Never married,... if she argues with him,20.9,<10%
8781,Rwanda,F,Marital status,"Widowed, divorced, separated",... if she argues with him,23.6,<10%
8782,Rwanda,F,Marital status,Married or living together,... if she burns the food,7.2,<10%
8783,Rwanda,F,Marital status,Never married,... if she burns the food,10,<10%
8784,Rwanda,F,Marital status,"Widowed, divorced, separated",... if she burns the food,13.1,<10%
8785,Rwanda,F,Marital status,Married or living together,... if she goes out without telling him,20.5,<10%
8786,Rwanda,F,Marital status,Never married,... if she goes out without telling him,23.6,<10%
8787,Rwanda,F,Marital status,"Widowed, divorced, separated",... if she goes out without telling him,26.4,<10%
8788,Rwanda,F,Marital status,Married or living together,... if she neglects the children,27.8,<10%
8789,Rwanda,F,Marital status,Never married,... if she neglects the children,31,<10%
8790,Rwanda,F,Marital status,"Widowed, divorced, separated",... if she neglects the children,31.8,<10%
8791,Rwanda,F,Marital status,Married or living together,... if she refuses to have sex with him,23.4,<10%
8792,Rwanda,F,Marital status,Never married,... if she refuses to have sex with him,24.3,<10%
8793,Rwanda,F,Marital status,"Widowed, divorced, separated",... if she refuses to have sex with him,29.7,<10%
8794,Rwanda,F,Residence,Rural,... for at least one specific reason,45.8,<10%
8795,Rwanda,F,Residence,Urban,... for at least one specific reason,23.1,<10%
8796,Rwanda,F,Residence,Rural,... if she argues with him,22.5,<10%
8797,Rwanda,F,Residence,Urban,... if she argues with him,12,<10%
8798,Rwanda,F,Residence,Rural,... if she burns the food,10.1,<10%
8799,Rwanda,F,Residence,Urban,... if she burns the food,3.9,<10%
8800,Rwanda,F,Residence,Rural,... if she goes out without telling him,24.6,<10%
8801,Rwanda,F,Residence,Urban,... if she goes out without telling him,12.7,<10%
8802,Rwanda,F,Residence,Rural,... if she neglects the children,32.7,<10%
8803,Rwanda,F,Residence,Urban,... if she neglects the children,15.8,<10%
8804,Rwanda,F,Residence,Rural,... if she refuses to have sex with him,27.1,<10%
8805,Rwanda,F,Residence,Urban,... if she refuses to have sex with him,13.1,<10%
8806,Rwanda,M,Age,15-24,... for at least one specific reason,22.8,<10%
8807,Rwanda,M,Age,25-34,... for at least one specific reason,15.5,<10%
8808,Rwanda,M,Age,35-49,... for at least one specific reason,12.9,<10%
8809,Rwanda,M,Age,15-24,... if she argues with him,6.9,<10%
8810,Rwanda,M,Age,25-34,... if she argues with him,4.9,<10%
8811,Rwanda,M,Age,35-49,... if she argues with him,3.6,<10%
8812,Rwanda,M,Age,15-24,... if she burns the food,2.6,<10%
8813,Rwanda,M,Age,25-34,... if she burns the food,1,<10%
8814,Rwanda,M,Age,35-49,... if she burns the food,1.1,<10%
8815,Rwanda,M,Age,15-24,... if she goes out without telling him,8.6,<10%
8816,Rwanda,M,Age,25-34,... if she goes out without telling him,6.7,<10%
8817,Rwanda,M,Age,35-49,... if she goes out without telling him,4.8,<10%
8818,Rwanda,M,Age,15-24,... if she neglects the children,15.9,<10%
8819,Rwanda,M,Age,25-34,... if she neglects the children,10.4,<10%
8820,Rwanda,M,Age,35-49,... if she neglects the children,8.6,<10%
8821,Rwanda,M,Age,15-24,... if she refuses to have sex with him,9.3,<10%
8822,Rwanda,M,Age,25-34,... if she refuses to have sex with him,6,<10%
8823,Rwanda,M,Age,35-49,... if she refuses to have sex with him,3.5,<10%
8824,Rwanda,M,Education,Higher,... for at least one specific reason,5.2,<10%
8825,Rwanda,M,Education,No education,... for at least one specific reason,21.1,<10%
8826,Rwanda,M,Education,Primary,... for at least one specific reason,18.4,<10%
8827,Rwanda,M,Education,Secondary,... for at least one specific reason,17.5,<10%
8828,Rwanda,M,Education,Higher,... if she argues with him,0.6,<10%
8829,Rwanda,M,Education,No education,... if she argues with him,7.5,<10%
8830,Rwanda,M,Education,Primary,... if she argues with him,5.6,<10%
8831,Rwanda,M,Education,Secondary,... if she argues with him,5,<10%
8832,Rwanda,M,Education,Higher,... if she burns the food,0,<10%
8833,Rwanda,M,Education,No education,... if she burns the food,1.2,<10%
8834,Rwanda,M,Education,Primary,... if she burns the food,1.7,<10%
8835,Rwanda,M,Education,Secondary,... if she burns the food,2.2,<10%
8836,Rwanda,M,Education,Higher,... if she goes out without telling him,2.3,<10%
8837,Rwanda,M,Education,No education,... if she goes out without telling him,8.6,<10%
8838,Rwanda,M,Education,Primary,... if she goes out without telling him,7.1,<10%
8839,Rwanda,M,Education,Secondary,... if she goes out without telling him,6.8,<10%
8840,Rwanda,M,Education,Higher,... if she neglects the children,3.9,<10%
8841,Rwanda,M,Education,No education,... if she neglects the children,14.9,<10%
8842,Rwanda,M,Education,Primary,... if she neglects the children,12.3,<10%
8843,Rwanda,M,Education,Secondary,... if she neglects the children,12.4,<10%
8844,Rwanda,M,Education,Higher,... if she refuses to have sex with him,1,<10%
8845,Rwanda,M,Education,No education,... if she refuses to have sex with him,8,<10%
8846,Rwanda,M,Education,Primary,... if she refuses to have sex with him,7,<10%
8847,Rwanda,M,Education,Secondary,... if she refuses to have sex with him,6.3,<10%
8848,Rwanda,M,Employment,Employed for cash,... for at least one specific reason,17.2,<10%
8849,Rwanda,M,Employment,Employed for kind,... for at least one specific reason,19.1,<10%
8850,Rwanda,M,Employment,Unemployed,... for at least one specific reason,20.1,<10%
8851,Rwanda,M,Employment,Employed for cash,... if she argues with him,5.3,<10%
8852,Rwanda,M,Employment,Employed for kind,... if she argues with him,5.3,<10%
8853,Rwanda,M,Employment,Unemployed,... if she argues with him,6.3,<10%
8854,Rwanda,M,Employment,Employed for cash,... if she burns the food,1.6,<10%
8855,Rwanda,M,Employment,Employed for kind,... if she burns the food,1.8,<10%
8856,Rwanda,M,Employment,Unemployed,... if she burns the food,2.1,<10%
8857,Rwanda,M,Employment,Employed for cash,... if she goes out without telling him,6.8,<10%
8858,Rwanda,M,Employment,Employed for kind,... if she goes out without telling him,7.1,<10%
8859,Rwanda,M,Employment,Unemployed,... if she goes out without telling him,7.6,<10%
8860,Rwanda,M,Employment,Employed for cash,... if she neglects the children,11.8,<10%
8861,Rwanda,M,Employment,Employed for kind,... if she neglects the children,12.8,<10%
8862,Rwanda,M,Employment,Unemployed,... if she neglects the children,13.7,<10%
8863,Rwanda,M,Employment,Employed for cash,... if she refuses to have sex with him,6.4,<10%
8864,Rwanda,M,Employment,Employed for kind,... if she refuses to have sex with him,6.1,<10%
8865,Rwanda,M,Employment,Unemployed,... if she refuses to have sex with him,8.8,<10%
8866,Rwanda,M,Marital status,Married or living together,... for at least one specific reason,14.8,<10%
8867,Rwanda,M,Marital status,Never married,... for at least one specific reason,21,<10%
8868,Rwanda,M,Marital status,"Widowed, divorced, separated",... for at least one specific reason,19.1,<10%
8869,Rwanda,M,Marital status,Married or living together,... if she argues with him,4.4,<10%
8870,Rwanda,M,Marital status,Never married,... if she argues with him,6.3,<10%
8871,Rwanda,M,Marital status,"Widowed, divorced, separated",... if she argues with him,9.1,<10%
8872,Rwanda,M,Marital status,Married or living together,... if she burns the food,1,<10%
8873,Rwanda,M,Marital status,Never married,... if she burns the food,2.3,<10%
8874,Rwanda,M,Marital status,"Widowed, divorced, separated",... if she burns the food,3.2,<10%
8875,Rwanda,M,Marital status,Married or living together,... if she goes out without telling him,6,<10%
8876,Rwanda,M,Marital status,Never married,... if she goes out without telling him,7.9,<10%
8877,Rwanda,M,Marital status,"Widowed, divorced, separated",... if she goes out without telling him,8.4,<10%
8878,Rwanda,M,Marital status,Married or living together,... if she neglects the children,10,<10%
8879,Rwanda,M,Marital status,Never married,... if she neglects the children,14.4,<10%
8880,Rwanda,M,Marital status,"Widowed, divorced, separated",... if she neglects the children,14.3,<10%
8881,Rwanda,M,Marital status,Married or living together,... if she refuses to have sex with him,4.7,<10%
8882,Rwanda,M,Marital status,Never married,... if she refuses to have sex with him,8.6,<10%
8883,Rwanda,M,Marital status,"Widowed, divorced, separated",... if she refuses to have sex with him,10.3,<10%
8884,Rwanda,M,Residence,Rural,... for at least one specific reason,19.1,<10%
8885,Rwanda,M,Residence,Urban,... for at least one specific reason,13,<10%
8886,Rwanda,M,Residence,Rural,... if she argues with him,5.8,<10%
8887,Rwanda,M,Residence,Urban,... if she argues with him,3.8,<10%
8888,Rwanda,M,Residence,Rural,... if she burns the food,1.7,<10%
8889,Rwanda,M,Residence,Urban,... if she burns the food,1.4,<10%
8890,Rwanda,M,Residence,Rural,... if she goes out without telling him,7.4,<10%
8891,Rwanda,M,Residence,Urban,... if she goes out without telling him,5.4,<10%
8892,Rwanda,M,Residence,Rural,... if she neglects the children,12.7,<10%
8893,Rwanda,M,Residence,Urban,... if she neglects the children,10.2,<10%
8894,Rwanda,M,Residence,Rural,... if she refuses to have sex with him,7.5,<10%
8895,Rwanda,M,Residence,Urban,... if she refuses to have sex with him,3.5,<10%
8896,Sao Tome and Principe,F,Age,15-24,... for at least one specific reason,20.6,>25%
8897,Sao Tome and Principe,F,Age,25-34,... for at least one specific reason,20.2,>25%
8898,Sao Tome and Principe,F,Age,35-49,... for at least one specific reason,17.2,>25%
8899,Sao Tome and Principe,F,Age,15-24,... if she argues with him,8.2,>25%
8900,Sao Tome and Principe,F,Age,25-34,... if she argues with him,6.8,>25%
8901,Sao Tome and Principe,F,Age,35-49,... if she argues with him,5.7,>25%
8902,Sao Tome and Principe,F,Age,15-24,... if she burns the food,8,>25%
8903,Sao Tome and Principe,F,Age,25-34,... if she burns the food,6,>25%
8904,Sao Tome and Principe,F,Age,35-49,... if she burns the food,4.6,>25%
8905,Sao Tome and Principe,F,Age,15-24,... if she goes out without telling him,9.2,>25%
8906,Sao Tome and Principe,F,Age,25-34,... if she goes out without telling him,12.1,>25%
8907,Sao Tome and Principe,F,Age,35-49,... if she goes out without telling him,9.5,>25%
8908,Sao Tome and Principe,F,Age,15-24,... if she neglects the children,13.1,>25%
8909,Sao Tome and Principe,F,Age,25-34,... if she neglects the children,10.9,>25%
8910,Sao Tome and Principe,F,Age,35-49,... if she neglects the children,10.8,>25%
8911,Sao Tome and Principe,F,Age,15-24,... if she refuses to have sex with him,4.3,>25%
8912,Sao Tome and Principe,F,Age,25-34,... if she refuses to have sex with him,7.6,>25%
8913,Sao Tome and Principe,F,Age,35-49,... if she refuses to have sex with him,5.2,>25%
8914,Sao Tome and Principe,F,Education,No education,... for at least one specific reason,27.5,>25%
8915,Sao Tome and Principe,F,Education,Primary,... for at least one specific reason,21.7,>25%
8916,Sao Tome and Principe,F,Education,Secondary,... for at least one specific reason,14.7,>25%
8917,Sao Tome and Principe,F,Education,No education,... if she argues with him,7.3,>25%
8918,Sao Tome and Principe,F,Education,Primary,... if she argues with him,8.2,>25%
8919,Sao Tome and Principe,F,Education,Secondary,... if she argues with him,5,>25%
8920,Sao Tome and Principe,F,Education,No education,... if she burns the food,10.5,>25%
8921,Sao Tome and Principe,F,Education,Primary,... if she burns the food,6.5,>25%
8922,Sao Tome and Principe,F,Education,Secondary,... if she burns the food,5.6,>25%
8923,Sao Tome and Principe,F,Education,No education,... if she goes out without telling him,18.4,>25%
8924,Sao Tome and Principe,F,Education,Primary,... if she goes out without telling him,11.5,>25%
8925,Sao Tome and Principe,F,Education,Secondary,... if she goes out without telling him,6.8,>25%
8926,Sao Tome and Principe,F,Education,No education,... if she neglects the children,14.5,>25%
8927,Sao Tome and Principe,F,Education,Primary,... if she neglects the children,13.2,>25%
8928,Sao Tome and Principe,F,Education,Secondary,... if she neglects the children,8.9,>25%
8929,Sao Tome and Principe,F,Education,No education,... if she refuses to have sex with him,12,>25%
8930,Sao Tome and Principe,F,Education,Primary,... if she refuses to have sex with him,6.6,>25%
8931,Sao Tome and Principe,F,Education,Secondary,... if she refuses to have sex with him,3,>25%
8932,Sao Tome and Principe,F,Employment,Employed for cash,... for at least one specific reason,19.3,>25%
8933,Sao Tome and Principe,F,Employment,Employed for kind,... for at least one specific reason,35.8,>25%
8934,Sao Tome and Principe,F,Employment,Unemployed,... for at least one specific reason,18.7,>25%
8935,Sao Tome and Principe,F,Employment,Employed for cash,... if she argues with him,7.1,>25%
8936,Sao Tome and Principe,F,Employment,Employed for kind,... if she argues with him,12.7,>25%
8937,Sao Tome and Principe,F,Employment,Unemployed,... if she argues with him,6.5,>25%
8938,Sao Tome and Principe,F,Employment,Employed for cash,... if she burns the food,5.5,>25%
8939,Sao Tome and Principe,F,Employment,Employed for kind,... if she burns the food,10.9,>25%
8940,Sao Tome and Principe,F,Employment,Unemployed,... if she burns the food,7.3,>25%
8941,Sao Tome and Principe,F,Employment,Employed for cash,... if she goes out without telling him,10.6,>25%
8942,Sao Tome and Principe,F,Employment,Employed for kind,... if she goes out without telling him,11.5,>25%
8943,Sao Tome and Principe,F,Employment,Unemployed,... if she goes out without telling him,9.8,>25%
8944,Sao Tome and Principe,F,Employment,Employed for cash,... if she neglects the children,11.7,>25%
8945,Sao Tome and Principe,F,Employment,Employed for kind,... if she neglects the children,19.1,>25%
8946,Sao Tome and Principe,F,Employment,Unemployed,... if she neglects the children,11.3,>25%
8947,Sao Tome and Principe,F,Employment,Employed for cash,... if she refuses to have sex with him,5.2,>25%
8948,Sao Tome and Principe,F,Employment,Employed for kind,... if she refuses to have sex with him,10.4,>25%
8949,Sao Tome and Principe,F,Employment,Unemployed,... if she refuses to have sex with him,5.9,>25%
8950,Sao Tome and Principe,F,Marital status,Married or living together,... for at least one specific reason,19.2,>25%
8951,Sao Tome and Principe,F,Marital status,Never married,... for at least one specific reason,21.1,>25%
8952,Sao Tome and Principe,F,Marital status,"Widowed, divorced, separated",... for at least one specific reason,18.1,>25%
8953,Sao Tome and Principe,F,Marital status,Married or living together,... if she argues with him,7,>25%
8954,Sao Tome and Principe,F,Marital status,Never married,... if she argues with him,7.9,>25%
8955,Sao Tome and Principe,F,Marital status,"Widowed, divorced, separated",... if she argues with him,5.5,>25%
8956,Sao Tome and Principe,F,Marital status,Married or living together,... if she burns the food,6.3,>25%
8957,Sao Tome and Principe,F,Marital status,Never married,... if she burns the food,8,>25%
8958,Sao Tome and Principe,F,Marital status,"Widowed, divorced, separated",... if she burns the food,3.5,>25%
8959,Sao Tome and Principe,F,Marital status,Married or living together,... if she goes out without telling him,11.2,>25%
8960,Sao Tome and Principe,F,Marital status,Never married,... if she goes out without telling him,7.8,>25%
8961,Sao Tome and Principe,F,Marital status,"Widowed, divorced, separated",... if she goes out without telling him,9.7,>25%
8962,Sao Tome and Principe,F,Marital status,Married or living together,... if she neglects the children,11.6,>25%
8963,Sao Tome and Principe,F,Marital status,Never married,... if she neglects the children,12.1,>25%
8964,Sao Tome and Principe,F,Marital status,"Widowed, divorced, separated",... if she neglects the children,11.5,>25%
8965,Sao Tome and Principe,F,Marital status,Married or living together,... if she refuses to have sex with him,6.6,>25%
8966,Sao Tome and Principe,F,Marital status,Never married,... if she refuses to have sex with him,3.9,>25%
8967,Sao Tome and Principe,F,Marital status,"Widowed, divorced, separated",... if she refuses to have sex with him,3.3,>25%
8968,Sao Tome and Principe,F,Residence,Rural,... for at least one specific reason,19.8,>25%
8969,Sao Tome and Principe,F,Residence,Urban,... for at least one specific reason,19.3,>25%
8970,Sao Tome and Principe,F,Residence,Rural,... if she argues with him,6.1,>25%
8971,Sao Tome and Principe,F,Residence,Urban,... if she argues with him,7.7,>25%
8972,Sao Tome and Principe,F,Residence,Rural,... if she burns the food,6.3,>25%
8973,Sao Tome and Principe,F,Residence,Urban,... if she burns the food,6.5,>25%
8974,Sao Tome and Principe,F,Residence,Rural,... if she goes out without telling him,10.2,>25%
8975,Sao Tome and Principe,F,Residence,Urban,... if she goes out without telling him,10.2,>25%
8976,Sao Tome and Principe,F,Residence,Rural,... if she neglects the children,11.8,>25%
8977,Sao Tome and Principe,F,Residence,Urban,... if she neglects the children,11.7,>25%
8978,Sao Tome and Principe,F,Residence,Rural,... if she refuses to have sex with him,6.5,>25%
8979,Sao Tome and Principe,F,Residence,Urban,... if she refuses to have sex with him,4.9,>25%
8980,Sao Tome and Principe,M,Age,15-24,... for at least one specific reason,23.8,>25%
8981,Sao Tome and Principe,M,Age,25-34,... for at least one specific reason,21.8,>25%
8982,Sao Tome and Principe,M,Age,35-49,... for at least one specific reason,18.2,>25%
8983,Sao Tome and Principe,M,Age,15-24,... if she argues with him,11.7,>25%
8984,Sao Tome and Principe,M,Age,25-34,... if she argues with him,9.1,>25%
8985,Sao Tome and Principe,M,Age,35-49,... if she argues with him,8.6,>25%
8986,Sao Tome and Principe,M,Age,15-24,... if she burns the food,7.4,>25%
8987,Sao Tome and Principe,M,Age,25-34,... if she burns the food,5.4,>25%
8988,Sao Tome and Principe,M,Age,35-49,... if she burns the food,6.1,>25%
8989,Sao Tome and Principe,M,Age,15-24,... if she goes out without telling him,10.6,>25%
8990,Sao Tome and Principe,M,Age,25-34,... if she goes out without telling him,13.6,>25%
8991,Sao Tome and Principe,M,Age,35-49,... if she goes out without telling him,11.5,>25%
8992,Sao Tome and Principe,M,Age,15-24,... if she neglects the children,15.9,>25%
8993,Sao Tome and Principe,M,Age,25-34,... if she neglects the children,13.6,>25%
8994,Sao Tome and Principe,M,Age,35-49,... if she neglects the children,11.5,>25%
8995,Sao Tome and Principe,M,Age,15-24,... if she refuses to have sex with him,5.8,>25%
8996,Sao Tome and Principe,M,Age,25-34,... if she refuses to have sex with him,3.8,>25%
8997,Sao Tome and Principe,M,Age,35-49,... if she refuses to have sex with him,6.6,>25%
8998,Sao Tome and Principe,M,Education,Higher,... for at least one specific reason,13.4,>25%
8999,Sao Tome and Principe,M,Education,No education,... for at least one specific reason,21.4,>25%
9000,Sao Tome and Principe,M,Education,Primary,... for at least one specific reason,26.3,>25%
9001,Sao Tome and Principe,M,Education,Secondary,... for at least one specific reason,16,>25%
9002,Sao Tome and Principe,M,Education,Higher,... if she argues with him,7.7,>25%
9003,Sao Tome and Principe,M,Education,No education,... if she argues with him,4.3,>25%
9004,Sao Tome and Principe,M,Education,Primary,... if she argues with him,11.5,>25%
9005,Sao Tome and Principe,M,Education,Secondary,... if she argues with him,8.6,>25%
9006,Sao Tome and Principe,M,Education,Higher,... if she burns the food,10.4,>25%
9007,Sao Tome and Principe,M,Education,No education,... if she burns the food,8.4,>25%
9008,Sao Tome and Principe,M,Education,Primary,... if she burns the food,7.7,>25%
9009,Sao Tome and Principe,M,Education,Secondary,... if she burns the food,4.7,>25%
9010,Sao Tome and Principe,M,Education,Higher,... if she goes out without telling him,11,>25%
9011,Sao Tome and Principe,M,Education,No education,... if she goes out without telling him,13.5,>25%
9012,Sao Tome and Principe,M,Education,Primary,... if she goes out without telling him,15.3,>25%
9013,Sao Tome and Principe,M,Education,Secondary,... if she goes out without telling him,6.9,>25%
9014,Sao Tome and Principe,M,Education,Higher,... if she neglects the children,3.8,>25%
9015,Sao Tome and Principe,M,Education,No education,... if she neglects the children,18.4,>25%
9016,Sao Tome and Principe,M,Education,Primary,... if she neglects the children,17.5,>25%
9017,Sao Tome and Principe,M,Education,Secondary,... if she neglects the children,9.7,>25%
9018,Sao Tome and Principe,M,Education,Higher,... if she refuses to have sex with him,7.7,>25%
9019,Sao Tome and Principe,M,Education,No education,... if she refuses to have sex with him,7.7,>25%
9020,Sao Tome and Principe,M,Education,Primary,... if she refuses to have sex with him,6.2,>25%
9021,Sao Tome and Principe,M,Education,Secondary,... if she refuses to have sex with him,4.3,>25%
9022,Sao Tome and Principe,M,Employment,Employed for cash,... for at least one specific reason,21.8,>25%
9023,Sao Tome and Principe,M,Employment,Employed for kind,... for at least one specific reason,25,>25%
9024,Sao Tome and Principe,M,Employment,Unemployed,... for at least one specific reason,19.9,>25%
9025,Sao Tome and Principe,M,Employment,Employed for cash,... if she argues with him,10,>25%
9026,Sao Tome and Principe,M,Employment,Employed for kind,... if she argues with him,15,>25%
9027,Sao Tome and Principe,M,Employment,Unemployed,... if she argues with him,8.2,>25%
9028,Sao Tome and Principe,M,Employment,Employed for cash,... if she burns the food,6.4,>25%
9029,Sao Tome and Principe,M,Employment,Employed for kind,... if she burns the food,3,>25%
9030,Sao Tome and Principe,M,Employment,Unemployed,... if she burns the food,8.7,>25%
9031,Sao Tome and Principe,M,Employment,Employed for cash,... if she goes out without telling him,12.5,>25%
9032,Sao Tome and Principe,M,Employment,Employed for kind,... if she goes out without telling him,11.8,>25%
9033,Sao Tome and Principe,M,Employment,Unemployed,... if she goes out without telling him,7.6,>25%
9034,Sao Tome and Principe,M,Employment,Employed for cash,... if she neglects the children,14.2,>25%
9035,Sao Tome and Principe,M,Employment,Employed for kind,... if she neglects the children,15.4,>25%
9036,Sao Tome and Principe,M,Employment,Unemployed,... if she neglects the children,12.6,>25%
9037,Sao Tome and Principe,M,Employment,Employed for cash,... if she refuses to have sex with him,5.7,>25%
9038,Sao Tome and Principe,M,Employment,Employed for kind,... if she refuses to have sex with him,3.5,>25%
9039,Sao Tome and Principe,M,Employment,Unemployed,... if she refuses to have sex with him,4.9,>25%
9040,Sao Tome and Principe,M,Marital status,Married or living together,... for at least one specific reason,20.2,>25%
9041,Sao Tome and Principe,M,Marital status,Never married,... for at least one specific reason,23.2,>25%
9042,Sao Tome and Principe,M,Marital status,"Widowed, divorced, separated",... for at least one specific reason,21.5,>25%
9043,Sao Tome and Principe,M,Marital status,Married or living together,... if she argues with him,8.3,>25%
9044,Sao Tome and Principe,M,Marital status,Never married,... if she argues with him,11.9,>25%
9045,Sao Tome and Principe,M,Marital status,"Widowed, divorced, separated",... if she argues with him,10.4,>25%
9046,Sao Tome and Principe,M,Marital status,Married or living together,... if she burns the food,5.4,>25%
9047,Sao Tome and Principe,M,Marital status,Never married,... if she burns the food,7.6,>25%
9048,Sao Tome and Principe,M,Marital status,"Widowed, divorced, separated",... if she burns the food,6.8,>25%
9049,Sao Tome and Principe,M,Marital status,Married or living together,... if she goes out without telling him,13,>25%
9050,Sao Tome and Principe,M,Marital status,Never married,... if she goes out without telling him,10.3,>25%
9051,Sao Tome and Principe,M,Marital status,"Widowed, divorced, separated",... if she goes out without telling him,12.1,>25%
9052,Sao Tome and Principe,M,Marital status,Married or living together,... if she neglects the children,12.9,>25%
9053,Sao Tome and Principe,M,Marital status,Never married,... if she neglects the children,14.9,>25%
9054,Sao Tome and Principe,M,Marital status,"Widowed, divorced, separated",... if she neglects the children,15,>25%
9055,Sao Tome and Principe,M,Marital status,Married or living together,... if she refuses to have sex with him,4.7,>25%
9056,Sao Tome and Principe,M,Marital status,Never married,... if she refuses to have sex with him,6,>25%
9057,Sao Tome and Principe,M,Marital status,"Widowed, divorced, separated",... if she refuses to have sex with him,6.2,>25%
9058,Sao Tome and Principe,M,Residence,Rural,... for at least one specific reason,26.3,>25%
9059,Sao Tome and Principe,M,Residence,Urban,... for at least one specific reason,16.8,>25%
9060,Sao Tome and Principe,M,Residence,Rural,... if she argues with him,10.9,>25%
9061,Sao Tome and Principe,M,Residence,Urban,... if she argues with him,9.2,>25%
9062,Sao Tome and Principe,M,Residence,Rural,... if she burns the food,7.5,>25%
9063,Sao Tome and Principe,M,Residence,Urban,... if she burns the food,5.4,>25%
9064,Sao Tome and Principe,M,Residence,Rural,... if she goes out without telling him,15.4,>25%
9065,Sao Tome and Principe,M,Residence,Urban,... if she goes out without telling him,7.8,>25%
9066,Sao Tome and Principe,M,Residence,Rural,... if she neglects the children,17.7,>25%
9067,Sao Tome and Principe,M,Residence,Urban,... if she neglects the children,10.1,>25%
9068,Sao Tome and Principe,M,Residence,Rural,... if she refuses to have sex with him,6.3,>25%
9069,Sao Tome and Principe,M,Residence,Urban,... if she refuses to have sex with him,4.6,>25%
9070,Senegal,F,Age,15-24,... for at least one specific reason,46.3,10-25%
9071,Senegal,F,Age,25-34,... for at least one specific reason,45.3,10-25%
9072,Senegal,F,Age,35-49,... for at least one specific reason,45.3,10-25%
9073,Senegal,F,Age,15-24,... if she argues with him,36,10-25%
9074,Senegal,F,Age,25-34,... if she argues with him,34.1,10-25%
9075,Senegal,F,Age,35-49,... if she argues with him,36.1,10-25%
9076,Senegal,F,Age,15-24,... if she burns the food,22.3,10-25%
9077,Senegal,F,Age,25-34,... if she burns the food,21.1,10-25%
9078,Senegal,F,Age,35-49,... if she burns the food,22.9,10-25%
9079,Senegal,F,Age,15-24,... if she goes out without telling him,32.4,10-25%
9080,Senegal,F,Age,25-34,... if she goes out without telling him,33.2,10-25%
9081,Senegal,F,Age,35-49,... if she goes out without telling him,34.4,10-25%
9082,Senegal,F,Age,15-24,... if she neglects the children,35.4,10-25%
9083,Senegal,F,Age,25-34,... if she neglects the children,34.9,10-25%
9084,Senegal,F,Age,35-49,... if she neglects the children,35.8,10-25%
9085,Senegal,F,Age,15-24,... if she refuses to have sex with him,33.1,10-25%
9086,Senegal,F,Age,25-34,... if she refuses to have sex with him,35.6,10-25%
9087,Senegal,F,Age,35-49,... if she refuses to have sex with him,37.8,10-25%
9088,Senegal,F,Education,Higher,... for at least one specific reason,9.7,10-25%
9089,Senegal,F,Education,No education,... for at least one specific reason,59,10-25%
9090,Senegal,F,Education,Primary,... for at least one specific reason,39.5,10-25%
9091,Senegal,F,Education,Secondary,... for at least one specific reason,34,10-25%
9092,Senegal,F,Education,Higher,... if she argues with him,2.9,10-25%
9093,Senegal,F,Education,No education,... if she argues with him,48.6,10-25%
9094,Senegal,F,Education,Primary,... if she argues with him,29.6,10-25%
9095,Senegal,F,Education,Secondary,... if she argues with him,22.9,10-25%
9096,Senegal,F,Education,Higher,... if she burns the food,1.4,10-25%
9097,Senegal,F,Education,No education,... if she burns the food,30.9,10-25%
9098,Senegal,F,Education,Primary,... if she burns the food,19.1,10-25%
9099,Senegal,F,Education,Secondary,... if she burns the food,12.7,10-25%
9100,Senegal,F,Education,Higher,... if she goes out without telling him,2.4,10-25%
9101,Senegal,F,Education,No education,... if she goes out without telling him,46.9,10-25%
9102,Senegal,F,Education,Primary,... if she goes out without telling him,27.7,10-25%
9103,Senegal,F,Education,Secondary,... if she goes out without telling him,19.3,10-25%
9104,Senegal,F,Education,Higher,... if she neglects the children,8.4,10-25%
9105,Senegal,F,Education,No education,... if she neglects the children,46.8,10-25%
9106,Senegal,F,Education,Primary,... if she neglects the children,29.8,10-25%
9107,Senegal,F,Education,Secondary,... if she neglects the children,24.7,10-25%
9108,Senegal,F,Education,Higher,... if she refuses to have sex with him,2.9,10-25%
9109,Senegal,F,Education,No education,... if she refuses to have sex with him,50.7,10-25%
9110,Senegal,F,Education,Primary,... if she refuses to have sex with him,28.3,10-25%
9111,Senegal,F,Education,Secondary,... if she refuses to have sex with him,19.4,10-25%
9112,Senegal,F,Employment,Employed for cash,... for at least one specific reason,42.7,10-25%
9113,Senegal,F,Employment,Employed for kind,... for at least one specific reason,55.8,10-25%
9114,Senegal,F,Employment,Unemployed,... for at least one specific reason,45.7,10-25%
9115,Senegal,F,Employment,Employed for cash,... if she argues with him,32.4,10-25%
9116,Senegal,F,Employment,Employed for kind,... if she argues with him,46.2,10-25%
9117,Senegal,F,Employment,Unemployed,... if she argues with him,35.1,10-25%
9118,Senegal,F,Employment,Employed for cash,... if she burns the food,20.3,10-25%
9119,Senegal,F,Employment,Employed for kind,... if she burns the food,28.6,10-25%
9120,Senegal,F,Employment,Unemployed,... if she burns the food,21.9,10-25%
9121,Senegal,F,Employment,Employed for cash,... if she goes out without telling him,30.9,10-25%
9122,Senegal,F,Employment,Employed for kind,... if she goes out without telling him,44,10-25%
9123,Senegal,F,Employment,Unemployed,... if she goes out without telling him,32.1,10-25%
9124,Senegal,F,Employment,Employed for cash,... if she neglects the children,32.8,10-25%
9125,Senegal,F,Employment,Employed for kind,... if she neglects the children,44.7,10-25%
9126,Senegal,F,Employment,Unemployed,... if she neglects the children,35,10-25%
9127,Senegal,F,Employment,Employed for cash,... if she refuses to have sex with him,33.4,10-25%
9128,Senegal,F,Employment,Employed for kind,... if she refuses to have sex with him,44.6,10-25%
9129,Senegal,F,Employment,Unemployed,... if she refuses to have sex with him,33.9,10-25%
9130,Senegal,F,Marital status,Married or living together,... for at least one specific reason,50.9,10-25%
9131,Senegal,F,Marital status,Never married,... for at least one specific reason,36.4,10-25%
9132,Senegal,F,Marital status,"Widowed, divorced, separated",... for at least one specific reason,34.5,10-25%
9133,Senegal,F,Marital status,Married or living together,... if she argues with him,41.1,10-25%
9134,Senegal,F,Marital status,Never married,... if she argues with him,25.2,10-25%
9135,Senegal,F,Marital status,"Widowed, divorced, separated",... if she argues with him,23.8,10-25%
9136,Senegal,F,Marital status,Married or living together,... if she burns the food,26,10-25%
9137,Senegal,F,Marital status,Never married,... if she burns the food,14.9,10-25%
9138,Senegal,F,Marital status,"Widowed, divorced, separated",... if she burns the food,14.5,10-25%
9139,Senegal,F,Marital status,Married or living together,... if she goes out without telling him,39.1,10-25%
9140,Senegal,F,Marital status,Never married,... if she goes out without telling him,22.2,10-25%
9141,Senegal,F,Marital status,"Widowed, divorced, separated",... if she goes out without telling him,22.3,10-25%
9142,Senegal,F,Marital status,Married or living together,... if she neglects the children,40.2,10-25%
9143,Senegal,F,Marital status,Never married,... if she neglects the children,26.7,10-25%
9144,Senegal,F,Marital status,"Widowed, divorced, separated",... if she neglects the children,24.5,10-25%
9145,Senegal,F,Marital status,Married or living together,... if she refuses to have sex with him,42.7,10-25%
9146,Senegal,F,Marital status,Never married,... if she refuses to have sex with him,20.3,10-25%
9147,Senegal,F,Marital status,"Widowed, divorced, separated",... if she refuses to have sex with him,27.1,10-25%
9148,Senegal,F,Residence,Rural,... for at least one specific reason,59.7,10-25%
9149,Senegal,F,Residence,Urban,... for at least one specific reason,31.6,10-25%
9150,Senegal,F,Residence,Rural,... if she argues with him,49.2,10-25%
9151,Senegal,F,Residence,Urban,... if she argues with him,21.5,10-25%
9152,Senegal,F,Residence,Rural,... if she burns the food,30.9,10-25%
9153,Senegal,F,Residence,Urban,... if she burns the food,13.2,10-25%
9154,Senegal,F,Residence,Rural,... if she goes out without telling him,47.4,10-25%
9155,Senegal,F,Residence,Urban,... if she goes out without telling him,18.9,10-25%
9156,Senegal,F,Residence,Rural,... if she neglects the children,47.1,10-25%
9157,Senegal,F,Residence,Urban,... if she neglects the children,23.5,10-25%
9158,Senegal,F,Residence,Rural,... if she refuses to have sex with him,50.5,10-25%
9159,Senegal,F,Residence,Urban,... if she refuses to have sex with him,19.6,10-25%
9160,Senegal,M,Age,15-24,... for at least one specific reason,36.8,10-25%
9161,Senegal,M,Age,25-34,... for at least one specific reason,22.3,10-25%
9162,Senegal,M,Age,35-49,... for at least one specific reason,18.5,10-25%
9163,Senegal,M,Age,15-24,... if she argues with him,25.2,10-25%
9164,Senegal,M,Age,25-34,... if she argues with him,15.5,10-25%
9165,Senegal,M,Age,35-49,... if she argues with him,11.4,10-25%
9166,Senegal,M,Age,15-24,... if she burns the food,9.4,10-25%
9167,Senegal,M,Age,25-34,... if she burns the food,4.6,10-25%
9168,Senegal,M,Age,35-49,... if she burns the food,3.2,10-25%
9169,Senegal,M,Age,15-24,... if she goes out without telling him,19.6,10-25%
9170,Senegal,M,Age,25-34,... if she goes out without telling him,10.5,10-25%
9171,Senegal,M,Age,35-49,... if she goes out without telling him,8.8,10-25%
9172,Senegal,M,Age,15-24,... if she neglects the children,22.8,10-25%
9173,Senegal,M,Age,25-34,... if she neglects the children,12.9,10-25%
9174,Senegal,M,Age,35-49,... if she neglects the children,11.4,10-25%
9175,Senegal,M,Age,15-24,... if she refuses to have sex with him,15.4,10-25%
9176,Senegal,M,Age,25-34,... if she refuses to have sex with him,9.5,10-25%
9177,Senegal,M,Age,35-49,... if she refuses to have sex with him,6.7,10-25%
9178,Senegal,M,Education,Higher,... for at least one specific reason,7.8,10-25%
9179,Senegal,M,Education,No education,... for at least one specific reason,33.2,10-25%
9180,Senegal,M,Education,Primary,... for at least one specific reason,27.6,10-25%
9181,Senegal,M,Education,Secondary,... for at least one specific reason,26.7,10-25%
9182,Senegal,M,Education,Higher,... if she argues with him,3.3,10-25%
9183,Senegal,M,Education,No education,... if she argues with him,22.9,10-25%
9184,Senegal,M,Education,Primary,... if she argues with him,18.9,10-25%
9185,Senegal,M,Education,Secondary,... if she argues with him,17.7,10-25%
9186,Senegal,M,Education,Higher,... if she burns the food,1.1,10-25%
9187,Senegal,M,Education,No education,... if she burns the food,7.5,10-25%
9188,Senegal,M,Education,Primary,... if she burns the food,6.5,10-25%
9189,Senegal,M,Education,Secondary,... if she burns the food,6.3,10-25%
9190,Senegal,M,Education,Higher,... if she goes out without telling him,3.3,10-25%
9191,Senegal,M,Education,No education,... if she goes out without telling him,18.3,10-25%
9192,Senegal,M,Education,Primary,... if she goes out without telling him,13.9,10-25%
9193,Senegal,M,Education,Secondary,... if she goes out without telling him,12.1,10-25%
9194,Senegal,M,Education,Higher,... if she neglects the children,3.1,10-25%
9195,Senegal,M,Education,No education,... if she neglects the children,20.9,10-25%
9196,Senegal,M,Education,Primary,... if she neglects the children,15.8,10-25%
9197,Senegal,M,Education,Secondary,... if she neglects the children,16.8,10-25%
9198,Senegal,M,Education,Higher,... if she refuses to have sex with him,0.8,10-25%
9199,Senegal,M,Education,No education,... if she refuses to have sex with him,15.7,10-25%
9200,Senegal,M,Education,Primary,... if she refuses to have sex with him,11.7,10-25%
9201,Senegal,M,Education,Secondary,... if she refuses to have sex with him,8.8,10-25%
9202,Senegal,M,Employment,Employed for cash,... for at least one specific reason,22.2,10-25%
9203,Senegal,M,Employment,Employed for kind,... for at least one specific reason,41.1,10-25%
9204,Senegal,M,Employment,Unemployed,... for at least one specific reason,22.2,10-25%
9205,Senegal,M,Employment,Employed for cash,... if she argues with him,14.6,10-25%
9206,Senegal,M,Employment,Employed for kind,... if she argues with him,28.6,10-25%
9207,Senegal,M,Employment,Unemployed,... if she argues with him,14.2,10-25%
9208,Senegal,M,Employment,Employed for cash,... if she burns the food,4.5,10-25%
9209,Senegal,M,Employment,Employed for kind,... if she burns the food,10.9,10-25%
9210,Senegal,M,Employment,Unemployed,... if she burns the food,4.1,10-25%
9211,Senegal,M,Employment,Employed for cash,... if she goes out without telling him,10.1,10-25%
9212,Senegal,M,Employment,Employed for kind,... if she goes out without telling him,23.2,10-25%
9213,Senegal,M,Employment,Unemployed,... if she goes out without telling him,10.9,10-25%
9214,Senegal,M,Employment,Employed for cash,... if she neglects the children,13.1,10-25%
9215,Senegal,M,Employment,Employed for kind,... if she neglects the children,25.7,10-25%
9216,Senegal,M,Employment,Unemployed,... if she neglects the children,13.6,10-25%
9217,Senegal,M,Employment,Employed for cash,... if she refuses to have sex with him,8.7,10-25%
9218,Senegal,M,Employment,Employed for kind,... if she refuses to have sex with him,19,10-25%
9219,Senegal,M,Employment,Unemployed,... if she refuses to have sex with him,6,10-25%
9220,Senegal,M,Marital status,Married or living together,... for at least one specific reason,22,10-25%
9221,Senegal,M,Marital status,Never married,... for at least one specific reason,31.3,10-25%
9222,Senegal,M,Marital status,"Widowed, divorced, separated",... for at least one specific reason,24.7,10-25%
9223,Senegal,M,Marital status,Married or living together,... if she argues with him,14.4,10-25%
9224,Senegal,M,Marital status,Never married,... if she argues with him,21.3,10-25%
9225,Senegal,M,Marital status,"Widowed, divorced, separated",... if she argues with him,15.3,10-25%
9226,Senegal,M,Marital status,Married or living together,... if she burns the food,4.7,10-25%
9227,Senegal,M,Marital status,Never married,... if she burns the food,7.5,10-25%
9228,Senegal,M,Marital status,"Widowed, divorced, separated",... if she burns the food,2.6,10-25%
9229,Senegal,M,Marital status,Married or living together,... if she goes out without telling him,11.2,10-25%
9230,Senegal,M,Marital status,Never married,... if she goes out without telling him,15.9,10-25%
9231,Senegal,M,Marital status,"Widowed, divorced, separated",... if she goes out without telling him,10.9,10-25%
9232,Senegal,M,Marital status,Married or living together,... if she neglects the children,13.8,10-25%
9233,Senegal,M,Marital status,Never married,... if she neglects the children,18.9,10-25%
9234,Senegal,M,Marital status,"Widowed, divorced, separated",... if she neglects the children,12.2,10-25%
9235,Senegal,M,Marital status,Married or living together,... if she refuses to have sex with him,9.2,10-25%
9236,Senegal,M,Marital status,Never married,... if she refuses to have sex with him,12.7,10-25%
9237,Senegal,M,Marital status,"Widowed, divorced, separated",... if she refuses to have sex with him,8.7,10-25%
9238,Senegal,M,Residence,Rural,... for at least one specific reason,37.6,10-25%
9239,Senegal,M,Residence,Urban,... for at least one specific reason,19,10-25%
9240,Senegal,M,Residence,Rural,... if she argues with him,25.4,10-25%
9241,Senegal,M,Residence,Urban,... if she argues with him,12.8,10-25%
9242,Senegal,M,Residence,Rural,... if she burns the food,10.3,10-25%
9243,Senegal,M,Residence,Urban,... if she burns the food,2.9,10-25%
9244,Senegal,M,Residence,Rural,... if she goes out without telling him,20.9,10-25%
9245,Senegal,M,Residence,Urban,... if she goes out without telling him,8,10-25%
9246,Senegal,M,Residence,Rural,... if she neglects the children,24.3,10-25%
9247,Senegal,M,Residence,Urban,... if she neglects the children,10.4,10-25%
9248,Senegal,M,Residence,Rural,... if she refuses to have sex with him,17.9,10-25%
9249,Senegal,M,Residence,Urban,... if she refuses to have sex with him,5.5,10-25%
9250,Sierra Leone,F,Age,15-24,... for at least one specific reason,58.8,<10%
9251,Sierra Leone,F,Age,25-34,... for at least one specific reason,66,<10%
9252,Sierra Leone,F,Age,35-49,... for at least one specific reason,64.8,<10%
9253,Sierra Leone,F,Age,15-24,... if she argues with him,44.3,<10%
9254,Sierra Leone,F,Age,25-34,... if she argues with him,49.6,<10%
9255,Sierra Leone,F,Age,35-49,... if she argues with him,49.7,<10%
9256,Sierra Leone,F,Age,15-24,... if she burns the food,16.9,<10%
9257,Sierra Leone,F,Age,25-34,... if she burns the food,19.6,<10%
9258,Sierra Leone,F,Age,35-49,... if she burns the food,18.7,<10%
9259,Sierra Leone,F,Age,15-24,... if she goes out without telling him,48.6,<10%
9260,Sierra Leone,F,Age,25-34,... if she goes out without telling him,56.2,<10%
9261,Sierra Leone,F,Age,35-49,... if she goes out without telling him,55.3,<10%
9262,Sierra Leone,F,Age,15-24,... if she neglects the children,49.1,<10%
9263,Sierra Leone,F,Age,25-34,... if she neglects the children,55.7,<10%
9264,Sierra Leone,F,Age,35-49,... if she neglects the children,55,<10%
9265,Sierra Leone,F,Age,15-24,... if she refuses to have sex with him,21.6,<10%
9266,Sierra Leone,F,Age,25-34,... if she refuses to have sex with him,28.2,<10%
9267,Sierra Leone,F,Age,35-49,... if she refuses to have sex with him,28.8,<10%
9268,Sierra Leone,F,Education,Higher,... for at least one specific reason,32.3,<10%
9269,Sierra Leone,F,Education,No education,... for at least one specific reason,69.3,<10%
9270,Sierra Leone,F,Education,Primary,... for at least one specific reason,59.4,<10%
9271,Sierra Leone,F,Education,Secondary,... for at least one specific reason,54.6,<10%
9272,Sierra Leone,F,Education,Higher,... if she argues with him,17,<10%
9273,Sierra Leone,F,Education,No education,... if she argues with him,55,<10%
9274,Sierra Leone,F,Education,Primary,... if she argues with him,43,<10%
9275,Sierra Leone,F,Education,Secondary,... if she argues with him,37.9,<10%
9276,Sierra Leone,F,Education,Higher,... if she burns the food,4,<10%
9277,Sierra Leone,F,Education,No education,... if she burns the food,22,<10%
9278,Sierra Leone,F,Education,Primary,... if she burns the food,17.6,<10%
9279,Sierra Leone,F,Education,Secondary,... if she burns the food,12.7,<10%
9280,Sierra Leone,F,Education,Higher,... if she goes out without telling him,25.3,<10%
9281,Sierra Leone,F,Education,No education,... if she goes out without telling him,59.4,<10%
9282,Sierra Leone,F,Education,Primary,... if she goes out without telling him,50.3,<10%
9283,Sierra Leone,F,Education,Secondary,... if she goes out without telling him,44.1,<10%
9284,Sierra Leone,F,Education,Higher,... if she neglects the children,24.2,<10%
9285,Sierra Leone,F,Education,No education,... if she neglects the children,59.3,<10%
9286,Sierra Leone,F,Education,Primary,... if she neglects the children,50.9,<10%
9287,Sierra Leone,F,Education,Secondary,... if she neglects the children,44.2,<10%
9288,Sierra Leone,F,Education,Higher,... if she refuses to have sex with him,6,<10%
9289,Sierra Leone,F,Education,No education,... if she refuses to have sex with him,32,<10%
9290,Sierra Leone,F,Education,Primary,... if she refuses to have sex with him,24.2,<10%
9291,Sierra Leone,F,Education,Secondary,... if she refuses to have sex with him,16.1,<10%
9292,Sierra Leone,F,Employment,Employed for cash,... for at least one specific reason,61.2,<10%
9293,Sierra Leone,F,Employment,Employed for kind,... for at least one specific reason,70.9,<10%
9294,Sierra Leone,F,Employment,Unemployed,... for at least one specific reason,51.3,<10%
9295,Sierra Leone,F,Employment,Employed for cash,... if she argues with him,47.5,<10%
9296,Sierra Leone,F,Employment,Employed for kind,... if she argues with him,54.3,<10%
9297,Sierra Leone,F,Employment,Unemployed,... if she argues with him,36.3,<10%
9298,Sierra Leone,F,Employment,Employed for cash,... if she burns the food,17,<10%
9299,Sierra Leone,F,Employment,Employed for kind,... if she burns the food,23.3,<10%
9300,Sierra Leone,F,Employment,Unemployed,... if she burns the food,11.5,<10%
9301,Sierra Leone,F,Employment,Employed for cash,... if she goes out without telling him,49.4,<10%
9302,Sierra Leone,F,Employment,Employed for kind,... if she goes out without telling him,61.7,<10%
9303,Sierra Leone,F,Employment,Unemployed,... if she goes out without telling him,42.3,<10%
9304,Sierra Leone,F,Employment,Employed for cash,... if she neglects the children,51.4,<10%
9305,Sierra Leone,F,Employment,Employed for kind,... if she neglects the children,60.6,<10%
9306,Sierra Leone,F,Employment,Unemployed,... if she neglects the children,41.7,<10%
9307,Sierra Leone,F,Employment,Employed for cash,... if she refuses to have sex with him,26.2,<10%
9308,Sierra Leone,F,Employment,Employed for kind,... if she refuses to have sex with him,30.2,<10%
9309,Sierra Leone,F,Employment,Unemployed,... if she refuses to have sex with him,17.9,<10%
9310,Sierra Leone,F,Marital status,Married or living together,... for at least one specific reason,67.9,<10%
9311,Sierra Leone,F,Marital status,Never married,... for at least one specific reason,51.4,<10%
9312,Sierra Leone,F,Marital status,"Widowed, divorced, separated",... for at least one specific reason,60.8,<10%
9313,Sierra Leone,F,Marital status,Married or living together,... if she argues with him,52.4,<10%
9314,Sierra Leone,F,Marital status,Never married,... if she argues with him,37.2,<10%
9315,Sierra Leone,F,Marital status,"Widowed, divorced, separated",... if she argues with him,43.6,<10%
9316,Sierra Leone,F,Marital status,Married or living together,... if she burns the food,20.6,<10%
9317,Sierra Leone,F,Marital status,Never married,... if she burns the food,13.7,<10%
9318,Sierra Leone,F,Marital status,"Widowed, divorced, separated",... if she burns the food,15.1,<10%
9319,Sierra Leone,F,Marital status,Married or living together,... if she goes out without telling him,58.1,<10%
9320,Sierra Leone,F,Marital status,Never married,... if she goes out without telling him,41.8,<10%
9321,Sierra Leone,F,Marital status,"Widowed, divorced, separated",... if she goes out without telling him,49.6,<10%
9322,Sierra Leone,F,Marital status,Married or living together,... if she neglects the children,57.5,<10%
9323,Sierra Leone,F,Marital status,Never married,... if she neglects the children,43,<10%
9324,Sierra Leone,F,Marital status,"Widowed, divorced, separated",... if she neglects the children,50.3,<10%
9325,Sierra Leone,F,Marital status,Married or living together,... if she refuses to have sex with him,30.5,<10%
9326,Sierra Leone,F,Marital status,Never married,... if she refuses to have sex with him,16,<10%
9327,Sierra Leone,F,Marital status,"Widowed, divorced, separated",... if she refuses to have sex with him,21.2,<10%
9328,Sierra Leone,F,Residence,Rural,... for at least one specific reason,66.6,<10%
9329,Sierra Leone,F,Residence,Urban,... for at least one specific reason,55.9,<10%
9330,Sierra Leone,F,Residence,Rural,... if she argues with him,52.9,<10%
9331,Sierra Leone,F,Residence,Urban,... if she argues with him,37.9,<10%
9332,Sierra Leone,F,Residence,Rural,... if she burns the food,22.3,<10%
9333,Sierra Leone,F,Residence,Urban,... if she burns the food,11,<10%
9334,Sierra Leone,F,Residence,Rural,... if she goes out without telling him,57.3,<10%
9335,Sierra Leone,F,Residence,Urban,... if she goes out without telling him,45,<10%
9336,Sierra Leone,F,Residence,Rural,... if she neglects the children,57.5,<10%
9337,Sierra Leone,F,Residence,Urban,... if she neglects the children,44.6,<10%
9338,Sierra Leone,F,Residence,Rural,... if she refuses to have sex with him,30.7,<10%
9339,Sierra Leone,F,Residence,Urban,... if she refuses to have sex with him,16.9,<10%
9340,Sierra Leone,M,Age,15-24,... for at least one specific reason,34.4,<10%
9341,Sierra Leone,M,Age,25-34,... for at least one specific reason,35.9,<10%
9342,Sierra Leone,M,Age,35-49,... for at least one specific reason,32.6,<10%
9343,Sierra Leone,M,Age,15-24,... if she argues with him,24.3,<10%
9344,Sierra Leone,M,Age,25-34,... if she argues with him,26.4,<10%
9345,Sierra Leone,M,Age,35-49,... if she argues with him,22.5,<10%
9346,Sierra Leone,M,Age,15-24,... if she burns the food,5.5,<10%
9347,Sierra Leone,M,Age,25-34,... if she burns the food,5.5,<10%
9348,Sierra Leone,M,Age,35-49,... if she burns the food,3.6,<10%
9349,Sierra Leone,M,Age,15-24,... if she goes out without telling him,19.4,<10%
9350,Sierra Leone,M,Age,25-34,... if she goes out without telling him,21.2,<10%
9351,Sierra Leone,M,Age,35-49,... if she goes out without telling him,19.1,<10%
9352,Sierra Leone,M,Age,15-24,... if she neglects the children,21.3,<10%
9353,Sierra Leone,M,Age,25-34,... if she neglects the children,23.8,<10%
9354,Sierra Leone,M,Age,35-49,... if she neglects the children,22,<10%
9355,Sierra Leone,M,Age,15-24,... if she refuses to have sex with him,9.4,<10%
9356,Sierra Leone,M,Age,25-34,... if she refuses to have sex with him,10.2,<10%
9357,Sierra Leone,M,Age,35-49,... if she refuses to have sex with him,9.3,<10%
9358,Sierra Leone,M,Education,Higher,... for at least one specific reason,20,<10%
9359,Sierra Leone,M,Education,No education,... for at least one specific reason,39,<10%
9360,Sierra Leone,M,Education,Primary,... for at least one specific reason,34.1,<10%
9361,Sierra Leone,M,Education,Secondary,... for at least one specific reason,31.6,<10%
9362,Sierra Leone,M,Education,Higher,... if she argues with him,12.2,<10%
9363,Sierra Leone,M,Education,No education,... if she argues with him,27.9,<10%
9364,Sierra Leone,M,Education,Primary,... if she argues with him,24.8,<10%
9365,Sierra Leone,M,Education,Secondary,... if she argues with him,22.4,<10%
9366,Sierra Leone,M,Education,Higher,... if she burns the food,4.8,<10%
9367,Sierra Leone,M,Education,No education,... if she burns the food,5,<10%
9368,Sierra Leone,M,Education,Primary,... if she burns the food,5.2,<10%
9369,Sierra Leone,M,Education,Secondary,... if she burns the food,4.6,<10%
9370,Sierra Leone,M,Education,Higher,... if she goes out without telling him,9.2,<10%
9371,Sierra Leone,M,Education,No education,... if she goes out without telling him,23.7,<10%
9372,Sierra Leone,M,Education,Primary,... if she goes out without telling him,20.8,<10%
9373,Sierra Leone,M,Education,Secondary,... if she goes out without telling him,17.2,<10%
9374,Sierra Leone,M,Education,Higher,... if she neglects the children,10.9,<10%
9375,Sierra Leone,M,Education,No education,... if she neglects the children,26.9,<10%
9376,Sierra Leone,M,Education,Primary,... if she neglects the children,20.2,<10%
9377,Sierra Leone,M,Education,Secondary,... if she neglects the children,20.1,<10%
9378,Sierra Leone,M,Education,Higher,... if she refuses to have sex with him,4.7,<10%
9379,Sierra Leone,M,Education,No education,... if she refuses to have sex with him,11.8,<10%
9380,Sierra Leone,M,Education,Primary,... if she refuses to have sex with him,10,<10%
9381,Sierra Leone,M,Education,Secondary,... if she refuses to have sex with him,8,<10%
9382,Sierra Leone,M,Employment,Employed for cash,... for at least one specific reason,34.7,<10%
9383,Sierra Leone,M,Employment,Employed for kind,... for at least one specific reason,37.5,<10%
9384,Sierra Leone,M,Employment,Unemployed,... for at least one specific reason,27.2,<10%
9385,Sierra Leone,M,Employment,Employed for cash,... if she argues with him,24.6,<10%
9386,Sierra Leone,M,Employment,Employed for kind,... if she argues with him,27.3,<10%
9387,Sierra Leone,M,Employment,Unemployed,... if she argues with him,18.4,<10%
9388,Sierra Leone,M,Employment,Employed for cash,... if she burns the food,5.6,<10%
9389,Sierra Leone,M,Employment,Employed for kind,... if she burns the food,3.6,<10%
9390,Sierra Leone,M,Employment,Unemployed,... if she burns the food,5,<10%
9391,Sierra Leone,M,Employment,Employed for cash,... if she goes out without telling him,21.3,<10%
9392,Sierra Leone,M,Employment,Employed for kind,... if she goes out without telling him,20.7,<10%
9393,Sierra Leone,M,Employment,Unemployed,... if she goes out without telling him,14.3,<10%
9394,Sierra Leone,M,Employment,Employed for cash,... if she neglects the children,25.3,<10%
9395,Sierra Leone,M,Employment,Employed for kind,... if she neglects the children,21.8,<10%
9396,Sierra Leone,M,Employment,Unemployed,... if she neglects the children,15.9,<10%
9397,Sierra Leone,M,Employment,Employed for cash,... if she refuses to have sex with him,10.3,<10%
9398,Sierra Leone,M,Employment,Employed for kind,... if she refuses to have sex with him,10.1,<10%
9399,Sierra Leone,M,Employment,Unemployed,... if she refuses to have sex with him,7,<10%
9400,Sierra Leone,M,Marital status,Married or living together,... for at least one specific reason,34.6,<10%
9401,Sierra Leone,M,Marital status,Never married,... for at least one specific reason,33.4,<10%
9402,Sierra Leone,M,Marital status,"Widowed, divorced, separated",... for at least one specific reason,38,<10%
9403,Sierra Leone,M,Marital status,Married or living together,... if she argues with him,24.6,<10%
9404,Sierra Leone,M,Marital status,Never married,... if she argues with him,23.7,<10%
9405,Sierra Leone,M,Marital status,"Widowed, divorced, separated",... if she argues with him,28.2,<10%
9406,Sierra Leone,M,Marital status,Married or living together,... if she burns the food,4.5,<10%
9407,Sierra Leone,M,Marital status,Never married,... if she burns the food,5.5,<10%
9408,Sierra Leone,M,Marital status,"Widowed, divorced, separated",... if she burns the food,2.3,<10%
9409,Sierra Leone,M,Marital status,Married or living together,... if she goes out without telling him,20.6,<10%
9410,Sierra Leone,M,Marital status,Never married,... if she goes out without telling him,18.5,<10%
9411,Sierra Leone,M,Marital status,"Widowed, divorced, separated",... if she goes out without telling him,23.4,<10%
9412,Sierra Leone,M,Marital status,Married or living together,... if she neglects the children,23.6,<10%
9413,Sierra Leone,M,Marital status,Never married,... if she neglects the children,20.4,<10%
9414,Sierra Leone,M,Marital status,"Widowed, divorced, separated",... if she neglects the children,26.2,<10%
9415,Sierra Leone,M,Marital status,Married or living together,... if she refuses to have sex with him,10,<10%
9416,Sierra Leone,M,Marital status,Never married,... if she refuses to have sex with him,9.2,<10%
9417,Sierra Leone,M,Marital status,"Widowed, divorced, separated",... if she refuses to have sex with him,7.9,<10%
9418,Sierra Leone,M,Residence,Rural,... for at least one specific reason,37.7,<10%
9419,Sierra Leone,M,Residence,Urban,... for at least one specific reason,28.5,<10%
9420,Sierra Leone,M,Residence,Rural,... if she argues with him,26.9,<10%
9421,Sierra Leone,M,Residence,Urban,... if she argues with him,20,<10%
9422,Sierra Leone,M,Residence,Rural,... if she burns the food,4.5,<10%
9423,Sierra Leone,M,Residence,Urban,... if she burns the food,5.3,<10%
9424,Sierra Leone,M,Residence,Rural,... if she goes out without telling him,23,<10%
9425,Sierra Leone,M,Residence,Urban,... if she goes out without telling him,14.5,<10%
9426,Sierra Leone,M,Residence,Rural,... if she neglects the children,25.8,<10%
9427,Sierra Leone,M,Residence,Urban,... if she neglects the children,16.6,<10%
9428,Sierra Leone,M,Residence,Rural,... if she refuses to have sex with him,11.1,<10%
9429,Sierra Leone,M,Residence,Urban,... if she refuses to have sex with him,7.1,<10%
9430,South Africa,F,Age,15-24,... for at least one specific reason,6.4,10-25%
9431,South Africa,F,Age,25-34,... for at least one specific reason,5.1,10-25%
9432,South Africa,F,Age,35-49,... for at least one specific reason,5.1,10-25%
9433,South Africa,F,Age,15-24,... if she argues with him,2.7,10-25%
9434,South Africa,F,Age,25-34,... if she argues with him,2.1,10-25%
9435,South Africa,F,Age,35-49,... if she argues with him,1.9,10-25%
9436,South Africa,F,Age,15-24,... if she burns the food,1.2,10-25%
9437,South Africa,F,Age,25-34,... if she burns the food,1,10-25%
9438,South Africa,F,Age,35-49,... if she burns the food,0.7,10-25%
9439,South Africa,F,Age,15-24,... if she goes out without telling him,2.2,10-25%
9440,South Africa,F,Age,25-34,... if she goes out without telling him,2.1,10-25%
9441,South Africa,F,Age,35-49,... if she goes out without telling him,2,10-25%
9442,South Africa,F,Age,15-24,... if she neglects the children,4.7,10-25%
9443,South Africa,F,Age,25-34,... if she neglects the children,3.4,10-25%
9444,South Africa,F,Age,35-49,... if she neglects the children,3.4,10-25%
9445,South Africa,F,Age,15-24,... if she refuses to have sex with him,1,10-25%
9446,South Africa,F,Age,25-34,... if she refuses to have sex with him,0.8,10-25%
9447,South Africa,F,Age,35-49,... if she refuses to have sex with him,1.1,10-25%
9448,South Africa,F,Education,Higher,... for at least one specific reason,1.1,10-25%
9449,South Africa,F,Education,No education,... for at least one specific reason,6.8,10-25%
9450,South Africa,F,Education,Primary,... for at least one specific reason,9.9,10-25%
9451,South Africa,F,Education,Secondary,... for at least one specific reason,5.6,10-25%
9452,South Africa,F,Education,Higher,... if she argues with him,0.5,10-25%
9453,South Africa,F,Education,No education,... if she argues with him,2.9,10-25%
9454,South Africa,F,Education,Primary,... if she argues with him,4.2,10-25%
9455,South Africa,F,Education,Secondary,... if she argues with him,2.2,10-25%
9456,South Africa,F,Education,Higher,... if she burns the food,0.2,10-25%
9457,South Africa,F,Education,No education,... if she burns the food,1.6,10-25%
9458,South Africa,F,Education,Primary,... if she burns the food,2.4,10-25%
9459,South Africa,F,Education,Secondary,... if she burns the food,0.9,10-25%
9460,South Africa,F,Education,Higher,... if she goes out without telling him,0.3,10-25%
9461,South Africa,F,Education,No education,... if she goes out without telling him,2.2,10-25%
9462,South Africa,F,Education,Primary,... if she goes out without telling him,4.8,10-25%
9463,South Africa,F,Education,Secondary,... if she goes out without telling him,2.1,10-25%
9464,South Africa,F,Education,Higher,... if she neglects the children,0.6,10-25%
9465,South Africa,F,Education,No education,... if she neglects the children,2.8,10-25%
9466,South Africa,F,Education,Primary,... if she neglects the children,6.9,10-25%
9467,South Africa,F,Education,Secondary,... if she neglects the children,4,10-25%
9468,South Africa,F,Education,Higher,... if she refuses to have sex with him,0.1,10-25%
9469,South Africa,F,Education,No education,... if she refuses to have sex with him,2.2,10-25%
9470,South Africa,F,Education,Primary,... if she refuses to have sex with him,1.9,10-25%
9471,South Africa,F,Education,Secondary,... if she refuses to have sex with him,1,10-25%
9472,South Africa,F,Employment,Employed for cash,... for at least one specific reason,5,10-25%
9473,South Africa,F,Employment,Employed for kind,... for at least one specific reason,8.8,10-25%
9474,South Africa,F,Employment,Unemployed,... for at least one specific reason,5.8,10-25%
9475,South Africa,F,Employment,Employed for cash,... if she argues with him,1.9,10-25%
9476,South Africa,F,Employment,Employed for kind,... if she argues with him,2.1,10-25%
9477,South Africa,F,Employment,Unemployed,... if she argues with him,2.4,10-25%
9478,South Africa,F,Employment,Employed for cash,... if she burns the food,0.6,10-25%
9479,South Africa,F,Employment,Employed for kind,... if she burns the food,1.1,10-25%
9480,South Africa,F,Employment,Unemployed,... if she burns the food,1.2,10-25%
9481,South Africa,F,Employment,Employed for cash,... if she goes out without telling him,2.1,10-25%
9482,South Africa,F,Employment,Employed for kind,... if she goes out without telling him,2.7,10-25%
9483,South Africa,F,Employment,Unemployed,... if she goes out without telling him,2.1,10-25%
9484,South Africa,F,Employment,Employed for cash,... if she neglects the children,3.1,10-25%
9485,South Africa,F,Employment,Employed for kind,... if she neglects the children,8.6,10-25%
9486,South Africa,F,Employment,Unemployed,... if she neglects the children,4.2,10-25%
9487,South Africa,F,Employment,Employed for cash,... if she refuses to have sex with him,0.8,10-25%
9488,South Africa,F,Employment,Employed for kind,... if she refuses to have sex with him,0.7,10-25%
9489,South Africa,F,Employment,Unemployed,... if she refuses to have sex with him,1.1,10-25%
9490,South Africa,F,Marital status,Married or living together,... for at least one specific reason,5.2,10-25%
9491,South Africa,F,Marital status,Never married,... for at least one specific reason,5.6,10-25%
9492,South Africa,F,Marital status,"Widowed, divorced, separated",... for at least one specific reason,6.8,10-25%
9493,South Africa,F,Marital status,Married or living together,... if she argues with him,2,10-25%
9494,South Africa,F,Marital status,Never married,... if she argues with him,2.2,10-25%
9495,South Africa,F,Marital status,"Widowed, divorced, separated",... if she argues with him,3.1,10-25%
9496,South Africa,F,Marital status,Married or living together,... if she burns the food,0.9,10-25%
9497,South Africa,F,Marital status,Never married,... if she burns the food,1,10-25%
9498,South Africa,F,Marital status,"Widowed, divorced, separated",... if she burns the food,0.9,10-25%
9499,South Africa,F,Marital status,Married or living together,... if she goes out without telling him,2.4,10-25%
9500,South Africa,F,Marital status,Never married,... if she goes out without telling him,1.8,10-25%
9501,South Africa,F,Marital status,"Widowed, divorced, separated",... if she goes out without telling him,2.8,10-25%
9502,South Africa,F,Marital status,Married or living together,... if she neglects the children,3.3,10-25%
9503,South Africa,F,Marital status,Never married,... if she neglects the children,4,10-25%
9504,South Africa,F,Marital status,"Widowed, divorced, separated",... if she neglects the children,5.7,10-25%
9505,South Africa,F,Marital status,Married or living together,... if she refuses to have sex with him,1,10-25%
9506,South Africa,F,Marital status,Never married,... if she refuses to have sex with him,0.8,10-25%
9507,South Africa,F,Marital status,"Widowed, divorced, separated",... if she refuses to have sex with him,1.9,10-25%
9508,South Africa,F,Residence,Rural,... for at least one specific reason,8.2,10-25%
9509,South Africa,F,Residence,Urban,... for at least one specific reason,4.2,10-25%
9510,South Africa,F,Residence,Rural,... if she argues with him,3.9,10-25%
9511,South Africa,F,Residence,Urban,... if she argues with him,1.4,10-25%
9512,South Africa,F,Residence,Rural,... if she burns the food,1.4,10-25%
9513,South Africa,F,Residence,Urban,... if she burns the food,0.7,10-25%
9514,South Africa,F,Residence,Rural,... if she goes out without telling him,3.2,10-25%
9515,South Africa,F,Residence,Urban,... if she goes out without telling him,1.6,10-25%
9516,South Africa,F,Residence,Rural,... if she neglects the children,5.5,10-25%
9517,South Africa,F,Residence,Urban,... if she neglects the children,3,10-25%
9518,South Africa,F,Residence,Rural,... if she refuses to have sex with him,1.5,10-25%
9519,South Africa,F,Residence,Urban,... if she refuses to have sex with him,0.7,10-25%
9520,South Africa,M,Age,15-24,... for at least one specific reason,13.5,10-25%
9521,South Africa,M,Age,25-34,... for at least one specific reason,7.5,10-25%
9522,South Africa,M,Age,35-49,... for at least one specific reason,5.7,10-25%
9523,South Africa,M,Age,15-24,... if she argues with him,5.5,10-25%
9524,South Africa,M,Age,25-34,... if she argues with him,3.2,10-25%
9525,South Africa,M,Age,35-49,... if she argues with him,2.1,10-25%
9526,South Africa,M,Age,15-24,... if she burns the food,2.3,10-25%
9527,South Africa,M,Age,25-34,... if she burns the food,1.2,10-25%
9528,South Africa,M,Age,35-49,... if she burns the food,1.4,10-25%
9529,South Africa,M,Age,15-24,... if she goes out without telling him,3.2,10-25%
9530,South Africa,M,Age,25-34,... if she goes out without telling him,3.5,10-25%
9531,South Africa,M,Age,35-49,... if she goes out without telling him,4.6,10-25%
9532,South Africa,M,Age,15-24,... if she neglects the children,9.9,10-25%
9533,South Africa,M,Age,25-34,... if she neglects the children,4.5,10-25%
9534,South Africa,M,Age,35-49,... if she neglects the children,2.8,10-25%
9535,South Africa,M,Age,15-24,... if she refuses to have sex with him,2.1,10-25%
9536,South Africa,M,Age,25-34,... if she refuses to have sex with him,0.9,10-25%
9537,South Africa,M,Age,35-49,... if she refuses to have sex with him,1.7,10-25%
9538,South Africa,M,Education,Higher,... for at least one specific reason,5.8,10-25%
9539,South Africa,M,Education,No education,... for at least one specific reason,10.6,10-25%
9540,South Africa,M,Education,Primary,... for at least one specific reason,11,10-25%
9541,South Africa,M,Education,Secondary,... for at least one specific reason,9.4,10-25%
9542,South Africa,M,Education,Higher,... if she argues with him,0.7,10-25%
9543,South Africa,M,Education,No education,... if she argues with him,6.3,10-25%
9544,South Africa,M,Education,Primary,... if she argues with him,6.3,10-25%
9545,South Africa,M,Education,Secondary,... if she argues with him,3.7,10-25%
9546,South Africa,M,Education,Higher,... if she burns the food,1.2,10-25%
9547,South Africa,M,Education,No education,... if she burns the food,3.8,10-25%
9548,South Africa,M,Education,Primary,... if she burns the food,3.2,10-25%
9549,South Africa,M,Education,Secondary,... if she burns the food,1.5,10-25%
9550,South Africa,M,Education,Higher,... if she goes out without telling him,1.7,10-25%
9551,South Africa,M,Education,No education,... if she goes out without telling him,4.5,10-25%
9552,South Africa,M,Education,Primary,... if she goes out without telling him,5.6,10-25%
9553,South Africa,M,Education,Secondary,... if she goes out without telling him,3.7,10-25%
9554,South Africa,M,Education,Higher,... if she neglects the children,3.2,10-25%
9555,South Africa,M,Education,No education,... if she neglects the children,8.2,10-25%
9556,South Africa,M,Education,Primary,... if she neglects the children,7.5,10-25%
9557,South Africa,M,Education,Secondary,... if she neglects the children,6.2,10-25%
9558,South Africa,M,Education,Higher,... if she refuses to have sex with him,0.7,10-25%
9559,South Africa,M,Education,No education,... if she refuses to have sex with him,1.1,10-25%
9560,South Africa,M,Education,Primary,... if she refuses to have sex with him,2.5,10-25%
9561,South Africa,M,Education,Secondary,... if she refuses to have sex with him,1.6,10-25%
9562,South Africa,M,Employment,Employed for cash,... for at least one specific reason,7.2,10-25%
9563,South Africa,M,Employment,Unemployed,... for at least one specific reason,11.4,10-25%
9564,South Africa,M,Employment,Employed for cash,... if she argues with him,2.4,10-25%
9565,South Africa,M,Employment,Unemployed,... if she argues with him,5.1,10-25%
9566,South Africa,M,Employment,Employed for cash,... if she burns the food,1.7,10-25%
9567,South Africa,M,Employment,Unemployed,... if she burns the food,1.7,10-25%
9568,South Africa,M,Employment,Employed for cash,... if she goes out without telling him,3.1,10-25%
9569,South Africa,M,Employment,Unemployed,... if she goes out without telling him,4.4,10-25%
9570,South Africa,M,Employment,Employed for cash,... if she neglects the children,4.3,10-25%
9571,South Africa,M,Employment,Unemployed,... if she neglects the children,7.9,10-25%
9572,South Africa,M,Employment,Employed for cash,... if she refuses to have sex with him,1.6,10-25%
9573,South Africa,M,Employment,Unemployed,... if she refuses to have sex with him,1.6,10-25%
9574,South Africa,M,Marital status,Married or living together,... for at least one specific reason,4.7,10-25%
9575,South Africa,M,Marital status,Never married,... for at least one specific reason,11.4,10-25%
9576,South Africa,M,Marital status,"Widowed, divorced, separated",... for at least one specific reason,8.8,10-25%
9577,South Africa,M,Marital status,Married or living together,... if she argues with him,2,10-25%
9578,South Africa,M,Marital status,Never married,... if she argues with him,4.6,10-25%
9579,South Africa,M,Marital status,"Widowed, divorced, separated",... if she argues with him,3.5,10-25%
9580,South Africa,M,Marital status,Married or living together,... if she burns the food,0.8,10-25%
9581,South Africa,M,Marital status,Never married,... if she burns the food,2.2,10-25%
9582,South Africa,M,Marital status,"Widowed, divorced, separated",... if she burns the food,1.2,10-25%
9583,South Africa,M,Marital status,Married or living together,... if she goes out without telling him,3.4,10-25%
9584,South Africa,M,Marital status,Never married,... if she goes out without telling him,3.9,10-25%
9585,South Africa,M,Marital status,"Widowed, divorced, separated",... if she goes out without telling him,4,10-25%
9586,South Africa,M,Marital status,Married or living together,... if she neglects the children,2.8,10-25%
9587,South Africa,M,Marital status,Never married,... if she neglects the children,7.5,10-25%
9588,South Africa,M,Marital status,"Widowed, divorced, separated",... if she neglects the children,6.7,10-25%
9589,South Africa,M,Marital status,Married or living together,... if she refuses to have sex with him,0.8,10-25%
9590,South Africa,M,Marital status,Never married,... if she refuses to have sex with him,2,10-25%
9591,South Africa,M,Marital status,"Widowed, divorced, separated",... if she refuses to have sex with him,0.7,10-25%
9592,South Africa,M,Residence,Rural,... for at least one specific reason,14.9,10-25%
9593,South Africa,M,Residence,Urban,... for at least one specific reason,6.6,10-25%
9594,South Africa,M,Residence,Rural,... if she argues with him,7.1,10-25%
9595,South Africa,M,Residence,Urban,... if she argues with him,2.2,10-25%
9596,South Africa,M,Residence,Rural,... if she burns the food,2.7,10-25%
9597,South Africa,M,Residence,Urban,... if she burns the food,1.2,10-25%
9598,South Africa,M,Residence,Rural,... if she goes out without telling him,6,10-25%
9599,South Africa,M,Residence,Urban,... if she goes out without telling him,2.7,10-25%
9600,South Africa,M,Residence,Rural,... if she neglects the children,10.1,10-25%
9601,South Africa,M,Residence,Urban,... if she neglects the children,4.2,10-25%
9602,South Africa,M,Residence,Rural,... if she refuses to have sex with him,2.6,10-25%
9603,South Africa,M,Residence,Urban,... if she refuses to have sex with him,1.1,10-25%
9604,Tajikistan,F,Age,15-24,... for at least one specific reason,55.7,<10%
9605,Tajikistan,F,Age,25-34,... for at least one specific reason,69.7,<10%
9606,Tajikistan,F,Age,35-49,... for at least one specific reason,66.5,<10%
9607,Tajikistan,F,Age,15-24,... if she argues with him,44.5,<10%
9608,Tajikistan,F,Age,25-34,... if she argues with him,58.2,<10%
9609,Tajikistan,F,Age,35-49,... if she argues with him,55.5,<10%
9610,Tajikistan,F,Age,15-24,... if she burns the food,25,<10%
9611,Tajikistan,F,Age,25-34,... if she burns the food,35,<10%
9612,Tajikistan,F,Age,35-49,... if she burns the food,29.3,<10%
9613,Tajikistan,F,Age,15-24,... if she goes out without telling him,43.4,<10%
9614,Tajikistan,F,Age,25-34,... if she goes out without telling him,58.3,<10%
9615,Tajikistan,F,Age,35-49,... if she goes out without telling him,53.5,<10%
9616,Tajikistan,F,Age,15-24,... if she neglects the children,43.1,<10%
9617,Tajikistan,F,Age,25-34,... if she neglects the children,55.3,<10%
9618,Tajikistan,F,Age,35-49,... if she neglects the children,52.4,<10%
9619,Tajikistan,F,Age,15-24,... if she refuses to have sex with him,19.6,<10%
9620,Tajikistan,F,Age,25-34,... if she refuses to have sex with him,33.1,<10%
9621,Tajikistan,F,Age,35-49,... if she refuses to have sex with him,28.4,<10%
9622,Tajikistan,F,Education,Higher,... for at least one specific reason,51.7,<10%
9623,Tajikistan,F,Education,No education,... for at least one specific reason,66,<10%
9624,Tajikistan,F,Education,Primary,... for at least one specific reason,67.7,<10%
9625,Tajikistan,F,Education,Secondary,... for at least one specific reason,66,<10%
9626,Tajikistan,F,Education,Higher,... if she argues with him,40.9,<10%
9627,Tajikistan,F,Education,No education,... if she argues with him,57.8,<10%
9628,Tajikistan,F,Education,Primary,... if she argues with him,55.8,<10%
9629,Tajikistan,F,Education,Secondary,... if she argues with him,54.6,<10%
9630,Tajikistan,F,Education,Higher,... if she burns the food,19.2,<10%
9631,Tajikistan,F,Education,No education,... if she burns the food,41.7,<10%
9632,Tajikistan,F,Education,Primary,... if she burns the food,40.2,<10%
9633,Tajikistan,F,Education,Secondary,... if she burns the food,31.1,<10%
9634,Tajikistan,F,Education,Higher,... if she goes out without telling him,36.2,<10%
9635,Tajikistan,F,Education,No education,... if she goes out without telling him,61.6,<10%
9636,Tajikistan,F,Education,Primary,... if she goes out without telling him,59,<10%
9637,Tajikistan,F,Education,Secondary,... if she goes out without telling him,54.1,<10%
9638,Tajikistan,F,Education,Higher,... if she neglects the children,36.6,<10%
9639,Tajikistan,F,Education,No education,... if she neglects the children,58.3,<10%
9640,Tajikistan,F,Education,Primary,... if she neglects the children,56.8,<10%
9641,Tajikistan,F,Education,Secondary,... if she neglects the children,52.4,<10%
9642,Tajikistan,F,Education,Higher,... if she refuses to have sex with him,16.5,<10%
9643,Tajikistan,F,Education,No education,... if she refuses to have sex with him,41.7,<10%
9644,Tajikistan,F,Education,Primary,... if she refuses to have sex with him,32.4,<10%
9645,Tajikistan,F,Education,Secondary,... if she refuses to have sex with him,28.3,<10%
9646,Tajikistan,F,Employment,Employed for cash,... for at least one specific reason,58.3,<10%
9647,Tajikistan,F,Employment,Employed for kind,... for at least one specific reason,63.6,<10%
9648,Tajikistan,F,Employment,Unemployed,... for at least one specific reason,65.1,<10%
9649,Tajikistan,F,Employment,Employed for cash,... if she argues with him,46.9,<10%
9650,Tajikistan,F,Employment,Employed for kind,... if she argues with him,51.3,<10%
9651,Tajikistan,F,Employment,Unemployed,... if she argues with him,53.9,<10%
9652,Tajikistan,F,Employment,Employed for cash,... if she burns the food,24.9,<10%
9653,Tajikistan,F,Employment,Employed for kind,... if she burns the food,25.1,<10%
9654,Tajikistan,F,Employment,Unemployed,... if she burns the food,31.2,<10%
9655,Tajikistan,F,Employment,Employed for cash,... if she goes out without telling him,45.7,<10%
9656,Tajikistan,F,Employment,Employed for kind,... if she goes out without telling him,51.2,<10%
9657,Tajikistan,F,Employment,Unemployed,... if she goes out without telling him,52.9,<10%
9658,Tajikistan,F,Employment,Employed for cash,... if she neglects the children,44.1,<10%
9659,Tajikistan,F,Employment,Employed for kind,... if she neglects the children,51.5,<10%
9660,Tajikistan,F,Employment,Unemployed,... if she neglects the children,51.5,<10%
9661,Tajikistan,F,Employment,Employed for cash,... if she refuses to have sex with him,22.3,<10%
9662,Tajikistan,F,Employment,Employed for kind,... if she refuses to have sex with him,23.7,<10%
9663,Tajikistan,F,Employment,Unemployed,... if she refuses to have sex with him,28.1,<10%
9664,Tajikistan,F,Marital status,Married or living together,... for at least one specific reason,70.1,<10%
9665,Tajikistan,F,Marital status,Never married,... for at least one specific reason,43.4,<10%
9666,Tajikistan,F,Marital status,"Widowed, divorced, separated",... for at least one specific reason,59.5,<10%
9667,Tajikistan,F,Marital status,Married or living together,... if she argues with him,59.3,<10%
9668,Tajikistan,F,Marital status,Never married,... if she argues with him,30.8,<10%
9669,Tajikistan,F,Marital status,"Widowed, divorced, separated",... if she argues with him,47,<10%
9670,Tajikistan,F,Marital status,Married or living together,... if she burns the food,33.4,<10%
9671,Tajikistan,F,Marital status,Never married,... if she burns the food,17.6,<10%
9672,Tajikistan,F,Marital status,"Widowed, divorced, separated",... if she burns the food,27.6,<10%
9673,Tajikistan,F,Marital status,Married or living together,... if she goes out without telling him,58.4,<10%
9674,Tajikistan,F,Marital status,Never married,... if she goes out without telling him,29.5,<10%
9675,Tajikistan,F,Marital status,"Widowed, divorced, separated",... if she goes out without telling him,46.4,<10%
9676,Tajikistan,F,Marital status,Married or living together,... if she neglects the children,55.7,<10%
9677,Tajikistan,F,Marital status,Never married,... if she neglects the children,31.5,<10%
9678,Tajikistan,F,Marital status,"Widowed, divorced, separated",... if she neglects the children,48.5,<10%
9679,Tajikistan,F,Marital status,Married or living together,... if she refuses to have sex with him,32.3,<10%
9680,Tajikistan,F,Marital status,Never married,... if she refuses to have sex with him,8.3,<10%
9681,Tajikistan,F,Marital status,"Widowed, divorced, separated",... if she refuses to have sex with him,27.7,<10%
9682,Tajikistan,F,Residence,Rural,... for at least one specific reason,66.4,<10%
9683,Tajikistan,F,Residence,Urban,... for at least one specific reason,55.1,<10%
9684,Tajikistan,F,Residence,Rural,... if she argues with him,54.7,<10%
9685,Tajikistan,F,Residence,Urban,... if she argues with him,45.1,<10%
9686,Tajikistan,F,Residence,Rural,... if she burns the food,31.6,<10%
9687,Tajikistan,F,Residence,Urban,... if she burns the food,23.5,<10%
9688,Tajikistan,F,Residence,Rural,... if she goes out without telling him,54.8,<10%
9689,Tajikistan,F,Residence,Urban,... if she goes out without telling him,41,<10%
9690,Tajikistan,F,Residence,Rural,... if she neglects the children,52.7,<10%
9691,Tajikistan,F,Residence,Urban,... if she neglects the children,41.7,<10%
9692,Tajikistan,F,Residence,Rural,... if she refuses to have sex with him,28.7,<10%
9693,Tajikistan,F,Residence,Urban,... if she refuses to have sex with him,20.7,<10%
9694,Tanzania,F,Age,15-24,... for at least one specific reason,59.4,<10%
9695,Tanzania,F,Age,25-34,... for at least one specific reason,55.9,<10%
9696,Tanzania,F,Age,35-49,... for at least one specific reason,58.3,<10%
9697,Tanzania,F,Age,15-24,... if she argues with him,42.1,<10%
9698,Tanzania,F,Age,25-34,... if she argues with him,40.6,<10%
9699,Tanzania,F,Age,35-49,... if she argues with him,43.2,<10%
9700,Tanzania,F,Age,15-24,... if she burns the food,19.3,<10%
9701,Tanzania,F,Age,25-34,... if she burns the food,19.8,<10%
9702,Tanzania,F,Age,35-49,... if she burns the food,21.7,<10%
9703,Tanzania,F,Age,15-24,... if she goes out without telling him,40.3,<10%
9704,Tanzania,F,Age,25-34,... if she goes out without telling him,40.3,<10%
9705,Tanzania,F,Age,35-49,... if she goes out without telling him,42.2,<10%
9706,Tanzania,F,Age,15-24,... if she neglects the children,48.1,<10%
9707,Tanzania,F,Age,25-34,... if she neglects the children,46.9,<10%
9708,Tanzania,F,Age,35-49,... if she neglects the children,48.5,<10%
9709,Tanzania,F,Age,15-24,... if she refuses to have sex with him,26.9,<10%
9710,Tanzania,F,Age,25-34,... if she refuses to have sex with him,31.3,<10%
9711,Tanzania,F,Age,35-49,... if she refuses to have sex with him,34.5,<10%
9712,Tanzania,F,Education,Higher,... for at least one specific reason,10.4,<10%
9713,Tanzania,F,Education,No education,... for at least one specific reason,65,<10%
9714,Tanzania,F,Education,Primary,... for at least one specific reason,62.2,<10%
9715,Tanzania,F,Education,Secondary,... for at least one specific reason,44.7,<10%
9716,Tanzania,F,Education,Higher,... if she argues with him,1.9,<10%
9717,Tanzania,F,Education,No education,... if she argues with him,51.1,<10%
9718,Tanzania,F,Education,Primary,... if she argues with him,45.6,<10%
9719,Tanzania,F,Education,Secondary,... if she argues with him,28.2,<10%
9720,Tanzania,F,Education,Higher,... if she burns the food,0.3,<10%
9721,Tanzania,F,Education,No education,... if she burns the food,29.3,<10%
9722,Tanzania,F,Education,Primary,... if she burns the food,22.7,<10%
9723,Tanzania,F,Education,Secondary,... if she burns the food,8.2,<10%
9724,Tanzania,F,Education,Higher,... if she goes out without telling him,2.4,<10%
9725,Tanzania,F,Education,No education,... if she goes out without telling him,51.3,<10%
9726,Tanzania,F,Education,Primary,... if she goes out without telling him,44.5,<10%
9727,Tanzania,F,Education,Secondary,... if she goes out without telling him,26.3,<10%
9728,Tanzania,F,Education,Higher,... if she neglects the children,9.9,<10%
9729,Tanzania,F,Education,No education,... if she neglects the children,55.4,<10%
9730,Tanzania,F,Education,Primary,... if she neglects the children,51.2,<10%
9731,Tanzania,F,Education,Secondary,... if she neglects the children,35.9,<10%
9732,Tanzania,F,Education,Higher,... if she refuses to have sex with him,1.2,<10%
9733,Tanzania,F,Education,No education,... if she refuses to have sex with him,41.9,<10%
9734,Tanzania,F,Education,Primary,... if she refuses to have sex with him,34.1,<10%
9735,Tanzania,F,Education,Secondary,... if she refuses to have sex with him,14.5,<10%
9736,Tanzania,F,Employment,Employed for cash,... for at least one specific reason,53.3,<10%
9737,Tanzania,F,Employment,Employed for kind,... for at least one specific reason,68.3,<10%
9738,Tanzania,F,Employment,Unemployed,... for at least one specific reason,54,<10%
9739,Tanzania,F,Employment,Employed for cash,... if she argues with him,37.2,<10%
9740,Tanzania,F,Employment,Employed for kind,... if she argues with him,51.9,<10%
9741,Tanzania,F,Employment,Unemployed,... if she argues with him,38.3,<10%
9742,Tanzania,F,Employment,Employed for cash,... if she burns the food,16.9,<10%
9743,Tanzania,F,Employment,Employed for kind,... if she burns the food,27.9,<10%
9744,Tanzania,F,Employment,Unemployed,... if she burns the food,16.4,<10%
9745,Tanzania,F,Employment,Employed for cash,... if she goes out without telling him,36.2,<10%
9746,Tanzania,F,Employment,Employed for kind,... if she goes out without telling him,50.9,<10%
9747,Tanzania,F,Employment,Unemployed,... if she goes out without telling him,37.1,<10%
9748,Tanzania,F,Employment,Employed for cash,... if she neglects the children,44.4,<10%
9749,Tanzania,F,Employment,Employed for kind,... if she neglects the children,56,<10%
9750,Tanzania,F,Employment,Unemployed,... if she neglects the children,44.1,<10%
9751,Tanzania,F,Employment,Employed for cash,... if she refuses to have sex with him,26.6,<10%
9752,Tanzania,F,Employment,Employed for kind,... if she refuses to have sex with him,40.3,<10%
9753,Tanzania,F,Employment,Unemployed,... if she refuses to have sex with him,25.2,<10%
9754,Tanzania,F,Marital status,Married or living together,... for at least one specific reason,60.2,<10%
9755,Tanzania,F,Marital status,Never married,... for at least one specific reason,52.9,<10%
9756,Tanzania,F,Marital status,"Widowed, divorced, separated",... for at least one specific reason,57.8,<10%
9757,Tanzania,F,Marital status,Married or living together,... if she argues with him,44.7,<10%
9758,Tanzania,F,Marital status,Never married,... if she argues with him,35.5,<10%
9759,Tanzania,F,Marital status,"Widowed, divorced, separated",... if she argues with him,41.8,<10%
9760,Tanzania,F,Marital status,Married or living together,... if she burns the food,21.6,<10%
9761,Tanzania,F,Marital status,Never married,... if she burns the food,16.2,<10%
9762,Tanzania,F,Marital status,"Widowed, divorced, separated",... if she burns the food,21.3,<10%
9763,Tanzania,F,Marital status,Married or living together,... if she goes out without telling him,44,<10%
9764,Tanzania,F,Marital status,Never married,... if she goes out without telling him,33.9,<10%
9765,Tanzania,F,Marital status,"Widowed, divorced, separated",... if she goes out without telling him,39.9,<10%
9766,Tanzania,F,Marital status,Married or living together,... if she neglects the children,50.1,<10%
9767,Tanzania,F,Marital status,Never married,... if she neglects the children,41.8,<10%
9768,Tanzania,F,Marital status,"Widowed, divorced, separated",... if she neglects the children,49.1,<10%
9769,Tanzania,F,Marital status,Married or living together,... if she refuses to have sex with him,33.8,<10%
9770,Tanzania,F,Marital status,Never married,... if she refuses to have sex with him,21,<10%
9771,Tanzania,F,Marital status,"Widowed, divorced, separated",... if she refuses to have sex with him,32.9,<10%
9772,Tanzania,F,Residence,Rural,... for at least one specific reason,62.1,<10%
9773,Tanzania,F,Residence,Urban,... for at least one specific reason,50.8,<10%
9774,Tanzania,F,Residence,Rural,... if she argues with him,46.5,<10%
9775,Tanzania,F,Residence,Urban,... if she argues with him,34.1,<10%
9776,Tanzania,F,Residence,Rural,... if she burns the food,24.3,<10%
9777,Tanzania,F,Residence,Urban,... if she burns the food,12.8,<10%
9778,Tanzania,F,Residence,Rural,... if she goes out without telling him,45.8,<10%
9779,Tanzania,F,Residence,Urban,... if she goes out without telling him,32.2,<10%
9780,Tanzania,F,Residence,Rural,... if she neglects the children,51.7,<10%
9781,Tanzania,F,Residence,Urban,... if she neglects the children,41.2,<10%
9782,Tanzania,F,Residence,Rural,... if she refuses to have sex with him,35.7,<10%
9783,Tanzania,F,Residence,Urban,... if she refuses to have sex with him,21.2,<10%
9784,Tanzania,M,Age,15-24,... for at least one specific reason,47.8,<10%
9785,Tanzania,M,Age,25-34,... for at least one specific reason,34.1,<10%
9786,Tanzania,M,Age,35-49,... for at least one specific reason,33,<10%
9787,Tanzania,M,Age,15-24,... if she argues with him,30.6,<10%
9788,Tanzania,M,Age,25-34,... if she argues with him,19.2,<10%
9789,Tanzania,M,Age,35-49,... if she argues with him,20.4,<10%
9790,Tanzania,M,Age,15-24,... if she burns the food,9.2,<10%
9791,Tanzania,M,Age,25-34,... if she burns the food,3.7,<10%
9792,Tanzania,M,Age,35-49,... if she burns the food,4.7,<10%
9793,Tanzania,M,Age,15-24,... if she goes out without telling him,26.9,<10%
9794,Tanzania,M,Age,25-34,... if she goes out without telling him,17.8,<10%
9795,Tanzania,M,Age,35-49,... if she goes out without telling him,21.1,<10%
9796,Tanzania,M,Age,15-24,... if she neglects the children,37.8,<10%
9797,Tanzania,M,Age,25-34,... if she neglects the children,25.1,<10%
9798,Tanzania,M,Age,35-49,... if she neglects the children,25.7,<10%
9799,Tanzania,M,Age,15-24,... if she refuses to have sex with him,16.9,<10%
9800,Tanzania,M,Age,25-34,... if she refuses to have sex with him,10.1,<10%
9801,Tanzania,M,Age,35-49,... if she refuses to have sex with him,12.5,<10%
9802,Tanzania,M,Education,Higher,... for at least one specific reason,12.5,<10%
9803,Tanzania,M,Education,No education,... for at least one specific reason,38.9,<10%
9804,Tanzania,M,Education,Primary,... for at least one specific reason,42.6,<10%
9805,Tanzania,M,Education,Secondary,... for at least one specific reason,35.3,<10%
9806,Tanzania,M,Education,Higher,... if she argues with him,2.4,<10%
9807,Tanzania,M,Education,No education,... if she argues with him,24.3,<10%
9808,Tanzania,M,Education,Primary,... if she argues with him,27.4,<10%
9809,Tanzania,M,Education,Secondary,... if she argues with him,19.7,<10%
9810,Tanzania,M,Education,Higher,... if she burns the food,0,<10%
9811,Tanzania,M,Education,No education,... if she burns the food,8.8,<10%
9812,Tanzania,M,Education,Primary,... if she burns the food,6.8,<10%
9813,Tanzania,M,Education,Secondary,... if she burns the food,5.3,<10%
9814,Tanzania,M,Education,Higher,... if she goes out without telling him,3.2,<10%
9815,Tanzania,M,Education,No education,... if she goes out without telling him,20.6,<10%
9816,Tanzania,M,Education,Primary,... if she goes out without telling him,26.3,<10%
9817,Tanzania,M,Education,Secondary,... if she goes out without telling him,16.6,<10%
9818,Tanzania,M,Education,Higher,... if she neglects the children,8.4,<10%
9819,Tanzania,M,Education,No education,... if she neglects the children,30.9,<10%
9820,Tanzania,M,Education,Primary,... if she neglects the children,33,<10%
9821,Tanzania,M,Education,Secondary,... if she neglects the children,27.4,<10%
9822,Tanzania,M,Education,Higher,... if she refuses to have sex with him,2,<10%
9823,Tanzania,M,Education,No education,... if she refuses to have sex with him,13.7,<10%
9824,Tanzania,M,Education,Primary,... if she refuses to have sex with him,16.4,<10%
9825,Tanzania,M,Education,Secondary,... if she refuses to have sex with him,8.5,<10%
9826,Tanzania,M,Employment,Employed for cash,... for at least one specific reason,37.6,<10%
9827,Tanzania,M,Employment,Employed for kind,... for at least one specific reason,51,<10%
9828,Tanzania,M,Employment,Unemployed,... for at least one specific reason,40.7,<10%
9829,Tanzania,M,Employment,Employed for cash,... if she argues with him,24.2,<10%
9830,Tanzania,M,Employment,Employed for kind,... if she argues with him,27,<10%
9831,Tanzania,M,Employment,Unemployed,... if she argues with him,22.7,<10%
9832,Tanzania,M,Employment,Employed for cash,... if she burns the food,6.1,<10%
9833,Tanzania,M,Employment,Employed for kind,... if she burns the food,9,<10%
9834,Tanzania,M,Employment,Unemployed,... if she burns the food,5.6,<10%
9835,Tanzania,M,Employment,Employed for cash,... if she goes out without telling him,21.4,<10%
9836,Tanzania,M,Employment,Employed for kind,... if she goes out without telling him,32.2,<10%
9837,Tanzania,M,Employment,Unemployed,... if she goes out without telling him,20.8,<10%
9838,Tanzania,M,Employment,Employed for cash,... if she neglects the children,29.3,<10%
9839,Tanzania,M,Employment,Employed for kind,... if she neglects the children,38.6,<10%
9840,Tanzania,M,Employment,Unemployed,... if she neglects the children,31.9,<10%
9841,Tanzania,M,Employment,Employed for cash,... if she refuses to have sex with him,13.5,<10%
9842,Tanzania,M,Employment,Employed for kind,... if she refuses to have sex with him,18.8,<10%
9843,Tanzania,M,Employment,Unemployed,... if she refuses to have sex with him,9.5,<10%
9844,Tanzania,M,Marital status,Married or living together,... for at least one specific reason,33.5,<10%
9845,Tanzania,M,Marital status,Never married,... for at least one specific reason,45.7,<10%
9846,Tanzania,M,Marital status,"Widowed, divorced, separated",... for at least one specific reason,50.3,<10%
9847,Tanzania,M,Marital status,Married or living together,... if she argues with him,19.9,<10%
9848,Tanzania,M,Marital status,Never married,... if she argues with him,29.3,<10%
9849,Tanzania,M,Marital status,"Widowed, divorced, separated",... if she argues with him,30.5,<10%
9850,Tanzania,M,Marital status,Married or living together,... if she burns the food,4.6,<10%
9851,Tanzania,M,Marital status,Never married,... if she burns the food,8.9,<10%
9852,Tanzania,M,Marital status,"Widowed, divorced, separated",... if she burns the food,3.4,<10%
9853,Tanzania,M,Marital status,Married or living together,... if she goes out without telling him,20.2,<10%
9854,Tanzania,M,Marital status,Never married,... if she goes out without telling him,24.9,<10%
9855,Tanzania,M,Marital status,"Widowed, divorced, separated",... if she goes out without telling him,29.8,<10%
9856,Tanzania,M,Marital status,Married or living together,... if she neglects the children,25.9,<10%
9857,Tanzania,M,Marital status,Never married,... if she neglects the children,35.3,<10%
9858,Tanzania,M,Marital status,"Widowed, divorced, separated",... if she neglects the children,41.3,<10%
9859,Tanzania,M,Marital status,Married or living together,... if she refuses to have sex with him,11.6,<10%
9860,Tanzania,M,Marital status,Never married,... if she refuses to have sex with him,16.2,<10%
9861,Tanzania,M,Marital status,"Widowed, divorced, separated",... if she refuses to have sex with him,16.1,<10%
9862,Tanzania,M,Residence,Rural,... for at least one specific reason,40.9,<10%
9863,Tanzania,M,Residence,Urban,... for at least one specific reason,37.3,<10%
9864,Tanzania,M,Residence,Rural,... if she argues with him,26.1,<10%
9865,Tanzania,M,Residence,Urban,... if she argues with him,21.6,<10%
9866,Tanzania,M,Residence,Rural,... if she burns the food,7.5,<10%
9867,Tanzania,M,Residence,Urban,... if she burns the food,4.4,<10%
9868,Tanzania,M,Residence,Rural,... if she goes out without telling him,24.6,<10%
9869,Tanzania,M,Residence,Urban,... if she goes out without telling him,19.3,<10%
9870,Tanzania,M,Residence,Rural,... if she neglects the children,32.3,<10%
9871,Tanzania,M,Residence,Urban,... if she neglects the children,28,<10%
9872,Tanzania,M,Residence,Rural,... if she refuses to have sex with him,15.9,<10%
9873,Tanzania,M,Residence,Urban,... if she refuses to have sex with him,10,<10%
9874,Timor-Leste,F,Age,15-24,... for at least one specific reason,72.1,<10%
9875,Timor-Leste,F,Age,25-34,... for at least one specific reason,76.8,<10%
9876,Timor-Leste,F,Age,35-49,... for at least one specific reason,73.8,<10%
9877,Timor-Leste,F,Age,15-24,... if she argues with him,58.6,<10%
9878,Timor-Leste,F,Age,25-34,... if she argues with him,62.6,<10%
9879,Timor-Leste,F,Age,35-49,... if she argues with him,60.1,<10%
9880,Timor-Leste,F,Age,15-24,... if she burns the food,31.3,<10%
9881,Timor-Leste,F,Age,25-34,... if she burns the food,32.4,<10%
9882,Timor-Leste,F,Age,35-49,... if she burns the food,32,<10%
9883,Timor-Leste,F,Age,15-24,... if she goes out without telling him,61.5,<10%
9884,Timor-Leste,F,Age,25-34,... if she goes out without telling him,67.7,<10%
9885,Timor-Leste,F,Age,35-49,... if she goes out without telling him,65.1,<10%
9886,Timor-Leste,F,Age,15-24,... if she neglects the children,61.4,<10%
9887,Timor-Leste,F,Age,25-34,... if she neglects the children,65.5,<10%
9888,Timor-Leste,F,Age,35-49,... if she neglects the children,62,<10%
9889,Timor-Leste,F,Age,15-24,... if she refuses to have sex with him,31.2,<10%
9890,Timor-Leste,F,Age,25-34,... if she refuses to have sex with him,39.7,<10%
9891,Timor-Leste,F,Age,35-49,... if she refuses to have sex with him,37.6,<10%
9892,Timor-Leste,F,Education,Higher,... for at least one specific reason,74.6,<10%
9893,Timor-Leste,F,Education,No education,... for at least one specific reason,77.1,<10%
9894,Timor-Leste,F,Education,Primary,... for at least one specific reason,74,<10%
9895,Timor-Leste,F,Education,Secondary,... for at least one specific reason,72.6,<10%
9896,Timor-Leste,F,Education,Higher,... if she argues with him,58.3,<10%
9897,Timor-Leste,F,Education,No education,... if she argues with him,64,<10%
9898,Timor-Leste,F,Education,Primary,... if she argues with him,60.1,<10%
9899,Timor-Leste,F,Education,Secondary,... if she argues with him,59.1,<10%
9900,Timor-Leste,F,Education,Higher,... if she burns the food,23.7,<10%
9901,Timor-Leste,F,Education,No education,... if she burns the food,37.1,<10%
9902,Timor-Leste,F,Education,Primary,... if she burns the food,37.4,<10%
9903,Timor-Leste,F,Education,Secondary,... if she burns the food,29.7,<10%
9904,Timor-Leste,F,Education,Higher,... if she goes out without telling him,63.8,<10%
9905,Timor-Leste,F,Education,No education,... if she goes out without telling him,69.6,<10%
9906,Timor-Leste,F,Education,Primary,... if she goes out without telling him,64.1,<10%
9907,Timor-Leste,F,Education,Secondary,... if she goes out without telling him,62.5,<10%
9908,Timor-Leste,F,Education,Higher,... if she neglects the children,63.6,<10%
9909,Timor-Leste,F,Education,No education,... if she neglects the children,66.5,<10%
9910,Timor-Leste,F,Education,Primary,... if she neglects the children,62.5,<10%
9911,Timor-Leste,F,Education,Secondary,... if she neglects the children,61.1,<10%
9912,Timor-Leste,F,Education,Higher,... if she refuses to have sex with him,30.9,<10%
9913,Timor-Leste,F,Education,No education,... if she refuses to have sex with him,42,<10%
9914,Timor-Leste,F,Education,Primary,... if she refuses to have sex with him,40.5,<10%
9915,Timor-Leste,F,Education,Secondary,... if she refuses to have sex with him,32.5,<10%
9916,Timor-Leste,F,Employment,Employed for cash,... for at least one specific reason,76.1,<10%
9917,Timor-Leste,F,Employment,Employed for kind,... for at least one specific reason,85.2,<10%
9918,Timor-Leste,F,Employment,Unemployed,... for at least one specific reason,70.2,<10%
9919,Timor-Leste,F,Employment,Employed for cash,... if she argues with him,60.5,<10%
9920,Timor-Leste,F,Employment,Employed for kind,... if she argues with him,71.3,<10%
9921,Timor-Leste,F,Employment,Unemployed,... if she argues with him,57,<10%
9922,Timor-Leste,F,Employment,Employed for cash,... if she burns the food,30.3,<10%
9923,Timor-Leste,F,Employment,Employed for kind,... if she burns the food,40,<10%
9924,Timor-Leste,F,Employment,Unemployed,... if she burns the food,30,<10%
9925,Timor-Leste,F,Employment,Employed for cash,... if she goes out without telling him,65.3,<10%
9926,Timor-Leste,F,Employment,Employed for kind,... if she goes out without telling him,76.1,<10%
9927,Timor-Leste,F,Employment,Unemployed,... if she goes out without telling him,60.9,<10%
9928,Timor-Leste,F,Employment,Employed for cash,... if she neglects the children,62.5,<10%
9929,Timor-Leste,F,Employment,Employed for kind,... if she neglects the children,74.4,<10%
9930,Timor-Leste,F,Employment,Unemployed,... if she neglects the children,59.6,<10%
9931,Timor-Leste,F,Employment,Employed for cash,... if she refuses to have sex with him,34.4,<10%
9932,Timor-Leste,F,Employment,Employed for kind,... if she refuses to have sex with him,44.5,<10%
9933,Timor-Leste,F,Employment,Unemployed,... if she refuses to have sex with him,33.5,<10%
9934,Timor-Leste,F,Marital status,Married or living together,... for at least one specific reason,76.5,<10%
9935,Timor-Leste,F,Marital status,Never married,... for at least one specific reason,69.9,<10%
9936,Timor-Leste,F,Marital status,"Widowed, divorced, separated",... for at least one specific reason,73.5,<10%
9937,Timor-Leste,F,Marital status,Married or living together,... if she argues with him,62.6,<10%
9938,Timor-Leste,F,Marital status,Never married,... if she argues with him,56.3,<10%
9939,Timor-Leste,F,Marital status,"Widowed, divorced, separated",... if she argues with him,59.8,<10%
9940,Timor-Leste,F,Marital status,Married or living together,... if she burns the food,33,<10%
9941,Timor-Leste,F,Marital status,Never married,... if she burns the food,29.6,<10%
9942,Timor-Leste,F,Marital status,"Widowed, divorced, separated",... if she burns the food,34.7,<10%
9943,Timor-Leste,F,Marital status,Married or living together,... if she goes out without telling him,67.6,<10%
9944,Timor-Leste,F,Marital status,Never married,... if she goes out without telling him,59.2,<10%
9945,Timor-Leste,F,Marital status,"Widowed, divorced, separated",... if she goes out without telling him,65.5,<10%
9946,Timor-Leste,F,Marital status,Married or living together,... if she neglects the children,65.5,<10%
9947,Timor-Leste,F,Marital status,Never married,... if she neglects the children,58.6,<10%
9948,Timor-Leste,F,Marital status,"Widowed, divorced, separated",... if she neglects the children,57.9,<10%
9949,Timor-Leste,F,Marital status,Married or living together,... if she refuses to have sex with him,39.8,<10%
9950,Timor-Leste,F,Marital status,Never married,... if she refuses to have sex with him,28.5,<10%
9951,Timor-Leste,F,Marital status,"Widowed, divorced, separated",... if she refuses to have sex with him,38.4,<10%
9952,Timor-Leste,F,Residence,Rural,... for at least one specific reason,75.2,<10%
9953,Timor-Leste,F,Residence,Urban,... for at least one specific reason,71.5,<10%
9954,Timor-Leste,F,Residence,Rural,... if she argues with him,61.9,<10%
9955,Timor-Leste,F,Residence,Urban,... if she argues with him,57,<10%
9956,Timor-Leste,F,Residence,Rural,... if she burns the food,35.3,<10%
9957,Timor-Leste,F,Residence,Urban,... if she burns the food,24.9,<10%
9958,Timor-Leste,F,Residence,Rural,... if she goes out without telling him,66.3,<10%
9959,Timor-Leste,F,Residence,Urban,... if she goes out without telling him,60.7,<10%
9960,Timor-Leste,F,Residence,Rural,... if she neglects the children,63.7,<10%
9961,Timor-Leste,F,Residence,Urban,... if she neglects the children,60.9,<10%
9962,Timor-Leste,F,Residence,Rural,... if she refuses to have sex with him,38.4,<10%
9963,Timor-Leste,F,Residence,Urban,... if she refuses to have sex with him,30.1,<10%
9964,Timor-Leste,M,Age,15-24,... for at least one specific reason,51.2,<10%
9965,Timor-Leste,M,Age,25-34,... for at least one specific reason,55.3,<10%
9966,Timor-Leste,M,Age,35-49,... for at least one specific reason,53.2,<10%
9967,Timor-Leste,M,Age,15-24,... if she argues with him,30,<10%
9968,Timor-Leste,M,Age,25-34,... if she argues with him,31,<10%
9969,Timor-Leste,M,Age,35-49,... if she argues with him,28.5,<10%
9970,Timor-Leste,M,Age,15-24,... if she burns the food,20.1,<10%
9971,Timor-Leste,M,Age,25-34,... if she burns the food,19.5,<10%
9972,Timor-Leste,M,Age,35-49,... if she burns the food,18.8,<10%
9973,Timor-Leste,M,Age,15-24,... if she goes out without telling him,42.5,<10%
9974,Timor-Leste,M,Age,25-34,... if she goes out without telling him,47.9,<10%
9975,Timor-Leste,M,Age,35-49,... if she goes out without telling him,44.8,<10%
9976,Timor-Leste,M,Age,15-24,... if she neglects the children,44.3,<10%
9977,Timor-Leste,M,Age,25-34,... if she neglects the children,48.7,<10%
9978,Timor-Leste,M,Age,35-49,... if she neglects the children,45.9,<10%
9979,Timor-Leste,M,Age,15-24,... if she refuses to have sex with him,27.9,<10%
9980,Timor-Leste,M,Age,25-34,... if she refuses to have sex with him,29.8,<10%
9981,Timor-Leste,M,Age,35-49,... if she refuses to have sex with him,24.9,<10%
9982,Timor-Leste,M,Education,Higher,... for at least one specific reason,65.3,<10%
9983,Timor-Leste,M,Education,No education,... for at least one specific reason,47.2,<10%
9984,Timor-Leste,M,Education,Primary,... for at least one specific reason,51.5,<10%
9985,Timor-Leste,M,Education,Secondary,... for at least one specific reason,52.5,<10%
9986,Timor-Leste,M,Education,Higher,... if she argues with him,27.4,<10%
9987,Timor-Leste,M,Education,No education,... if she argues with him,32,<10%
9988,Timor-Leste,M,Education,Primary,... if she argues with him,29.3,<10%
9989,Timor-Leste,M,Education,Secondary,... if she argues with him,29.8,<10%
9990,Timor-Leste,M,Education,Higher,... if she burns the food,14.7,<10%
9991,Timor-Leste,M,Education,No education,... if she burns the food,22.9,<10%
9992,Timor-Leste,M,Education,Primary,... if she burns the food,20.1,<10%
9993,Timor-Leste,M,Education,Secondary,... if she burns the food,19.2,<10%
9994,Timor-Leste,M,Education,Higher,... if she goes out without telling him,58,<10%
9995,Timor-Leste,M,Education,No education,... if she goes out without telling him,39.6,<10%
9996,Timor-Leste,M,Education,Primary,... if she goes out without telling him,41.8,<10%
9997,Timor-Leste,M,Education,Secondary,... if she goes out without telling him,44.3,<10%
9998,Timor-Leste,M,Education,Higher,... if she neglects the children,59.9,<10%
9999,Timor-Leste,M,Education,No education,... if she neglects the children,40.7,<10%
10000,Timor-Leste,M,Education,Primary,... if she neglects the children,42.9,<10%
10001,Timor-Leste,M,Education,Secondary,... if she neglects the children,45.7,<10%
10002,Timor-Leste,M,Education,Higher,... if she refuses to have sex with him,37.9,<10%
10003,Timor-Leste,M,Education,No education,... if she refuses to have sex with him,24.5,<10%
10004,Timor-Leste,M,Education,Primary,... if she refuses to have sex with him,23,<10%
10005,Timor-Leste,M,Education,Secondary,... if she refuses to have sex with him,27.6,<10%
10006,Timor-Leste,M,Employment,Employed for cash,... for at least one specific reason,64.6,<10%
10007,Timor-Leste,M,Employment,Employed for kind,... for at least one specific reason,45.3,<10%
10008,Timor-Leste,M,Employment,Unemployed,... for at least one specific reason,47.2,<10%
10009,Timor-Leste,M,Employment,Employed for cash,... if she argues with him,31.5,<10%
10010,Timor-Leste,M,Employment,Employed for kind,... if she argues with him,30,<10%
10011,Timor-Leste,M,Employment,Unemployed,... if she argues with him,27.4,<10%
10012,Timor-Leste,M,Employment,Employed for cash,... if she burns the food,17.8,<10%
10013,Timor-Leste,M,Employment,Employed for kind,... if she burns the food,22.8,<10%
10014,Timor-Leste,M,Employment,Unemployed,... if she burns the food,17.6,<10%
10015,Timor-Leste,M,Employment,Employed for cash,... if she goes out without telling him,55,<10%
10016,Timor-Leste,M,Employment,Employed for kind,... if she goes out without telling him,37,<10%
10017,Timor-Leste,M,Employment,Unemployed,... if she goes out without telling him,40.9,<10%
10018,Timor-Leste,M,Employment,Employed for cash,... if she neglects the children,57.6,<10%
10019,Timor-Leste,M,Employment,Employed for kind,... if she neglects the children,36.9,<10%
10020,Timor-Leste,M,Employment,Unemployed,... if she neglects the children,42.3,<10%
10021,Timor-Leste,M,Employment,Employed for cash,... if she refuses to have sex with him,31.2,<10%
10022,Timor-Leste,M,Employment,Employed for kind,... if she refuses to have sex with him,24.7,<10%
10023,Timor-Leste,M,Employment,Unemployed,... if she refuses to have sex with him,26,<10%
10024,Timor-Leste,M,Marital status,Married or living together,... for at least one specific reason,56,<10%
10025,Timor-Leste,M,Marital status,Never married,... for at least one specific reason,49.9,<10%
10026,Timor-Leste,M,Marital status,"Widowed, divorced, separated",... for at least one specific reason,55.8,<10%
10027,Timor-Leste,M,Marital status,Married or living together,... if she argues with him,31.6,<10%
10028,Timor-Leste,M,Marital status,Never married,... if she argues with him,28.1,<10%
10029,Timor-Leste,M,Marital status,"Widowed, divorced, separated",... if she argues with him,31.6,<10%
10030,Timor-Leste,M,Marital status,Married or living together,... if she burns the food,19.5,<10%
10031,Timor-Leste,M,Marital status,Never married,... if she burns the food,19.6,<10%
10032,Timor-Leste,M,Marital status,"Widowed, divorced, separated",... if she burns the food,14.7,<10%
10033,Timor-Leste,M,Marital status,Married or living together,... if she goes out without telling him,47.9,<10%
10034,Timor-Leste,M,Marital status,Never married,... if she goes out without telling him,41.4,<10%
10035,Timor-Leste,M,Marital status,"Widowed, divorced, separated",... if she goes out without telling him,51.2,<10%
10036,Timor-Leste,M,Marital status,Married or living together,... if she neglects the children,48.9,<10%
10037,Timor-Leste,M,Marital status,Never married,... if she neglects the children,43.1,<10%
10038,Timor-Leste,M,Marital status,"Widowed, divorced, separated",... if she neglects the children,48.4,<10%
10039,Timor-Leste,M,Marital status,Married or living together,... if she refuses to have sex with him,27.4,<10%
10040,Timor-Leste,M,Marital status,Never married,... if she refuses to have sex with him,27.7,<10%
10041,Timor-Leste,M,Marital status,"Widowed, divorced, separated",... if she refuses to have sex with him,20,<10%
10042,Timor-Leste,M,Residence,Rural,... for at least one specific reason,45.5,<10%
10043,Timor-Leste,M,Residence,Urban,... for at least one specific reason,67.5,<10%
10044,Timor-Leste,M,Residence,Rural,... if she argues with him,31.1,<10%
10045,Timor-Leste,M,Residence,Urban,... if she argues with him,27.2,<10%
10046,Timor-Leste,M,Residence,Rural,... if she burns the food,20.2,<10%
10047,Timor-Leste,M,Residence,Urban,... if she burns the food,18.1,<10%
10048,Timor-Leste,M,Residence,Rural,... if she goes out without telling him,37.8,<10%
10049,Timor-Leste,M,Residence,Urban,... if she goes out without telling him,58.1,<10%
10050,Timor-Leste,M,Residence,Rural,... if she neglects the children,38.3,<10%
10051,Timor-Leste,M,Residence,Urban,... if she neglects the children,61,<10%
10052,Timor-Leste,M,Residence,Rural,... if she refuses to have sex with him,23.4,<10%
10053,Timor-Leste,M,Residence,Urban,... if she refuses to have sex with him,35.6,<10%
10054,Togo,F,Age,15-24,... for at least one specific reason,26.8,<10%
10055,Togo,F,Age,25-34,... for at least one specific reason,29.6,<10%
10056,Togo,F,Age,35-49,... for at least one specific reason,30,<10%
10057,Togo,F,Age,15-24,... if she argues with him,17.4,<10%
10058,Togo,F,Age,25-34,... if she argues with him,20.8,<10%
10059,Togo,F,Age,35-49,... if she argues with him,20.5,<10%
10060,Togo,F,Age,15-24,... if she burns the food,9.9,<10%
10061,Togo,F,Age,25-34,... if she burns the food,11.4,<10%
10062,Togo,F,Age,35-49,... if she burns the food,12.5,<10%
10063,Togo,F,Age,15-24,... if she goes out without telling him,15.2,<10%
10064,Togo,F,Age,25-34,... if she goes out without telling him,18.3,<10%
10065,Togo,F,Age,35-49,... if she goes out without telling him,20.2,<10%
10066,Togo,F,Age,15-24,... if she neglects the children,17.6,<10%
10067,Togo,F,Age,25-34,... if she neglects the children,19.6,<10%
10068,Togo,F,Age,35-49,... if she neglects the children,19.6,<10%
10069,Togo,F,Age,15-24,... if she refuses to have sex with him,7.8,<10%
10070,Togo,F,Age,25-34,... if she refuses to have sex with him,10.8,<10%
10071,Togo,F,Age,35-49,... if she refuses to have sex with him,10.3,<10%
10072,Togo,F,Education,Higher,... for at least one specific reason,8.8,<10%
10073,Togo,F,Education,No education,... for at least one specific reason,38.4,<10%
10074,Togo,F,Education,Primary,... for at least one specific reason,27.5,<10%
10075,Togo,F,Education,Secondary,... for at least one specific reason,22.4,<10%
10076,Togo,F,Education,Higher,... if she argues with him,4.8,<10%
10077,Togo,F,Education,No education,... if she argues with him,26.4,<10%
10078,Togo,F,Education,Primary,... if she argues with him,18.8,<10%
10079,Togo,F,Education,Secondary,... if she argues with him,14.9,<10%
10080,Togo,F,Education,Higher,... if she burns the food,3.4,<10%
10081,Togo,F,Education,No education,... if she burns the food,17.7,<10%
10082,Togo,F,Education,Primary,... if she burns the food,9.7,<10%
10083,Togo,F,Education,Secondary,... if she burns the food,7.2,<10%
10084,Togo,F,Education,Higher,... if she goes out without telling him,4.3,<10%
10085,Togo,F,Education,No education,... if she goes out without telling him,24.8,<10%
10086,Togo,F,Education,Primary,... if she goes out without telling him,17,<10%
10087,Togo,F,Education,Secondary,... if she goes out without telling him,13.1,<10%
10088,Togo,F,Education,Higher,... if she neglects the children,4.5,<10%
10089,Togo,F,Education,No education,... if she neglects the children,27.2,<10%
10090,Togo,F,Education,Primary,... if she neglects the children,17.5,<10%
10091,Togo,F,Education,Secondary,... if she neglects the children,13.6,<10%
10092,Togo,F,Education,Higher,... if she refuses to have sex with him,0.8,<10%
10093,Togo,F,Education,No education,... if she refuses to have sex with him,16.5,<10%
10094,Togo,F,Education,Primary,... if she refuses to have sex with him,8.1,<10%
10095,Togo,F,Education,Secondary,... if she refuses to have sex with him,5.1,<10%
10096,Togo,F,Employment,Employed for cash,... for at least one specific reason,29.1,<10%
10097,Togo,F,Employment,Employed for kind,... for at least one specific reason,33.9,<10%
10098,Togo,F,Employment,Unemployed,... for at least one specific reason,24.9,<10%
10099,Togo,F,Employment,Employed for cash,... if she argues with him,20.1,<10%
10100,Togo,F,Employment,Employed for kind,... if she argues with him,22.2,<10%
10101,Togo,F,Employment,Unemployed,... if she argues with him,16.6,<10%
10102,Togo,F,Employment,Employed for cash,... if she burns the food,10.8,<10%
10103,Togo,F,Employment,Employed for kind,... if she burns the food,16.5,<10%
10104,Togo,F,Employment,Unemployed,... if she burns the food,9.1,<10%
10105,Togo,F,Employment,Employed for cash,... if she goes out without telling him,18.4,<10%
10106,Togo,F,Employment,Employed for kind,... if she goes out without telling him,20.6,<10%
10107,Togo,F,Employment,Unemployed,... if she goes out without telling him,14.9,<10%
10108,Togo,F,Employment,Employed for cash,... if she neglects the children,18.8,<10%
10109,Togo,F,Employment,Employed for kind,... if she neglects the children,24.4,<10%
10110,Togo,F,Employment,Unemployed,... if she neglects the children,16,<10%
10111,Togo,F,Employment,Employed for cash,... if she refuses to have sex with him,9.6,<10%
10112,Togo,F,Employment,Employed for kind,... if she refuses to have sex with him,11.9,<10%
10113,Togo,F,Employment,Unemployed,... if she refuses to have sex with him,8.2,<10%
10114,Togo,F,Marital status,Married or living together,... for at least one specific reason,31.4,<10%
10115,Togo,F,Marital status,Never married,... for at least one specific reason,22.3,<10%
10116,Togo,F,Marital status,"Widowed, divorced, separated",... for at least one specific reason,28.3,<10%
10117,Togo,F,Marital status,Married or living together,... if she argues with him,21.8,<10%
10118,Togo,F,Marital status,Never married,... if she argues with him,14.1,<10%
10119,Togo,F,Marital status,"Widowed, divorced, separated",... if she argues with him,18.4,<10%
10120,Togo,F,Marital status,Married or living together,... if she burns the food,12.5,<10%
10121,Togo,F,Marital status,Never married,... if she burns the food,8.4,<10%
10122,Togo,F,Marital status,"Widowed, divorced, separated",... if she burns the food,10.3,<10%
10123,Togo,F,Marital status,Married or living together,... if she goes out without telling him,19.8,<10%
10124,Togo,F,Marital status,Never married,... if she goes out without telling him,12.3,<10%
10125,Togo,F,Marital status,"Widowed, divorced, separated",... if she goes out without telling him,19.8,<10%
10126,Togo,F,Marital status,Married or living together,... if she neglects the children,20.7,<10%
10127,Togo,F,Marital status,Never married,... if she neglects the children,14.3,<10%
10128,Togo,F,Marital status,"Widowed, divorced, separated",... if she neglects the children,19.6,<10%
10129,Togo,F,Marital status,Married or living together,... if she refuses to have sex with him,10.9,<10%
10130,Togo,F,Marital status,Never married,... if she refuses to have sex with him,6.5,<10%
10131,Togo,F,Marital status,"Widowed, divorced, separated",... if she refuses to have sex with him,8.4,<10%
10132,Togo,F,Residence,Rural,... for at least one specific reason,35.6,<10%
10133,Togo,F,Residence,Urban,... for at least one specific reason,20.5,<10%
10134,Togo,F,Residence,Rural,... if she argues with him,24.1,<10%
10135,Togo,F,Residence,Urban,... if she argues with him,13.9,<10%
10136,Togo,F,Residence,Rural,... if she burns the food,15.3,<10%
10137,Togo,F,Residence,Urban,... if she burns the food,6.3,<10%
10138,Togo,F,Residence,Rural,... if she goes out without telling him,23.3,<10%
10139,Togo,F,Residence,Urban,... if she goes out without telling him,11.3,<10%
10140,Togo,F,Residence,Rural,... if she neglects the children,24.4,<10%
10141,Togo,F,Residence,Urban,... if she neglects the children,12.3,<10%
10142,Togo,F,Residence,Rural,... if she refuses to have sex with him,12.6,<10%
10143,Togo,F,Residence,Urban,... if she refuses to have sex with him,6,<10%
10144,Togo,M,Age,15-24,... for at least one specific reason,19.6,<10%
10145,Togo,M,Age,25-34,... for at least one specific reason,18.2,<10%
10146,Togo,M,Age,35-49,... for at least one specific reason,16.2,<10%
10147,Togo,M,Age,15-24,... if she argues with him,11.5,<10%
10148,Togo,M,Age,25-34,... if she argues with him,9.6,<10%
10149,Togo,M,Age,35-49,... if she argues with him,8.9,<10%
10150,Togo,M,Age,15-24,... if she burns the food,6.8,<10%
10151,Togo,M,Age,25-34,... if she burns the food,6.3,<10%
10152,Togo,M,Age,35-49,... if she burns the food,4.3,<10%
10153,Togo,M,Age,15-24,... if she goes out without telling him,10.7,<10%
10154,Togo,M,Age,25-34,... if she goes out without telling him,8.8,<10%
10155,Togo,M,Age,35-49,... if she goes out without telling him,8.9,<10%
10156,Togo,M,Age,15-24,... if she neglects the children,12.2,<10%
10157,Togo,M,Age,25-34,... if she neglects the children,11.9,<10%
10158,Togo,M,Age,35-49,... if she neglects the children,11.1,<10%
10159,Togo,M,Age,15-24,... if she refuses to have sex with him,5.5,<10%
10160,Togo,M,Age,25-34,... if she refuses to have sex with him,5.5,<10%
10161,Togo,M,Age,35-49,... if she refuses to have sex with him,4.2,<10%
10162,Togo,M,Education,Higher,... for at least one specific reason,6.3,<10%
10163,Togo,M,Education,No education,... for at least one specific reason,28.5,<10%
10164,Togo,M,Education,Primary,... for at least one specific reason,22.6,<10%
10165,Togo,M,Education,Secondary,... for at least one specific reason,15.6,<10%
10166,Togo,M,Education,Higher,... if she argues with him,3.9,<10%
10167,Togo,M,Education,No education,... if she argues with him,14,<10%
10168,Togo,M,Education,Primary,... if she argues with him,11.8,<10%
10169,Togo,M,Education,Secondary,... if she argues with him,9.4,<10%
10170,Togo,M,Education,Higher,... if she burns the food,0.9,<10%
10171,Togo,M,Education,No education,... if she burns the food,10.8,<10%
10172,Togo,M,Education,Primary,... if she burns the food,6.7,<10%
10173,Togo,M,Education,Secondary,... if she burns the food,5.2,<10%
10174,Togo,M,Education,Higher,... if she goes out without telling him,1.6,<10%
10175,Togo,M,Education,No education,... if she goes out without telling him,13.9,<10%
10176,Togo,M,Education,Primary,... if she goes out without telling him,13.6,<10%
10177,Togo,M,Education,Secondary,... if she goes out without telling him,8,<10%
10178,Togo,M,Education,Higher,... if she neglects the children,4.2,<10%
10179,Togo,M,Education,No education,... if she neglects the children,21.8,<10%
10180,Togo,M,Education,Primary,... if she neglects the children,14.4,<10%
10181,Togo,M,Education,Secondary,... if she neglects the children,9.5,<10%
10182,Togo,M,Education,Higher,... if she refuses to have sex with him,1,<10%
10183,Togo,M,Education,No education,... if she refuses to have sex with him,9.8,<10%
10184,Togo,M,Education,Primary,... if she refuses to have sex with him,6.4,<10%
10185,Togo,M,Education,Secondary,... if she refuses to have sex with him,4.1,<10%
10186,Togo,M,Employment,Employed for cash,... for at least one specific reason,16.2,<10%
10187,Togo,M,Employment,Employed for kind,... for at least one specific reason,29.9,<10%
10188,Togo,M,Employment,Unemployed,... for at least one specific reason,13.9,<10%
10189,Togo,M,Employment,Employed for cash,... if she argues with him,8.8,<10%
10190,Togo,M,Employment,Employed for kind,... if she argues with him,15.8,<10%
10191,Togo,M,Employment,Unemployed,... if she argues with him,8.8,<10%
10192,Togo,M,Employment,Employed for cash,... if she burns the food,4.5,<10%
10193,Togo,M,Employment,Employed for kind,... if she burns the food,11.9,<10%
10194,Togo,M,Employment,Unemployed,... if she burns the food,4.6,<10%
10195,Togo,M,Employment,Employed for cash,... if she goes out without telling him,9.4,<10%
10196,Togo,M,Employment,Employed for kind,... if she goes out without telling him,15.1,<10%
10197,Togo,M,Employment,Unemployed,... if she goes out without telling him,5.8,<10%
10198,Togo,M,Employment,Employed for cash,... if she neglects the children,11.1,<10%
10199,Togo,M,Employment,Employed for kind,... if she neglects the children,19.7,<10%
10200,Togo,M,Employment,Unemployed,... if she neglects the children,7.4,<10%
10201,Togo,M,Employment,Employed for cash,... if she refuses to have sex with him,4.3,<10%
10202,Togo,M,Employment,Employed for kind,... if she refuses to have sex with him,9.3,<10%
10203,Togo,M,Employment,Unemployed,... if she refuses to have sex with him,3.8,<10%
10204,Togo,M,Marital status,Married or living together,... for at least one specific reason,17.6,<10%
10205,Togo,M,Marital status,Never married,... for at least one specific reason,18.4,<10%
10206,Togo,M,Marital status,"Widowed, divorced, separated",... for at least one specific reason,22.7,<10%
10207,Togo,M,Marital status,Married or living together,... if she argues with him,9.5,<10%
10208,Togo,M,Marital status,Never married,... if she argues with him,10.7,<10%
10209,Togo,M,Marital status,"Widowed, divorced, separated",... if she argues with him,10.6,<10%
10210,Togo,M,Marital status,Married or living together,... if she burns the food,5.3,<10%
10211,Togo,M,Marital status,Never married,... if she burns the food,6.3,<10%
10212,Togo,M,Marital status,"Widowed, divorced, separated",... if she burns the food,8.5,<10%
10213,Togo,M,Marital status,Married or living together,... if she goes out without telling him,9.5,<10%
10214,Togo,M,Marital status,Never married,... if she goes out without telling him,9.5,<10%
10215,Togo,M,Marital status,"Widowed, divorced, separated",... if she goes out without telling him,12.2,<10%
10216,Togo,M,Marital status,Married or living together,... if she neglects the children,12.3,<10%
10217,Togo,M,Marital status,Never married,... if she neglects the children,11.1,<10%
10218,Togo,M,Marital status,"Widowed, divorced, separated",... if she neglects the children,12.4,<10%
10219,Togo,M,Marital status,Married or living together,... if she refuses to have sex with him,4.3,<10%
10220,Togo,M,Marital status,Never married,... if she refuses to have sex with him,5.8,<10%
10221,Togo,M,Marital status,"Widowed, divorced, separated",... if she refuses to have sex with him,6.3,<10%
10222,Togo,M,Residence,Rural,... for at least one specific reason,23.4,<10%
10223,Togo,M,Residence,Urban,... for at least one specific reason,11.6,<10%
10224,Togo,M,Residence,Rural,... if she argues with him,13.2,<10%
10225,Togo,M,Residence,Urban,... if she argues with him,6.3,<10%
10226,Togo,M,Residence,Rural,... if she burns the food,8.5,<10%
10227,Togo,M,Residence,Urban,... if she burns the food,2.6,<10%
10228,Togo,M,Residence,Rural,... if she goes out without telling him,12.5,<10%
10229,Togo,M,Residence,Urban,... if she goes out without telling him,6,<10%
10230,Togo,M,Residence,Rural,... if she neglects the children,15.6,<10%
10231,Togo,M,Residence,Urban,... if she neglects the children,6.9,<10%
10232,Togo,M,Residence,Rural,... if she refuses to have sex with him,7.1,<10%
10233,Togo,M,Residence,Urban,... if she refuses to have sex with him,2.6,<10%
10234,Turkey,F,Age,15-24,... for at least one specific reason,10.8,10-25%
10235,Turkey,F,Age,25-34,... for at least one specific reason,11.6,10-25%
10236,Turkey,F,Age,35-49,... for at least one specific reason,16.4,10-25%
10237,Turkey,F,Age,15-24,... if she argues with him,5.2,10-25%
10238,Turkey,F,Age,25-34,... if she argues with him,5,10-25%
10239,Turkey,F,Age,35-49,... if she argues with him,7.9,10-25%
10240,Turkey,F,Age,15-24,... if she burns the food,0.7,10-25%
10241,Turkey,F,Age,25-34,... if she burns the food,1,10-25%
10242,Turkey,F,Age,35-49,... if she burns the food,1.7,10-25%
10243,Turkey,F,Age,15-24,... if she goes out without telling him,2.9,10-25%
10244,Turkey,F,Age,25-34,... if she goes out without telling him,4,10-25%
10245,Turkey,F,Age,35-49,... if she goes out without telling him,5.8,10-25%
10246,Turkey,F,Age,15-24,... if she neglects the children,6.1,10-25%
10247,Turkey,F,Age,25-34,... if she neglects the children,8.1,10-25%
10248,Turkey,F,Age,35-49,... if she neglects the children,11.5,10-25%
10249,Turkey,F,Age,15-24,... if she refuses to have sex with him,1.6,10-25%
10250,Turkey,F,Age,25-34,... if she refuses to have sex with him,2.1,10-25%
10251,Turkey,F,Age,35-49,... if she refuses to have sex with him,3.6,10-25%
10252,Turkey,F,Education,Higher,... for at least one specific reason,3.7,10-25%
10253,Turkey,F,Education,No education,... for at least one specific reason,37,10-25%
10254,Turkey,F,Education,Primary,... for at least one specific reason,17.8,10-25%
10255,Turkey,F,Education,Secondary,... for at least one specific reason,9.6,10-25%
10256,Turkey,F,Education,Higher,... if she argues with him,1.4,10-25%
10257,Turkey,F,Education,No education,... if she argues with him,18.9,10-25%
10258,Turkey,F,Education,Primary,... if she argues with him,8.4,10-25%
10259,Turkey,F,Education,Secondary,... if she argues with him,4.2,10-25%
10260,Turkey,F,Education,Higher,... if she burns the food,0.1,10-25%
10261,Turkey,F,Education,No education,... if she burns the food,6.7,10-25%
10262,Turkey,F,Education,Primary,... if she burns the food,1.1,10-25%
10263,Turkey,F,Education,Secondary,... if she burns the food,0.6,10-25%
10264,Turkey,F,Education,Higher,... if she goes out without telling him,0.6,10-25%
10265,Turkey,F,Education,No education,... if she goes out without telling him,16.7,10-25%
10266,Turkey,F,Education,Primary,... if she goes out without telling him,6.1,10-25%
10267,Turkey,F,Education,Secondary,... if she goes out without telling him,2.3,10-25%
10268,Turkey,F,Education,Higher,... if she neglects the children,2.6,10-25%
10269,Turkey,F,Education,No education,... if she neglects the children,25.3,10-25%
10270,Turkey,F,Education,Primary,... if she neglects the children,12.3,10-25%
10271,Turkey,F,Education,Secondary,... if she neglects the children,5.6,10-25%
10272,Turkey,F,Education,Higher,... if she refuses to have sex with him,0.5,10-25%
10273,Turkey,F,Education,No education,... if she refuses to have sex with him,10.9,10-25%
10274,Turkey,F,Education,Primary,... if she refuses to have sex with him,3.2,10-25%
10275,Turkey,F,Education,Secondary,... if she refuses to have sex with him,1.2,10-25%
10276,Turkey,F,Employment,Unemployed,... for at least one specific reason,13.2,10-25%
10277,Turkey,F,Employment,Unemployed,... if she argues with him,6.2,10-25%
10278,Turkey,F,Employment,Unemployed,... if she burns the food,1.1,10-25%
10279,Turkey,F,Employment,Unemployed,... if she goes out without telling him,4.4,10-25%
10280,Turkey,F,Employment,Unemployed,... if she neglects the children,8.8,10-25%
10281,Turkey,F,Employment,Unemployed,... if she refuses to have sex with him,2.5,10-25%
10282,Turkey,F,Marital status,Married or living together,... for at least one specific reason,15,10-25%
10283,Turkey,F,Marital status,Never married,... for at least one specific reason,8.9,10-25%
10284,Turkey,F,Marital status,"Widowed, divorced, separated",... for at least one specific reason,14.7,10-25%
10285,Turkey,F,Marital status,Married or living together,... if she argues with him,6.9,10-25%
10286,Turkey,F,Marital status,Never married,... if she argues with him,4.3,10-25%
10287,Turkey,F,Marital status,"Widowed, divorced, separated",... if she argues with him,7.1,10-25%
10288,Turkey,F,Marital status,Married or living together,... if she burns the food,1.3,10-25%
10289,Turkey,F,Marital status,Never married,... if she burns the food,0.7,10-25%
10290,Turkey,F,Marital status,"Widowed, divorced, separated",... if she burns the food,1.9,10-25%
10291,Turkey,F,Marital status,Married or living together,... if she goes out without telling him,5.2,10-25%
10292,Turkey,F,Marital status,Never married,... if she goes out without telling him,2.3,10-25%
10293,Turkey,F,Marital status,"Widowed, divorced, separated",... if she goes out without telling him,6.5,10-25%
10294,Turkey,F,Marital status,Married or living together,... if she neglects the children,10.3,10-25%
10295,Turkey,F,Marital status,Never married,... if she neglects the children,5.3,10-25%
10296,Turkey,F,Marital status,"Widowed, divorced, separated",... if she neglects the children,8.6,10-25%
10297,Turkey,F,Marital status,Married or living together,... if she refuses to have sex with him,3,10-25%
10298,Turkey,F,Marital status,Never married,... if she refuses to have sex with him,1.2,10-25%
10299,Turkey,F,Marital status,"Widowed, divorced, separated",... if she refuses to have sex with him,3.5,10-25%
10300,Turkey,F,Residence,Rural,... for at least one specific reason,23.6,10-25%
10301,Turkey,F,Residence,Urban,... for at least one specific reason,10.7,10-25%
10302,Turkey,F,Residence,Rural,... if she argues with him,12.5,10-25%
10303,Turkey,F,Residence,Urban,... if she argues with him,4.7,10-25%
10304,Turkey,F,Residence,Rural,... if she burns the food,2.8,10-25%
10305,Turkey,F,Residence,Urban,... if she burns the food,0.7,10-25%
10306,Turkey,F,Residence,Rural,... if she goes out without telling him,9.4,10-25%
10307,Turkey,F,Residence,Urban,... if she goes out without telling him,3.2,10-25%
10308,Turkey,F,Residence,Rural,... if she neglects the children,15.3,10-25%
10309,Turkey,F,Residence,Urban,... if she neglects the children,7.2,10-25%
10310,Turkey,F,Residence,Rural,... if she refuses to have sex with him,5.6,10-25%
10311,Turkey,F,Residence,Urban,... if she refuses to have sex with him,1.8,10-25%
10312,Turkmenistan,F,Age,15-24,... for at least one specific reason,46.2,<10%
10313,Turkmenistan,F,Age,25-34,... for at least one specific reason,55.4,<10%
10314,Turkmenistan,F,Age,35-49,... for at least one specific reason,55.2,<10%
10315,Turkmenistan,F,Age,15-24,... if she argues with him,31,<10%
10316,Turkmenistan,F,Age,25-34,... if she argues with him,34.6,<10%
10317,Turkmenistan,F,Age,35-49,... if she argues with him,36.3,<10%
10318,Turkmenistan,F,Age,15-24,... if she burns the food,19.7,<10%
10319,Turkmenistan,F,Age,25-34,... if she burns the food,22.5,<10%
10320,Turkmenistan,F,Age,35-49,... if she burns the food,23.6,<10%
10321,Turkmenistan,F,Age,15-24,... if she goes out without telling him,36.8,<10%
10322,Turkmenistan,F,Age,25-34,... if she goes out without telling him,41.6,<10%
10323,Turkmenistan,F,Age,35-49,... if she goes out without telling him,43.3,<10%
10324,Turkmenistan,F,Age,15-24,... if she neglects the children,38.9,<10%
10325,Turkmenistan,F,Age,25-34,... if she neglects the children,46.3,<10%
10326,Turkmenistan,F,Age,35-49,... if she neglects the children,46.9,<10%
10327,Turkmenistan,F,Age,15-24,... if she refuses to have sex with him,16.6,<10%
10328,Turkmenistan,F,Age,25-34,... if she refuses to have sex with him,22,<10%
10329,Turkmenistan,F,Age,35-49,... if she refuses to have sex with him,25.7,<10%
10330,Turkmenistan,F,Education,Higher,... for at least one specific reason,30.3,<10%
10331,Turkmenistan,F,Education,No education,... for at least one specific reason,61.3,<10%
10332,Turkmenistan,F,Education,Primary,... for at least one specific reason,56.8,<10%
10333,Turkmenistan,F,Education,Secondary,... for at least one specific reason,53.2,<10%
10334,Turkmenistan,F,Education,Higher,... if she argues with him,15.4,<10%
10335,Turkmenistan,F,Education,No education,... if she argues with him,44.7,<10%
10336,Turkmenistan,F,Education,Primary,... if she argues with him,35.8,<10%
10337,Turkmenistan,F,Education,Secondary,... if she argues with him,35,<10%
10338,Turkmenistan,F,Education,Higher,... if she burns the food,8,<10%
10339,Turkmenistan,F,Education,No education,... if she burns the food,32.7,<10%
10340,Turkmenistan,F,Education,Primary,... if she burns the food,26.3,<10%
10341,Turkmenistan,F,Education,Secondary,... if she burns the food,22.7,<10%
10342,Turkmenistan,F,Education,Higher,... if she goes out without telling him,20.3,<10%
10343,Turkmenistan,F,Education,No education,... if she goes out without telling him,57.8,<10%
10344,Turkmenistan,F,Education,Primary,... if she goes out without telling him,49.6,<10%
10345,Turkmenistan,F,Education,Secondary,... if she goes out without telling him,41.5,<10%
10346,Turkmenistan,F,Education,Higher,... if she neglects the children,23.4,<10%
10347,Turkmenistan,F,Education,No education,... if she neglects the children,47.7,<10%
10348,Turkmenistan,F,Education,Primary,... if she neglects the children,44.6,<10%
10349,Turkmenistan,F,Education,Secondary,... if she neglects the children,45.1,<10%
10350,Turkmenistan,F,Education,Higher,... if she refuses to have sex with him,6.6,<10%
10351,Turkmenistan,F,Education,No education,... if she refuses to have sex with him,34.1,<10%
10352,Turkmenistan,F,Education,Primary,... if she refuses to have sex with him,29.9,<10%
10353,Turkmenistan,F,Education,Secondary,... if she refuses to have sex with him,21.9,<10%
10354,Turkmenistan,F,Employment,Employed for cash,... for at least one specific reason,48.9,<10%
10355,Turkmenistan,F,Employment,Employed for kind,... for at least one specific reason,72.6,<10%
10356,Turkmenistan,F,Employment,Unemployed,... for at least one specific reason,54.3,<10%
10357,Turkmenistan,F,Employment,Employed for cash,... if she argues with him,31.1,<10%
10358,Turkmenistan,F,Employment,Employed for kind,... if she argues with him,49.1,<10%
10359,Turkmenistan,F,Employment,Unemployed,... if she argues with him,36.3,<10%
10360,Turkmenistan,F,Employment,Employed for cash,... if she burns the food,19.3,<10%
10361,Turkmenistan,F,Employment,Employed for kind,... if she burns the food,48.4,<10%
10362,Turkmenistan,F,Employment,Unemployed,... if she burns the food,23.9,<10%
10363,Turkmenistan,F,Employment,Employed for cash,... if she goes out without telling him,37.8,<10%
10364,Turkmenistan,F,Employment,Employed for kind,... if she goes out without telling him,57.4,<10%
10365,Turkmenistan,F,Employment,Unemployed,... if she goes out without telling him,42.5,<10%
10366,Turkmenistan,F,Employment,Employed for cash,... if she neglects the children,40.6,<10%
10367,Turkmenistan,F,Employment,Employed for kind,... if she neglects the children,58.3,<10%
10368,Turkmenistan,F,Employment,Unemployed,... if she neglects the children,46.4,<10%
10369,Turkmenistan,F,Employment,Employed for cash,... if she refuses to have sex with him,18.7,<10%
10370,Turkmenistan,F,Employment,Employed for kind,... if she refuses to have sex with him,43.9,<10%
10371,Turkmenistan,F,Employment,Unemployed,... if she refuses to have sex with him,23.1,<10%
10372,Turkmenistan,F,Marital status,Married or living together,... for at least one specific reason,57.4,<10%
10373,Turkmenistan,F,Marital status,Never married,... for at least one specific reason,41.4,<10%
10374,Turkmenistan,F,Marital status,"Widowed, divorced, separated",... for at least one specific reason,49.1,<10%
10375,Turkmenistan,F,Marital status,Married or living together,... if she argues with him,37.5,<10%
10376,Turkmenistan,F,Marital status,Never married,... if she argues with him,27.4,<10%
10377,Turkmenistan,F,Marital status,"Widowed, divorced, separated",... if she argues with him,29,<10%
10378,Turkmenistan,F,Marital status,Married or living together,... if she burns the food,24.1,<10%
10379,Turkmenistan,F,Marital status,Never married,... if she burns the food,17.9,<10%
10380,Turkmenistan,F,Marital status,"Widowed, divorced, separated",... if she burns the food,18.4,<10%
10381,Turkmenistan,F,Marital status,Married or living together,... if she goes out without telling him,44.6,<10%
10382,Turkmenistan,F,Marital status,Never married,... if she goes out without telling him,32.8,<10%
10383,Turkmenistan,F,Marital status,"Widowed, divorced, separated",... if she goes out without telling him,35.3,<10%
10384,Turkmenistan,F,Marital status,Married or living together,... if she neglects the children,48.4,<10%
10385,Turkmenistan,F,Marital status,Never married,... if she neglects the children,35,<10%
10386,Turkmenistan,F,Marital status,"Widowed, divorced, separated",... if she neglects the children,40.7,<10%
10387,Turkmenistan,F,Marital status,Married or living together,... if she refuses to have sex with him,24.8,<10%
10388,Turkmenistan,F,Marital status,Never married,... if she refuses to have sex with him,14.2,<10%
10389,Turkmenistan,F,Marital status,"Widowed, divorced, separated",... if she refuses to have sex with him,19.4,<10%
10390,Turkmenistan,F,Residence,Rural,... for at least one specific reason,57,<10%
10391,Turkmenistan,F,Residence,Urban,... for at least one specific reason,45.6,<10%
10392,Turkmenistan,F,Residence,Rural,... if she argues with him,39.7,<10%
10393,Turkmenistan,F,Residence,Urban,... if she argues with him,26.9,<10%
10394,Turkmenistan,F,Residence,Rural,... if she burns the food,26.3,<10%
10395,Turkmenistan,F,Residence,Urban,... if she burns the food,16.7,<10%
10396,Turkmenistan,F,Residence,Rural,... if she goes out without telling him,46.4,<10%
10397,Turkmenistan,F,Residence,Urban,... if she goes out without telling him,33.2,<10%
10398,Turkmenistan,F,Residence,Rural,... if she neglects the children,48.8,<10%
10399,Turkmenistan,F,Residence,Urban,... if she neglects the children,37.6,<10%
10400,Turkmenistan,F,Residence,Rural,... if she refuses to have sex with him,24.4,<10%
10401,Turkmenistan,F,Residence,Urban,... if she refuses to have sex with him,17.2,<10%
10402,Uganda,F,Age,15-24,... for at least one specific reason,53.4,<10%
10403,Uganda,F,Age,25-34,... for at least one specific reason,45.4,<10%
10404,Uganda,F,Age,35-49,... for at least one specific reason,45.8,<10%
10405,Uganda,F,Age,15-24,... if she argues with him,29.2,<10%
10406,Uganda,F,Age,25-34,... if she argues with him,23,<10%
10407,Uganda,F,Age,35-49,... if she argues with him,24.6,<10%
10408,Uganda,F,Age,15-24,... if she burns the food,16.7,<10%
10409,Uganda,F,Age,25-34,... if she burns the food,10.4,<10%
10410,Uganda,F,Age,35-49,... if she burns the food,12.3,<10%
10411,Uganda,F,Age,15-24,... if she goes out without telling him,32.6,<10%
10412,Uganda,F,Age,25-34,... if she goes out without telling him,27.6,<10%
10413,Uganda,F,Age,35-49,... if she goes out without telling him,28.6,<10%
10414,Uganda,F,Age,15-24,... if she neglects the children,42,<10%
10415,Uganda,F,Age,25-34,... if she neglects the children,36.3,<10%
10416,Uganda,F,Age,35-49,... if she neglects the children,35.2,<10%
10417,Uganda,F,Age,15-24,... if she refuses to have sex with him,18.6,<10%
10418,Uganda,F,Age,25-34,... if she refuses to have sex with him,16.4,<10%
10419,Uganda,F,Age,35-49,... if she refuses to have sex with him,19.1,<10%
10420,Uganda,F,Education,Higher,... for at least one specific reason,21.7,<10%
10421,Uganda,F,Education,No education,... for at least one specific reason,55.2,<10%
10422,Uganda,F,Education,Primary,... for at least one specific reason,54.4,<10%
10423,Uganda,F,Education,Secondary,... for at least one specific reason,42.9,<10%
10424,Uganda,F,Education,Higher,... if she argues with him,7.8,<10%
10425,Uganda,F,Education,No education,... if she argues with him,33.6,<10%
10426,Uganda,F,Education,Primary,... if she argues with him,30.2,<10%
10427,Uganda,F,Education,Secondary,... if she argues with him,19.7,<10%
10428,Uganda,F,Education,Higher,... if she burns the food,3.1,<10%
10429,Uganda,F,Education,No education,... if she burns the food,18.3,<10%
10430,Uganda,F,Education,Primary,... if she burns the food,16.4,<10%
10431,Uganda,F,Education,Secondary,... if she burns the food,8.9,<10%
10432,Uganda,F,Education,Higher,... if she goes out without telling him,9.5,<10%
10433,Uganda,F,Education,No education,... if she goes out without telling him,34.8,<10%
10434,Uganda,F,Education,Primary,... if she goes out without telling him,34.3,<10%
10435,Uganda,F,Education,Secondary,... if she goes out without telling him,24.8,<10%
10436,Uganda,F,Education,Higher,... if she neglects the children,17.7,<10%
10437,Uganda,F,Education,No education,... if she neglects the children,43.6,<10%
10438,Uganda,F,Education,Primary,... if she neglects the children,42.8,<10%
10439,Uganda,F,Education,Secondary,... if she neglects the children,33.2,<10%
10440,Uganda,F,Education,Higher,... if she refuses to have sex with him,4,<10%
10441,Uganda,F,Education,No education,... if she refuses to have sex with him,24.6,<10%
10442,Uganda,F,Education,Primary,... if she refuses to have sex with him,22.1,<10%
10443,Uganda,F,Education,Secondary,... if she refuses to have sex with him,10.7,<10%
10444,Uganda,F,Employment,Employed for cash,... for at least one specific reason,46.2,<10%
10445,Uganda,F,Employment,Employed for kind,... for at least one specific reason,59.8,<10%
10446,Uganda,F,Employment,Unemployed,... for at least one specific reason,46.8,<10%
10447,Uganda,F,Employment,Employed for cash,... if she argues with him,23.4,<10%
10448,Uganda,F,Employment,Employed for kind,... if she argues with him,36,<10%
10449,Uganda,F,Employment,Unemployed,... if she argues with him,24.5,<10%
10450,Uganda,F,Employment,Employed for cash,... if she burns the food,12,<10%
10451,Uganda,F,Employment,Employed for kind,... if she burns the food,18.9,<10%
10452,Uganda,F,Employment,Unemployed,... if she burns the food,13.3,<10%
10453,Uganda,F,Employment,Employed for cash,... if she goes out without telling him,27.6,<10%
10454,Uganda,F,Employment,Employed for kind,... if she goes out without telling him,38,<10%
10455,Uganda,F,Employment,Unemployed,... if she goes out without telling him,29.4,<10%
10456,Uganda,F,Employment,Employed for cash,... if she neglects the children,36.3,<10%
10457,Uganda,F,Employment,Employed for kind,... if she neglects the children,47,<10%
10458,Uganda,F,Employment,Unemployed,... if she neglects the children,36.7,<10%
10459,Uganda,F,Employment,Employed for cash,... if she refuses to have sex with him,16.4,<10%
10460,Uganda,F,Employment,Employed for kind,... if she refuses to have sex with him,25.5,<10%
10461,Uganda,F,Employment,Unemployed,... if she refuses to have sex with him,15.8,<10%
10462,Uganda,F,Marital status,Married or living together,... for at least one specific reason,48.9,<10%
10463,Uganda,F,Marital status,Never married,... for at least one specific reason,49.7,<10%
10464,Uganda,F,Marital status,"Widowed, divorced, separated",... for at least one specific reason,48,<10%
10465,Uganda,F,Marital status,Married or living together,... if she argues with him,26.2,<10%
10466,Uganda,F,Marital status,Never married,... if she argues with him,26.6,<10%
10467,Uganda,F,Marital status,"Widowed, divorced, separated",... if she argues with him,24.6,<10%
10468,Uganda,F,Marital status,Married or living together,... if she burns the food,12.5,<10%
10469,Uganda,F,Marital status,Never married,... if she burns the food,16.9,<10%
10470,Uganda,F,Marital status,"Widowed, divorced, separated",... if she burns the food,12.6,<10%
10471,Uganda,F,Marital status,Married or living together,... if she goes out without telling him,30.3,<10%
10472,Uganda,F,Marital status,Never married,... if she goes out without telling him,30.1,<10%
10473,Uganda,F,Marital status,"Widowed, divorced, separated",... if she goes out without telling him,28.9,<10%
10474,Uganda,F,Marital status,Married or living together,... if she neglects the children,38.3,<10%
10475,Uganda,F,Marital status,Never married,... if she neglects the children,39.1,<10%
10476,Uganda,F,Marital status,"Widowed, divorced, separated",... if she neglects the children,38.1,<10%
10477,Uganda,F,Marital status,Married or living together,... if she refuses to have sex with him,18.5,<10%
10478,Uganda,F,Marital status,Never married,... if she refuses to have sex with him,16.6,<10%
10479,Uganda,F,Marital status,"Widowed, divorced, separated",... if she refuses to have sex with him,19,<10%
10480,Uganda,F,Residence,Rural,... for at least one specific reason,52.4,<10%
10481,Uganda,F,Residence,Urban,... for at least one specific reason,39.6,<10%
10482,Uganda,F,Residence,Rural,... if she argues with him,29.2,<10%
10483,Uganda,F,Residence,Urban,... if she argues with him,17.8,<10%
10484,Uganda,F,Residence,Rural,... if she burns the food,15.5,<10%
10485,Uganda,F,Residence,Urban,... if she burns the food,8.4,<10%
10486,Uganda,F,Residence,Rural,... if she goes out without telling him,32.9,<10%
10487,Uganda,F,Residence,Urban,... if she goes out without telling him,22.2,<10%
10488,Uganda,F,Residence,Rural,... if she neglects the children,41.4,<10%
10489,Uganda,F,Residence,Urban,... if she neglects the children,30.6,<10%
10490,Uganda,F,Residence,Rural,... if she refuses to have sex with him,20.8,<10%
10491,Uganda,F,Residence,Urban,... if she refuses to have sex with him,10.4,<10%
10492,Uganda,M,Age,15-24,... for at least one specific reason,48.7,<10%
10493,Uganda,M,Age,25-34,... for at least one specific reason,35.2,<10%
10494,Uganda,M,Age,35-49,... for at least one specific reason,32.5,<10%
10495,Uganda,M,Age,15-24,... if she argues with him,27.5,<10%
10496,Uganda,M,Age,25-34,... if she argues with him,20.1,<10%
10497,Uganda,M,Age,35-49,... if she argues with him,19.7,<10%
10498,Uganda,M,Age,15-24,... if she burns the food,11.4,<10%
10499,Uganda,M,Age,25-34,... if she burns the food,3.6,<10%
10500,Uganda,M,Age,35-49,... if she burns the food,4.3,<10%
10501,Uganda,M,Age,15-24,... if she goes out without telling him,25.8,<10%
10502,Uganda,M,Age,25-34,... if she goes out without telling him,20.2,<10%
10503,Uganda,M,Age,35-49,... if she goes out without telling him,18.2,<10%
10504,Uganda,M,Age,15-24,... if she neglects the children,35.9,<10%
10505,Uganda,M,Age,25-34,... if she neglects the children,23.1,<10%
10506,Uganda,M,Age,35-49,... if she neglects the children,21.1,<10%
10507,Uganda,M,Age,15-24,... if she refuses to have sex with him,15.1,<10%
10508,Uganda,M,Age,25-34,... if she refuses to have sex with him,7.9,<10%
10509,Uganda,M,Age,35-49,... if she refuses to have sex with him,9.8,<10%
10510,Uganda,M,Education,Higher,... for at least one specific reason,20.2,<10%
10511,Uganda,M,Education,No education,... for at least one specific reason,36.5,<10%
10512,Uganda,M,Education,Primary,... for at least one specific reason,47.5,<10%
10513,Uganda,M,Education,Secondary,... for at least one specific reason,36.4,<10%
10514,Uganda,M,Education,Higher,... if she argues with him,9.8,<10%
10515,Uganda,M,Education,No education,... if she argues with him,15.1,<10%
10516,Uganda,M,Education,Primary,... if she argues with him,28.7,<10%
10517,Uganda,M,Education,Secondary,... if she argues with him,19.9,<10%
10518,Uganda,M,Education,Higher,... if she burns the food,1.5,<10%
10519,Uganda,M,Education,No education,... if she burns the food,5.6,<10%
10520,Uganda,M,Education,Primary,... if she burns the food,10.1,<10%
10521,Uganda,M,Education,Secondary,... if she burns the food,4.7,<10%
10522,Uganda,M,Education,Higher,... if she goes out without telling him,10.3,<10%
10523,Uganda,M,Education,No education,... if she goes out without telling him,23.8,<10%
10524,Uganda,M,Education,Primary,... if she goes out without telling him,27.4,<10%
10525,Uganda,M,Education,Secondary,... if she goes out without telling him,17,<10%
10526,Uganda,M,Education,Higher,... if she neglects the children,13.5,<10%
10527,Uganda,M,Education,No education,... if she neglects the children,28.3,<10%
10528,Uganda,M,Education,Primary,... if she neglects the children,33.4,<10%
10529,Uganda,M,Education,Secondary,... if she neglects the children,24.9,<10%
10530,Uganda,M,Education,Higher,... if she refuses to have sex with him,1.9,<10%
10531,Uganda,M,Education,No education,... if she refuses to have sex with him,11.5,<10%
10532,Uganda,M,Education,Primary,... if she refuses to have sex with him,16.1,<10%
10533,Uganda,M,Education,Secondary,... if she refuses to have sex with him,7.2,<10%
10534,Uganda,M,Employment,Employed for cash,... for at least one specific reason,40.1,<10%
10535,Uganda,M,Employment,Employed for kind,... for at least one specific reason,39.6,<10%
10536,Uganda,M,Employment,Unemployed,... for at least one specific reason,49.8,<10%
10537,Uganda,M,Employment,Employed for cash,... if she argues with him,22.7,<10%
10538,Uganda,M,Employment,Employed for kind,... if she argues with him,23.2,<10%
10539,Uganda,M,Employment,Unemployed,... if she argues with him,30.1,<10%
10540,Uganda,M,Employment,Employed for cash,... if she burns the food,6.9,<10%
10541,Uganda,M,Employment,Employed for kind,... if she burns the food,7.5,<10%
10542,Uganda,M,Employment,Unemployed,... if she burns the food,11,<10%
10543,Uganda,M,Employment,Employed for cash,... if she goes out without telling him,22.6,<10%
10544,Uganda,M,Employment,Employed for kind,... if she goes out without telling him,19.4,<10%
10545,Uganda,M,Employment,Unemployed,... if she goes out without telling him,29.7,<10%
10546,Uganda,M,Employment,Employed for cash,... if she neglects the children,28,<10%
10547,Uganda,M,Employment,Employed for kind,... if she neglects the children,27.2,<10%
10548,Uganda,M,Employment,Unemployed,... if she neglects the children,36.6,<10%
10549,Uganda,M,Employment,Employed for cash,... if she refuses to have sex with him,11.5,<10%
10550,Uganda,M,Employment,Employed for kind,... if she refuses to have sex with him,11.3,<10%
10551,Uganda,M,Employment,Unemployed,... if she refuses to have sex with him,15.4,<10%
10552,Uganda,M,Marital status,Married or living together,... for at least one specific reason,35.1,<10%
10553,Uganda,M,Marital status,Never married,... for at least one specific reason,46.5,<10%
10554,Uganda,M,Marital status,"Widowed, divorced, separated",... for at least one specific reason,48.2,<10%
10555,Uganda,M,Marital status,Married or living together,... if she argues with him,20.3,<10%
10556,Uganda,M,Marital status,Never married,... if she argues with him,26.3,<10%
10557,Uganda,M,Marital status,"Widowed, divorced, separated",... if she argues with him,29.6,<10%
10558,Uganda,M,Marital status,Married or living together,... if she burns the food,4.7,<10%
10559,Uganda,M,Marital status,Never married,... if she burns the food,10.9,<10%
10560,Uganda,M,Marital status,"Widowed, divorced, separated",... if she burns the food,5.5,<10%
10561,Uganda,M,Marital status,Married or living together,... if she goes out without telling him,19.8,<10%
10562,Uganda,M,Marital status,Never married,... if she goes out without telling him,24.1,<10%
10563,Uganda,M,Marital status,"Widowed, divorced, separated",... if she goes out without telling him,30.5,<10%
10564,Uganda,M,Marital status,Married or living together,... if she neglects the children,22.9,<10%
10565,Uganda,M,Marital status,Never married,... if she neglects the children,34.5,<10%
10566,Uganda,M,Marital status,"Widowed, divorced, separated",... if she neglects the children,34.3,<10%
10567,Uganda,M,Marital status,Married or living together,... if she refuses to have sex with him,9.2,<10%
10568,Uganda,M,Marital status,Never married,... if she refuses to have sex with him,14.3,<10%
10569,Uganda,M,Marital status,"Widowed, divorced, separated",... if she refuses to have sex with him,15.6,<10%
10570,Uganda,M,Residence,Rural,... for at least one specific reason,43,<10%
10571,Uganda,M,Residence,Urban,... for at least one specific reason,32.9,<10%
10572,Uganda,M,Residence,Rural,... if she argues with him,25.2,<10%
10573,Uganda,M,Residence,Urban,... if she argues with him,17.6,<10%
10574,Uganda,M,Residence,Rural,... if she burns the food,8.6,<10%
10575,Uganda,M,Residence,Urban,... if she burns the food,3.4,<10%
10576,Uganda,M,Residence,Rural,... if she goes out without telling him,24.1,<10%
10577,Uganda,M,Residence,Urban,... if she goes out without telling him,16.4,<10%
10578,Uganda,M,Residence,Rural,... if she neglects the children,30.5,<10%
10579,Uganda,M,Residence,Urban,... if she neglects the children,21.9,<10%
10580,Uganda,M,Residence,Rural,... if she refuses to have sex with him,13.2,<10%
10581,Uganda,M,Residence,Urban,... if she refuses to have sex with him,7,<10%
10582,Ukraine,F,Age,15-24,... for at least one specific reason,2.5,>25%
10583,Ukraine,F,Age,25-34,... for at least one specific reason,3.4,>25%
10584,Ukraine,F,Age,35-49,... for at least one specific reason,4.3,>25%
10585,Ukraine,F,Age,15-24,... if she argues with him,0.5,>25%
10586,Ukraine,F,Age,25-34,... if she argues with him,0.8,>25%
10587,Ukraine,F,Age,35-49,... if she argues with him,1.2,>25%
10588,Ukraine,F,Age,15-24,... if she burns the food,0.1,>25%
10589,Ukraine,F,Age,25-34,... if she burns the food,0.1,>25%
10590,Ukraine,F,Age,35-49,... if she burns the food,0.2,>25%
10591,Ukraine,F,Age,15-24,... if she goes out without telling him,0.2,>25%
10592,Ukraine,F,Age,25-34,... if she goes out without telling him,0.3,>25%
10593,Ukraine,F,Age,35-49,... if she goes out without telling him,0.7,>25%
10594,Ukraine,F,Age,15-24,... if she neglects the children,2.3,>25%
10595,Ukraine,F,Age,25-34,... if she neglects the children,2.8,>25%
10596,Ukraine,F,Age,35-49,... if she neglects the children,3.7,>25%
10597,Ukraine,F,Age,15-24,... if she refuses to have sex with him,0.3,>25%
10598,Ukraine,F,Age,25-34,... if she refuses to have sex with him,0.4,>25%
10599,Ukraine,F,Age,35-49,... if she refuses to have sex with him,0.7,>25%
10600,Ukraine,F,Education,Higher,... for at least one specific reason,2.7,>25%
10601,Ukraine,F,Education,Secondary,... for at least one specific reason,4.9,>25%
10602,Ukraine,F,Education,Higher,... if she argues with him,0.6,>25%
10603,Ukraine,F,Education,Secondary,... if she argues with him,1.4,>25%
10604,Ukraine,F,Education,Higher,... if she burns the food,0.1,>25%
10605,Ukraine,F,Education,Secondary,... if she burns the food,0.2,>25%
10606,Ukraine,F,Education,Higher,... if she goes out without telling him,0.3,>25%
10607,Ukraine,F,Education,Secondary,... if she goes out without telling him,0.7,>25%
10608,Ukraine,F,Education,Higher,... if she neglects the children,2.4,>25%
10609,Ukraine,F,Education,Secondary,... if she neglects the children,4.1,>25%
10610,Ukraine,F,Education,Higher,... if she refuses to have sex with him,0.3,>25%
10611,Ukraine,F,Education,Secondary,... if she refuses to have sex with him,0.8,>25%
10612,Ukraine,F,Employment,Employed for cash,... for at least one specific reason,3.6,>25%
10613,Ukraine,F,Employment,Employed for kind,... for at least one specific reason,6.4,>25%
10614,Ukraine,F,Employment,Unemployed,... for at least one specific reason,3.3,>25%
10615,Ukraine,F,Employment,Employed for cash,... if she argues with him,0.9,>25%
10616,Ukraine,F,Employment,Employed for kind,... if she argues with him,3.2,>25%
10617,Ukraine,F,Employment,Unemployed,... if she argues with him,0.8,>25%
10618,Ukraine,F,Employment,Employed for cash,... if she burns the food,0.1,>25%
10619,Ukraine,F,Employment,Employed for kind,... if she burns the food,2,>25%
10620,Ukraine,F,Employment,Unemployed,... if she burns the food,0.2,>25%
10621,Ukraine,F,Employment,Employed for cash,... if she goes out without telling him,0.4,>25%
10622,Ukraine,F,Employment,Employed for kind,... if she goes out without telling him,2,>25%
10623,Ukraine,F,Employment,Unemployed,... if she goes out without telling him,0.5,>25%
10624,Ukraine,F,Employment,Employed for cash,... if she neglects the children,3.2,>25%
10625,Ukraine,F,Employment,Employed for kind,... if she neglects the children,5.3,>25%
10626,Ukraine,F,Employment,Unemployed,... if she neglects the children,2.8,>25%
10627,Ukraine,F,Employment,Employed for cash,... if she refuses to have sex with him,0.4,>25%
10628,Ukraine,F,Employment,Employed for kind,... if she refuses to have sex with him,2,>25%
10629,Ukraine,F,Employment,Unemployed,... if she refuses to have sex with him,0.7,>25%
10630,Ukraine,F,Marital status,Married or living together,... for at least one specific reason,4.1,>25%
10631,Ukraine,F,Marital status,Never married,... for at least one specific reason,2.3,>25%
10632,Ukraine,F,Marital status,"Widowed, divorced, separated",... for at least one specific reason,3.3,>25%
10633,Ukraine,F,Marital status,Married or living together,... if she argues with him,1,>25%
10634,Ukraine,F,Marital status,Never married,... if she argues with him,0.4,>25%
10635,Ukraine,F,Marital status,"Widowed, divorced, separated",... if she argues with him,1,>25%
10636,Ukraine,F,Marital status,Married or living together,... if she burns the food,0.2,>25%
10637,Ukraine,F,Marital status,Never married,... if she burns the food,0.1,>25%
10638,Ukraine,F,Marital status,"Widowed, divorced, separated",... if she burns the food,0.1,>25%
10639,Ukraine,F,Marital status,Married or living together,... if she goes out without telling him,0.6,>25%
10640,Ukraine,F,Marital status,Never married,... if she goes out without telling him,0.1,>25%
10641,Ukraine,F,Marital status,"Widowed, divorced, separated",... if she goes out without telling him,0.3,>25%
10642,Ukraine,F,Marital status,Married or living together,... if she neglects the children,3.4,>25%
10643,Ukraine,F,Marital status,Never married,... if she neglects the children,2.1,>25%
10644,Ukraine,F,Marital status,"Widowed, divorced, separated",... if she neglects the children,3.1,>25%
10645,Ukraine,F,Marital status,Married or living together,... if she refuses to have sex with him,0.7,>25%
10646,Ukraine,F,Marital status,Never married,... if she refuses to have sex with him,0.2,>25%
10647,Ukraine,F,Marital status,"Widowed, divorced, separated",... if she refuses to have sex with him,0.3,>25%
10648,Ukraine,F,Residence,Rural,... for at least one specific reason,5.1,>25%
10649,Ukraine,F,Residence,Urban,... for at least one specific reason,3,>25%
10650,Ukraine,F,Residence,Rural,... if she argues with him,1.6,>25%
10651,Ukraine,F,Residence,Urban,... if she argues with him,0.6,>25%
10652,Ukraine,F,Residence,Rural,... if she burns the food,0.2,>25%
10653,Ukraine,F,Residence,Urban,... if she burns the food,0.1,>25%
10654,Ukraine,F,Residence,Rural,... if she goes out without telling him,0.8,>25%
10655,Ukraine,F,Residence,Urban,... if she goes out without telling him,0.3,>25%
10656,Ukraine,F,Residence,Rural,... if she neglects the children,4,>25%
10657,Ukraine,F,Residence,Urban,... if she neglects the children,2.7,>25%
10658,Ukraine,F,Residence,Rural,... if she refuses to have sex with him,0.9,>25%
10659,Ukraine,F,Residence,Urban,... if she refuses to have sex with him,0.3,>25%
10660,Ukraine,M,Age,15-24,... for at least one specific reason,8.3,>25%
10661,Ukraine,M,Age,25-34,... for at least one specific reason,14,>25%
10662,Ukraine,M,Age,35-49,... for at least one specific reason,11.1,>25%
10663,Ukraine,M,Age,15-24,... if she argues with him,4.4,>25%
10664,Ukraine,M,Age,25-34,... if she argues with him,6.2,>25%
10665,Ukraine,M,Age,35-49,... if she argues with him,5,>25%
10666,Ukraine,M,Age,15-24,... if she burns the food,0.9,>25%
10667,Ukraine,M,Age,25-34,... if she burns the food,0.7,>25%
10668,Ukraine,M,Age,35-49,... if she burns the food,0.6,>25%
10669,Ukraine,M,Age,15-24,... if she goes out without telling him,3,>25%
10670,Ukraine,M,Age,25-34,... if she goes out without telling him,5.2,>25%
10671,Ukraine,M,Age,35-49,... if she goes out without telling him,4.4,>25%
10672,Ukraine,M,Age,15-24,... if she neglects the children,6.4,>25%
10673,Ukraine,M,Age,25-34,... if she neglects the children,11.9,>25%
10674,Ukraine,M,Age,35-49,... if she neglects the children,8.8,>25%
10675,Ukraine,M,Age,15-24,... if she refuses to have sex with him,1.3,>25%
10676,Ukraine,M,Age,25-34,... if she refuses to have sex with him,2.2,>25%
10677,Ukraine,M,Age,35-49,... if she refuses to have sex with him,2,>25%
10678,Ukraine,M,Education,Higher,... for at least one specific reason,7.9,>25%
10679,Ukraine,M,Education,Secondary,... for at least one specific reason,14.2,>25%
10680,Ukraine,M,Education,Higher,... if she argues with him,3.3,>25%
10681,Ukraine,M,Education,Secondary,... if she argues with him,7,>25%
10682,Ukraine,M,Education,Higher,... if she burns the food,0.4,>25%
10683,Ukraine,M,Education,Secondary,... if she burns the food,1,>25%
10684,Ukraine,M,Education,Higher,... if she goes out without telling him,2.4,>25%
10685,Ukraine,M,Education,Secondary,... if she goes out without telling him,5.9,>25%
10686,Ukraine,M,Education,Higher,... if she neglects the children,6.7,>25%
10687,Ukraine,M,Education,Secondary,... if she neglects the children,11.2,>25%
10688,Ukraine,M,Education,Higher,... if she refuses to have sex with him,1.4,>25%
10689,Ukraine,M,Education,Secondary,... if she refuses to have sex with him,2.2,>25%
10690,Ukraine,M,Employment,Employed for cash,... for at least one specific reason,11.2,>25%
10691,Ukraine,M,Employment,Employed for kind,... for at least one specific reason,12,>25%
10692,Ukraine,M,Employment,Unemployed,... for at least one specific reason,10.5,>25%
10693,Ukraine,M,Employment,Employed for cash,... if she argues with him,5.3,>25%
10694,Ukraine,M,Employment,Employed for kind,... if she argues with him,3.2,>25%
10695,Ukraine,M,Employment,Unemployed,... if she argues with him,4.8,>25%
10696,Ukraine,M,Employment,Employed for cash,... if she burns the food,0.6,>25%
10697,Ukraine,M,Employment,Employed for kind,... if she burns the food,1.2,>25%
10698,Ukraine,M,Employment,Unemployed,... if she burns the food,0.9,>25%
10699,Ukraine,M,Employment,Employed for cash,... if she goes out without telling him,4.3,>25%
10700,Ukraine,M,Employment,Employed for kind,... if she goes out without telling him,5.3,>25%
10701,Ukraine,M,Employment,Unemployed,... if she goes out without telling him,3.7,>25%
10702,Ukraine,M,Employment,Employed for cash,... if she neglects the children,9.2,>25%
10703,Ukraine,M,Employment,Employed for kind,... if she neglects the children,9.9,>25%
10704,Ukraine,M,Employment,Unemployed,... if she neglects the children,8,>25%
10705,Ukraine,M,Employment,Employed for cash,... if she refuses to have sex with him,1.8,>25%
10706,Ukraine,M,Employment,Employed for kind,... if she refuses to have sex with him,1.2,>25%
10707,Ukraine,M,Employment,Unemployed,... if she refuses to have sex with him,2.2,>25%
10708,Ukraine,M,Marital status,Married or living together,... for at least one specific reason,8.9,>25%
10709,Ukraine,M,Marital status,Never married,... for at least one specific reason,11.5,>25%
10710,Ukraine,M,Marital status,"Widowed, divorced, separated",... for at least one specific reason,22,>25%
10711,Ukraine,M,Marital status,Married or living together,... if she argues with him,3.2,>25%
10712,Ukraine,M,Marital status,Never married,... if she argues with him,6.1,>25%
10713,Ukraine,M,Marital status,"Widowed, divorced, separated",... if she argues with him,13,>25%
10714,Ukraine,M,Marital status,Married or living together,... if she burns the food,0.4,>25%
10715,Ukraine,M,Marital status,Never married,... if she burns the food,1.1,>25%
10716,Ukraine,M,Marital status,"Widowed, divorced, separated",... if she burns the food,1.2,>25%
10717,Ukraine,M,Marital status,Married or living together,... if she goes out without telling him,2.8,>25%
10718,Ukraine,M,Marital status,Never married,... if she goes out without telling him,4.3,>25%
10719,Ukraine,M,Marital status,"Widowed, divorced, separated",... if she goes out without telling him,11.5,>25%
10720,Ukraine,M,Marital status,Married or living together,... if she neglects the children,7,>25%
10721,Ukraine,M,Marital status,Never married,... if she neglects the children,9.3,>25%
10722,Ukraine,M,Marital status,"Widowed, divorced, separated",... if she neglects the children,19,>25%
10723,Ukraine,M,Marital status,Married or living together,... if she refuses to have sex with him,1.4,>25%
10724,Ukraine,M,Marital status,Never married,... if she refuses to have sex with him,2.1,>25%
10725,Ukraine,M,Marital status,"Widowed, divorced, separated",... if she refuses to have sex with him,3.4,>25%
10726,Ukraine,M,Residence,Rural,... for at least one specific reason,13.9,>25%
10727,Ukraine,M,Residence,Urban,... for at least one specific reason,10,>25%
10728,Ukraine,M,Residence,Rural,... if she argues with him,6.8,>25%
10729,Ukraine,M,Residence,Urban,... if she argues with him,4.6,>25%
10730,Ukraine,M,Residence,Rural,... if she burns the food,0.9,>25%
10731,Ukraine,M,Residence,Urban,... if she burns the food,0.6,>25%
10732,Ukraine,M,Residence,Rural,... if she goes out without telling him,5,>25%
10733,Ukraine,M,Residence,Urban,... if she goes out without telling him,3.9,>25%
10734,Ukraine,M,Residence,Rural,... if she neglects the children,10.5,>25%
10735,Ukraine,M,Residence,Urban,... if she neglects the children,8.4,>25%
10736,Ukraine,M,Residence,Rural,... if she refuses to have sex with him,2.7,>25%
10737,Ukraine,M,Residence,Urban,... if she refuses to have sex with him,1.5,>25%
10738,Yemen,F,Age,15-24,... for at least one specific reason,47.4,10-25%
10739,Yemen,F,Age,25-34,... for at least one specific reason,48.3,10-25%
10740,Yemen,F,Age,35-49,... for at least one specific reason,51.8,10-25%
10741,Yemen,F,Age,15-24,... if she argues with him,18.6,10-25%
10742,Yemen,F,Age,25-34,... if she argues with him,19.9,10-25%
10743,Yemen,F,Age,35-49,... if she argues with him,22.3,10-25%
10744,Yemen,F,Age,15-24,... if she burns the food,9.1,10-25%
10745,Yemen,F,Age,25-34,... if she burns the food,10.1,10-25%
10746,Yemen,F,Age,35-49,... if she burns the food,10.1,10-25%
10747,Yemen,F,Age,15-24,... if she goes out without telling him,34.7,10-25%
10748,Yemen,F,Age,25-34,... if she goes out without telling him,35,10-25%
10749,Yemen,F,Age,35-49,... if she goes out without telling him,37.8,10-25%
10750,Yemen,F,Age,15-24,... if she neglects the children,29.1,10-25%
10751,Yemen,F,Age,25-34,... if she neglects the children,29.7,10-25%
10752,Yemen,F,Age,35-49,... if she neglects the children,32,10-25%
10753,Yemen,F,Age,15-24,... if she refuses to have sex with him,28.7,10-25%
10754,Yemen,F,Age,25-34,... if she refuses to have sex with him,33.8,10-25%
10755,Yemen,F,Age,35-49,... if she refuses to have sex with him,37.6,10-25%
10756,Yemen,F,Education,Higher,... for at least one specific reason,22.9,10-25%
10757,Yemen,F,Education,No education,... for at least one specific reason,57.6,10-25%
10758,Yemen,F,Education,Primary,... for at least one specific reason,48.4,10-25%
10759,Yemen,F,Education,Secondary,... for at least one specific reason,35.4,10-25%
10760,Yemen,F,Education,Higher,... if she argues with him,4.8,10-25%
10761,Yemen,F,Education,No education,... if she argues with him,27.3,10-25%
10762,Yemen,F,Education,Primary,... if she argues with him,18.4,10-25%
10763,Yemen,F,Education,Secondary,... if she argues with him,8.9,10-25%
10764,Yemen,F,Education,Higher,... if she burns the food,1.3,10-25%
10765,Yemen,F,Education,No education,... if she burns the food,14.3,10-25%
10766,Yemen,F,Education,Primary,... if she burns the food,8.2,10-25%
10767,Yemen,F,Education,Secondary,... if she burns the food,3.5,10-25%
10768,Yemen,F,Education,Higher,... if she goes out without telling him,11,10-25%
10769,Yemen,F,Education,No education,... if she goes out without telling him,44.7,10-25%
10770,Yemen,F,Education,Primary,... if she goes out without telling him,35.1,10-25%
10771,Yemen,F,Education,Secondary,... if she goes out without telling him,20.9,10-25%
10772,Yemen,F,Education,Higher,... if she neglects the children,9.6,10-25%
10773,Yemen,F,Education,No education,... if she neglects the children,37.6,10-25%
10774,Yemen,F,Education,Primary,... if she neglects the children,29.8,10-25%
10775,Yemen,F,Education,Secondary,... if she neglects the children,17.4,10-25%
10776,Yemen,F,Education,Higher,... if she refuses to have sex with him,12.3,10-25%
10777,Yemen,F,Education,No education,... if she refuses to have sex with him,42,10-25%
10778,Yemen,F,Education,Primary,... if she refuses to have sex with him,30.2,10-25%
10779,Yemen,F,Education,Secondary,... if she refuses to have sex with him,19.4,10-25%
10780,Yemen,F,Employment,Employed for cash,... for at least one specific reason,39.4,10-25%
10781,Yemen,F,Employment,Employed for kind,... for at least one specific reason,61.6,10-25%
10782,Yemen,F,Employment,Unemployed,... for at least one specific reason,48.7,10-25%
10783,Yemen,F,Employment,Employed for cash,... if she argues with him,13.8,10-25%
10784,Yemen,F,Employment,Employed for kind,... if she argues with him,25.1,10-25%
10785,Yemen,F,Employment,Unemployed,... if she argues with him,19.9,10-25%
10786,Yemen,F,Employment,Employed for cash,... if she burns the food,5.9,10-25%
10787,Yemen,F,Employment,Employed for kind,... if she burns the food,15.2,10-25%
10788,Yemen,F,Employment,Unemployed,... if she burns the food,9.6,10-25%
10789,Yemen,F,Employment,Employed for cash,... if she goes out without telling him,25.9,10-25%
10790,Yemen,F,Employment,Employed for kind,... if she goes out without telling him,47.8,10-25%
10791,Yemen,F,Employment,Unemployed,... if she goes out without telling him,35.5,10-25%
10792,Yemen,F,Employment,Employed for cash,... if she neglects the children,22,10-25%
10793,Yemen,F,Employment,Employed for kind,... if she neglects the children,42.4,10-25%
10794,Yemen,F,Employment,Unemployed,... if she neglects the children,29.9,10-25%
10795,Yemen,F,Employment,Employed for cash,... if she refuses to have sex with him,25.9,10-25%
10796,Yemen,F,Employment,Employed for kind,... if she refuses to have sex with him,47.3,10-25%
10797,Yemen,F,Employment,Unemployed,... if she refuses to have sex with him,32.2,10-25%
10798,Yemen,F,Marital status,Married or living together,... for at least one specific reason,50.4,10-25%
10799,Yemen,F,Marital status,Never married,... for at least one specific reason,45.9,10-25%
10800,Yemen,F,Marital status,"Widowed, divorced, separated",... for at least one specific reason,47.6,10-25%
10801,Yemen,F,Marital status,Married or living together,... if she argues with him,21.1,10-25%
10802,Yemen,F,Marital status,Never married,... if she argues with him,17.7,10-25%
10803,Yemen,F,Marital status,"Widowed, divorced, separated",... if she argues with him,19.5,10-25%
10804,Yemen,F,Marital status,Married or living together,... if she burns the food,10,10-25%
10805,Yemen,F,Marital status,Never married,... if she burns the food,9.2,10-25%
10806,Yemen,F,Marital status,"Widowed, divorced, separated",... if she burns the food,8.9,10-25%
10807,Yemen,F,Marital status,Married or living together,... if she goes out without telling him,36.8,10-25%
10808,Yemen,F,Marital status,Never married,... if she goes out without telling him,33.4,10-25%
10809,Yemen,F,Marital status,"Widowed, divorced, separated",... if she goes out without telling him,34.4,10-25%
10810,Yemen,F,Marital status,Married or living together,... if she neglects the children,31.3,10-25%
10811,Yemen,F,Marital status,Never married,... if she neglects the children,27.7,10-25%
10812,Yemen,F,Marital status,"Widowed, divorced, separated",... if she neglects the children,29.3,10-25%
10813,Yemen,F,Marital status,Married or living together,... if she refuses to have sex with him,35.9,10-25%
10814,Yemen,F,Marital status,Never married,... if she refuses to have sex with him,26.2,10-25%
10815,Yemen,F,Marital status,"Widowed, divorced, separated",... if she refuses to have sex with him,33.2,10-25%
10816,Yemen,F,Residence,Rural,... for at least one specific reason,54.5,10-25%
10817,Yemen,F,Residence,Urban,... for at least one specific reason,37.4,10-25%
10818,Yemen,F,Residence,Rural,... if she argues with him,24.9,10-25%
10819,Yemen,F,Residence,Urban,... if she argues with him,10,10-25%
10820,Yemen,F,Residence,Rural,... if she burns the food,12.7,10-25%
10821,Yemen,F,Residence,Urban,... if she burns the food,3.7,10-25%
10822,Yemen,F,Residence,Rural,... if she goes out without telling him,42,10-25%
10823,Yemen,F,Residence,Urban,... if she goes out without telling him,22.9,10-25%
10824,Yemen,F,Residence,Rural,... if she neglects the children,35.5,10-25%
10825,Yemen,F,Residence,Urban,... if she neglects the children,19,10-25%
10826,Yemen,F,Residence,Rural,... if she refuses to have sex with him,37.7,10-25%
10827,Yemen,F,Residence,Urban,... if she refuses to have sex with him,22,10-25%
10828,Zambia,F,Age,15-24,... for at least one specific reason,48.2,<10%
10829,Zambia,F,Age,25-34,... for at least one specific reason,45.7,<10%
10830,Zambia,F,Age,35-49,... for at least one specific reason,46.2,<10%
10831,Zambia,F,Age,15-24,... if she argues with him,33.6,<10%
10832,Zambia,F,Age,25-34,... if she argues with him,33,<10%
10833,Zambia,F,Age,35-49,... if she argues with him,34,<10%
10834,Zambia,F,Age,15-24,... if she burns the food,23.9,<10%
10835,Zambia,F,Age,25-34,... if she burns the food,23,<10%
10836,Zambia,F,Age,35-49,... if she burns the food,23.5,<10%
10837,Zambia,F,Age,15-24,... if she goes out without telling him,30,<10%
10838,Zambia,F,Age,25-34,... if she goes out without telling him,29.8,<10%
10839,Zambia,F,Age,35-49,... if she goes out without telling him,29.4,<10%
10840,Zambia,F,Age,15-24,... if she neglects the children,34,<10%
10841,Zambia,F,Age,25-34,... if she neglects the children,32.4,<10%
10842,Zambia,F,Age,35-49,... if she neglects the children,32.5,<10%
10843,Zambia,F,Age,15-24,... if she refuses to have sex with him,25.5,<10%
10844,Zambia,F,Age,25-34,... if she refuses to have sex with him,29.9,<10%
10845,Zambia,F,Age,35-49,... if she refuses to have sex with him,32.7,<10%
10846,Zambia,F,Education,Higher,... for at least one specific reason,15,<10%
10847,Zambia,F,Education,No education,... for at least one specific reason,54.1,<10%
10848,Zambia,F,Education,Primary,... for at least one specific reason,54.6,<10%
10849,Zambia,F,Education,Secondary,... for at least one specific reason,40.3,<10%
10850,Zambia,F,Education,Higher,... if she argues with him,6.2,<10%
10851,Zambia,F,Education,No education,... if she argues with him,40.2,<10%
10852,Zambia,F,Education,Primary,... if she argues with him,40.5,<10%
10853,Zambia,F,Education,Secondary,... if she argues with him,27.3,<10%
10854,Zambia,F,Education,Higher,... if she burns the food,2.5,<10%
10855,Zambia,F,Education,No education,... if she burns the food,32.3,<10%
10856,Zambia,F,Education,Primary,... if she burns the food,29.5,<10%
10857,Zambia,F,Education,Secondary,... if she burns the food,17.3,<10%
10858,Zambia,F,Education,Higher,... if she goes out without telling him,7,<10%
10859,Zambia,F,Education,No education,... if she goes out without telling him,33.8,<10%
10860,Zambia,F,Education,Primary,... if she goes out without telling him,35.9,<10%
10861,Zambia,F,Education,Secondary,... if she goes out without telling him,24.5,<10%
10862,Zambia,F,Education,Higher,... if she neglects the children,10.5,<10%
10863,Zambia,F,Education,No education,... if she neglects the children,37.2,<10%
10864,Zambia,F,Education,Primary,... if she neglects the children,38.8,<10%
10865,Zambia,F,Education,Secondary,... if she neglects the children,28.4,<10%
10866,Zambia,F,Education,Higher,... if she refuses to have sex with him,3.5,<10%
10867,Zambia,F,Education,No education,... if she refuses to have sex with him,39.2,<10%
10868,Zambia,F,Education,Primary,... if she refuses to have sex with him,36.7,<10%
10869,Zambia,F,Education,Secondary,... if she refuses to have sex with him,20.8,<10%
10870,Zambia,F,Employment,Employed for cash,... for at least one specific reason,45.9,<10%
10871,Zambia,F,Employment,Employed for kind,... for at least one specific reason,63.7,<10%
10872,Zambia,F,Employment,Unemployed,... for at least one specific reason,41,<10%
10873,Zambia,F,Employment,Employed for cash,... if she argues with him,33.4,<10%
10874,Zambia,F,Employment,Employed for kind,... if she argues with him,47,<10%
10875,Zambia,F,Employment,Unemployed,... if she argues with him,28.3,<10%
10876,Zambia,F,Employment,Employed for cash,... if she burns the food,22.4,<10%
10877,Zambia,F,Employment,Employed for kind,... if she burns the food,36.4,<10%
10878,Zambia,F,Employment,Unemployed,... if she burns the food,19.3,<10%
10879,Zambia,F,Employment,Employed for cash,... if she goes out without telling him,29.4,<10%
10880,Zambia,F,Employment,Employed for kind,... if she goes out without telling him,40.2,<10%
10881,Zambia,F,Employment,Unemployed,... if she goes out without telling him,26,<10%
10882,Zambia,F,Employment,Employed for cash,... if she neglects the children,33.1,<10%
10883,Zambia,F,Employment,Employed for kind,... if she neglects the children,45.7,<10%
10884,Zambia,F,Employment,Unemployed,... if she neglects the children,28.1,<10%
10885,Zambia,F,Employment,Employed for cash,... if she refuses to have sex with him,28.7,<10%
10886,Zambia,F,Employment,Employed for kind,... if she refuses to have sex with him,45.5,<10%
10887,Zambia,F,Employment,Unemployed,... if she refuses to have sex with him,22.5,<10%
10888,Zambia,F,Marital status,Married or living together,... for at least one specific reason,48.7,<10%
10889,Zambia,F,Marital status,Never married,... for at least one specific reason,42.5,<10%
10890,Zambia,F,Marital status,"Widowed, divorced, separated",... for at least one specific reason,47.7,<10%
10891,Zambia,F,Marital status,Married or living together,... if she argues with him,35.8,<10%
10892,Zambia,F,Marital status,Never married,... if she argues with him,28.5,<10%
10893,Zambia,F,Marital status,"Widowed, divorced, separated",... if she argues with him,33.8,<10%
10894,Zambia,F,Marital status,Married or living together,... if she burns the food,24.9,<10%
10895,Zambia,F,Marital status,Never married,... if she burns the food,19.5,<10%
10896,Zambia,F,Marital status,"Widowed, divorced, separated",... if she burns the food,25.9,<10%
10897,Zambia,F,Marital status,Married or living together,... if she goes out without telling him,32.1,<10%
10898,Zambia,F,Marital status,Never married,... if she goes out without telling him,24.9,<10%
10899,Zambia,F,Marital status,"Widowed, divorced, separated",... if she goes out without telling him,29,<10%
10900,Zambia,F,Marital status,Married or living together,... if she neglects the children,34.3,<10%
10901,Zambia,F,Marital status,Never married,... if she neglects the children,30.4,<10%
10902,Zambia,F,Marital status,"Widowed, divorced, separated",... if she neglects the children,33.3,<10%
10903,Zambia,F,Marital status,Married or living together,... if she refuses to have sex with him,31.8,<10%
10904,Zambia,F,Marital status,Never married,... if she refuses to have sex with him,20.4,<10%
10905,Zambia,F,Marital status,"Widowed, divorced, separated",... if she refuses to have sex with him,34,<10%
10906,Zambia,F,Residence,Rural,... for at least one specific reason,57.1,<10%
10907,Zambia,F,Residence,Urban,... for at least one specific reason,34.9,<10%
10908,Zambia,F,Residence,Rural,... if she argues with him,42.2,<10%
10909,Zambia,F,Residence,Urban,... if she argues with him,23.5,<10%
10910,Zambia,F,Residence,Rural,... if she burns the food,32.1,<10%
10911,Zambia,F,Residence,Urban,... if she burns the food,13.5,<10%
10912,Zambia,F,Residence,Rural,... if she goes out without telling him,37.5,<10%
10913,Zambia,F,Residence,Urban,... if she goes out without telling him,20.7,<10%
10914,Zambia,F,Residence,Rural,... if she neglects the children,40.9,<10%
10915,Zambia,F,Residence,Urban,... if she neglects the children,24,<10%
10916,Zambia,F,Residence,Rural,... if she refuses to have sex with him,37.5,<10%
10917,Zambia,F,Residence,Urban,... if she refuses to have sex with him,18.8,<10%
10918,Zambia,M,Age,15-24,... for at least one specific reason,37.2,<10%
10919,Zambia,M,Age,25-34,... for at least one specific reason,29.7,<10%
10920,Zambia,M,Age,35-49,... for at least one specific reason,25.8,<10%
10921,Zambia,M,Age,15-24,... if she argues with him,23.1,<10%
10922,Zambia,M,Age,25-34,... if she argues with him,18.3,<10%
10923,Zambia,M,Age,35-49,... if she argues with him,17.1,<10%
10924,Zambia,M,Age,15-24,... if she burns the food,9.8,<10%
10925,Zambia,M,Age,25-34,... if she burns the food,6.3,<10%
10926,Zambia,M,Age,35-49,... if she burns the food,5,<10%
10927,Zambia,M,Age,15-24,... if she goes out without telling him,18.6,<10%
10928,Zambia,M,Age,25-34,... if she goes out without telling him,15.7,<10%
10929,Zambia,M,Age,35-49,... if she goes out without telling him,12.7,<10%
10930,Zambia,M,Age,15-24,... if she neglects the children,24.7,<10%
10931,Zambia,M,Age,25-34,... if she neglects the children,17.8,<10%
10932,Zambia,M,Age,35-49,... if she neglects the children,14.6,<10%
10933,Zambia,M,Age,15-24,... if she refuses to have sex with him,12,<10%
10934,Zambia,M,Age,25-34,... if she refuses to have sex with him,9.5,<10%
10935,Zambia,M,Age,35-49,... if she refuses to have sex with him,9.7,<10%
10936,Zambia,M,Education,Higher,... for at least one specific reason,9.1,<10%
10937,Zambia,M,Education,No education,... for at least one specific reason,29.9,<10%
10938,Zambia,M,Education,Primary,... for at least one specific reason,38.8,<10%
10939,Zambia,M,Education,Secondary,... for at least one specific reason,29.7,<10%
10940,Zambia,M,Education,Higher,... if she argues with him,3.9,<10%
10941,Zambia,M,Education,No education,... if she argues with him,20,<10%
10942,Zambia,M,Education,Primary,... if she argues with him,25.2,<10%
10943,Zambia,M,Education,Secondary,... if she argues with him,18.3,<10%
10944,Zambia,M,Education,Higher,... if she burns the food,0.7,<10%
10945,Zambia,M,Education,No education,... if she burns the food,7.1,<10%
10946,Zambia,M,Education,Primary,... if she burns the food,10.4,<10%
10947,Zambia,M,Education,Secondary,... if she burns the food,6,<10%
10948,Zambia,M,Education,Higher,... if she goes out without telling him,2.9,<10%
10949,Zambia,M,Education,No education,... if she goes out without telling him,14,<10%
10950,Zambia,M,Education,Primary,... if she goes out without telling him,20.9,<10%
10951,Zambia,M,Education,Secondary,... if she goes out without telling him,14.4,<10%
10952,Zambia,M,Education,Higher,... if she neglects the children,5.7,<10%
10953,Zambia,M,Education,No education,... if she neglects the children,19.3,<10%
10954,Zambia,M,Education,Primary,... if she neglects the children,24.1,<10%
10955,Zambia,M,Education,Secondary,... if she neglects the children,18.5,<10%
10956,Zambia,M,Education,Higher,... if she refuses to have sex with him,1.7,<10%
10957,Zambia,M,Education,No education,... if she refuses to have sex with him,10.9,<10%
10958,Zambia,M,Education,Primary,... if she refuses to have sex with him,15.2,<10%
10959,Zambia,M,Education,Secondary,... if she refuses to have sex with him,8.3,<10%
10960,Zambia,M,Employment,Employed for cash,... for at least one specific reason,29.7,<10%
10961,Zambia,M,Employment,Employed for kind,... for at least one specific reason,40.1,<10%
10962,Zambia,M,Employment,Unemployed,... for at least one specific reason,30.1,<10%
10963,Zambia,M,Employment,Employed for cash,... if she argues with him,19,<10%
10964,Zambia,M,Employment,Employed for kind,... if she argues with him,25,<10%
10965,Zambia,M,Employment,Unemployed,... if she argues with him,18.3,<10%
10966,Zambia,M,Employment,Employed for cash,... if she burns the food,6.7,<10%
10967,Zambia,M,Employment,Employed for kind,... if she burns the food,9.6,<10%
10968,Zambia,M,Employment,Unemployed,... if she burns the food,7.6,<10%
10969,Zambia,M,Employment,Employed for cash,... if she goes out without telling him,14.9,<10%
10970,Zambia,M,Employment,Employed for kind,... if she goes out without telling him,20.9,<10%
10971,Zambia,M,Employment,Unemployed,... if she goes out without telling him,15,<10%
10972,Zambia,M,Employment,Employed for cash,... if she neglects the children,18.2,<10%
10973,Zambia,M,Employment,Employed for kind,... if she neglects the children,24.6,<10%
10974,Zambia,M,Employment,Unemployed,... if she neglects the children,19.8,<10%
10975,Zambia,M,Employment,Employed for cash,... if she refuses to have sex with him,10,<10%
10976,Zambia,M,Employment,Employed for kind,... if she refuses to have sex with him,12.2,<10%
10977,Zambia,M,Employment,Unemployed,... if she refuses to have sex with him,10.9,<10%
10978,Zambia,M,Marital status,Married or living together,... for at least one specific reason,28.6,<10%
10979,Zambia,M,Marital status,Never married,... for at least one specific reason,35.3,<10%
10980,Zambia,M,Marital status,"Widowed, divorced, separated",... for at least one specific reason,32.6,<10%
10981,Zambia,M,Marital status,Married or living together,... if she argues with him,18.4,<10%
10982,Zambia,M,Marital status,Never married,... if she argues with him,21.7,<10%
10983,Zambia,M,Marital status,"Widowed, divorced, separated",... if she argues with him,21.5,<10%
10984,Zambia,M,Marital status,Married or living together,... if she burns the food,5.6,<10%
10985,Zambia,M,Marital status,Never married,... if she burns the food,9.2,<10%
10986,Zambia,M,Marital status,"Widowed, divorced, separated",... if she burns the food,9.2,<10%
10987,Zambia,M,Marital status,Married or living together,... if she goes out without telling him,14.8,<10%
10988,Zambia,M,Marital status,Never married,... if she goes out without telling him,17.5,<10%
10989,Zambia,M,Marital status,"Widowed, divorced, separated",... if she goes out without telling him,14.9,<10%
10990,Zambia,M,Marital status,Married or living together,... if she neglects the children,17,<10%
10991,Zambia,M,Marital status,Never married,... if she neglects the children,23,<10%
10992,Zambia,M,Marital status,"Widowed, divorced, separated",... if she neglects the children,19,<10%
10993,Zambia,M,Marital status,Married or living together,... if she refuses to have sex with him,10,<10%
10994,Zambia,M,Marital status,Never married,... if she refuses to have sex with him,11.2,<10%
10995,Zambia,M,Marital status,"Widowed, divorced, separated",... if she refuses to have sex with him,12.3,<10%
10996,Zambia,M,Residence,Rural,... for at least one specific reason,37.6,<10%
10997,Zambia,M,Residence,Urban,... for at least one specific reason,25,<10%
10998,Zambia,M,Residence,Rural,... if she argues with him,23.9,<10%
10999,Zambia,M,Residence,Urban,... if she argues with him,15.4,<10%
11000,Zambia,M,Residence,Rural,... if she burns the food,9.3,<10%
11001,Zambia,M,Residence,Urban,... if she burns the food,5.1,<10%
11002,Zambia,M,Residence,Rural,... if she goes out without telling him,19,<10%
11003,Zambia,M,Residence,Urban,... if she goes out without telling him,12.7,<10%
11004,Zambia,M,Residence,Rural,... if she neglects the children,23.4,<10%
11005,Zambia,M,Residence,Urban,... if she neglects the children,15.6,<10%
11006,Zambia,M,Residence,Rural,... if she refuses to have sex with him,13.2,<10%
11007,Zambia,M,Residence,Urban,... if she refuses to have sex with him,7.7,<10%
11008,Zimbabwe,F,Age,15-24,... for at least one specific reason,48.6,<10%
11009,Zimbabwe,F,Age,25-34,... for at least one specific reason,34.9,<10%
11010,Zimbabwe,F,Age,35-49,... for at least one specific reason,29.4,<10%
11011,Zimbabwe,F,Age,15-24,... if she argues with him,21.4,<10%
11012,Zimbabwe,F,Age,25-34,... if she argues with him,14.8,<10%
11013,Zimbabwe,F,Age,35-49,... if she argues with him,12.3,<10%
11014,Zimbabwe,F,Age,15-24,... if she burns the food,11.1,<10%
11015,Zimbabwe,F,Age,25-34,... if she burns the food,6.8,<10%
11016,Zimbabwe,F,Age,35-49,... if she burns the food,5.5,<10%
11017,Zimbabwe,F,Age,15-24,... if she goes out without telling him,28.3,<10%
11018,Zimbabwe,F,Age,25-34,... if she goes out without telling him,21.6,<10%
11019,Zimbabwe,F,Age,35-49,... if she goes out without telling him,16.7,<10%
11020,Zimbabwe,F,Age,15-24,... if she neglects the children,27.4,<10%
11021,Zimbabwe,F,Age,25-34,... if she neglects the children,18.8,<10%
11022,Zimbabwe,F,Age,35-49,... if she neglects the children,16,<10%
11023,Zimbabwe,F,Age,15-24,... if she refuses to have sex with him,15.6,<10%
11024,Zimbabwe,F,Age,25-34,... if she refuses to have sex with him,14,<10%
11025,Zimbabwe,F,Age,35-49,... if she refuses to have sex with him,13.6,<10%
11026,Zimbabwe,F,Education,Higher,... for at least one specific reason,10,<10%
11027,Zimbabwe,F,Education,No education,... for at least one specific reason,55.2,<10%
11028,Zimbabwe,F,Education,Primary,... for at least one specific reason,48.9,<10%
11029,Zimbabwe,F,Education,Secondary,... for at least one specific reason,37.6,<10%
11030,Zimbabwe,F,Education,Higher,... if she argues with him,2.4,<10%
11031,Zimbabwe,F,Education,No education,... if she argues with him,26.4,<10%
11032,Zimbabwe,F,Education,Primary,... if she argues with him,25.5,<10%
11033,Zimbabwe,F,Education,Secondary,... if she argues with him,14.7,<10%
11034,Zimbabwe,F,Education,Higher,... if she burns the food,1.1,<10%
11035,Zimbabwe,F,Education,No education,... if she burns the food,17,<10%
11036,Zimbabwe,F,Education,Primary,... if she burns the food,12.1,<10%
11037,Zimbabwe,F,Education,Secondary,... if she burns the food,7.1,<10%
11038,Zimbabwe,F,Education,Higher,... if she goes out without telling him,2.9,<10%
11039,Zimbabwe,F,Education,No education,... if she goes out without telling him,35,<10%
11040,Zimbabwe,F,Education,Primary,... if she goes out without telling him,31.2,<10%
11041,Zimbabwe,F,Education,Secondary,... if she goes out without telling him,21.6,<10%
11042,Zimbabwe,F,Education,Higher,... if she neglects the children,4.6,<10%
11043,Zimbabwe,F,Education,No education,... if she neglects the children,33.3,<10%
11044,Zimbabwe,F,Education,Primary,... if she neglects the children,26.3,<10%
11045,Zimbabwe,F,Education,Secondary,... if she neglects the children,21.1,<10%
11046,Zimbabwe,F,Education,Higher,... if she refuses to have sex with him,3.9,<10%
11047,Zimbabwe,F,Education,No education,... if she refuses to have sex with him,28.5,<10%
11048,Zimbabwe,F,Education,Primary,... if she refuses to have sex with him,22.1,<10%
11049,Zimbabwe,F,Education,Secondary,... if she refuses to have sex with him,12.4,<10%
11050,Zimbabwe,F,Employment,Employed for cash,... for at least one specific reason,34.5,<10%
11051,Zimbabwe,F,Employment,Employed for kind,... for at least one specific reason,39,<10%
11052,Zimbabwe,F,Employment,Unemployed,... for at least one specific reason,42.8,<10%
11053,Zimbabwe,F,Employment,Employed for cash,... if she argues with him,14.7,<10%
11054,Zimbabwe,F,Employment,Employed for kind,... if she argues with him,18.1,<10%
11055,Zimbabwe,F,Employment,Unemployed,... if she argues with him,18.6,<10%
11056,Zimbabwe,F,Employment,Employed for cash,... if she burns the food,6.2,<10%
11057,Zimbabwe,F,Employment,Employed for kind,... if she burns the food,8.9,<10%
11058,Zimbabwe,F,Employment,Unemployed,... if she burns the food,9.9,<10%
11059,Zimbabwe,F,Employment,Employed for cash,... if she goes out without telling him,20.1,<10%
11060,Zimbabwe,F,Employment,Employed for kind,... if she goes out without telling him,24.3,<10%
11061,Zimbabwe,F,Employment,Unemployed,... if she goes out without telling him,25.4,<10%
11062,Zimbabwe,F,Employment,Employed for cash,... if she neglects the children,18.8,<10%
11063,Zimbabwe,F,Employment,Employed for kind,... if she neglects the children,24.8,<10%
11064,Zimbabwe,F,Employment,Unemployed,... if she neglects the children,23.6,<10%
11065,Zimbabwe,F,Employment,Employed for cash,... if she refuses to have sex with him,13.2,<10%
11066,Zimbabwe,F,Employment,Employed for kind,... if she refuses to have sex with him,17.2,<10%
11067,Zimbabwe,F,Employment,Unemployed,... if she refuses to have sex with him,15.6,<10%
11068,Zimbabwe,F,Marital status,Married or living together,... for at least one specific reason,37.4,<10%
11069,Zimbabwe,F,Marital status,Never married,... for at least one specific reason,44.6,<10%
11070,Zimbabwe,F,Marital status,"Widowed, divorced, separated",... for at least one specific reason,33.2,<10%
11071,Zimbabwe,F,Marital status,Married or living together,... if she argues with him,17,<10%
11072,Zimbabwe,F,Marital status,Never married,... if she argues with him,17.6,<10%
11073,Zimbabwe,F,Marital status,"Widowed, divorced, separated",... if she argues with him,13.5,<10%
11074,Zimbabwe,F,Marital status,Married or living together,... if she burns the food,7.6,<10%
11075,Zimbabwe,F,Marital status,Never married,... if she burns the food,10.6,<10%
11076,Zimbabwe,F,Marital status,"Widowed, divorced, separated",... if she burns the food,5.8,<10%
11077,Zimbabwe,F,Marital status,Married or living together,... if she goes out without telling him,22.8,<10%
11078,Zimbabwe,F,Marital status,Never married,... if she goes out without telling him,24.8,<10%
11079,Zimbabwe,F,Marital status,"Widowed, divorced, separated",... if she goes out without telling him,19.5,<10%
11080,Zimbabwe,F,Marital status,Married or living together,... if she neglects the children,20.1,<10%
11081,Zimbabwe,F,Marital status,Never married,... if she neglects the children,25.2,<10%
11082,Zimbabwe,F,Marital status,"Widowed, divorced, separated",... if she neglects the children,19.8,<10%
11083,Zimbabwe,F,Marital status,Married or living together,... if she refuses to have sex with him,15.8,<10%
11084,Zimbabwe,F,Marital status,Never married,... if she refuses to have sex with him,11.6,<10%
11085,Zimbabwe,F,Marital status,"Widowed, divorced, separated",... if she refuses to have sex with him,13.9,<10%
11086,Zimbabwe,F,Residence,Rural,... for at least one specific reason,44.9,<10%
11087,Zimbabwe,F,Residence,Urban,... for at least one specific reason,28.8,<10%
11088,Zimbabwe,F,Residence,Rural,... if she argues with him,20.4,<10%
11089,Zimbabwe,F,Residence,Urban,... if she argues with him,10.7,<10%
11090,Zimbabwe,F,Residence,Rural,... if she burns the food,10.5,<10%
11091,Zimbabwe,F,Residence,Urban,... if she burns the food,4.2,<10%
11092,Zimbabwe,F,Residence,Rural,... if she goes out without telling him,28.3,<10%
11093,Zimbabwe,F,Residence,Urban,... if she goes out without telling him,14.2,<10%
11094,Zimbabwe,F,Residence,Rural,... if she neglects the children,24.3,<10%
11095,Zimbabwe,F,Residence,Urban,... if she neglects the children,16.7,<10%
11096,Zimbabwe,F,Residence,Rural,... if she refuses to have sex with him,18.2,<10%
11097,Zimbabwe,F,Residence,Urban,... if she refuses to have sex with him,8.6,<10%
11098,Zimbabwe,M,Age,15-24,... for at least one specific reason,44.5,<10%
11099,Zimbabwe,M,Age,25-34,... for at least one specific reason,27.4,<10%
11100,Zimbabwe,M,Age,35-49,... for at least one specific reason,20.7,<10%
11101,Zimbabwe,M,Age,15-24,... if she argues with him,18.9,<10%
11102,Zimbabwe,M,Age,25-34,... if she argues with him,11.3,<10%
11103,Zimbabwe,M,Age,35-49,... if she argues with him,9.1,<10%
11104,Zimbabwe,M,Age,15-24,... if she burns the food,9.6,<10%
11105,Zimbabwe,M,Age,25-34,... if she burns the food,4.1,<10%
11106,Zimbabwe,M,Age,35-49,... if she burns the food,2.1,<10%
11107,Zimbabwe,M,Age,15-24,... if she goes out without telling him,23.3,<10%
11108,Zimbabwe,M,Age,25-34,... if she goes out without telling him,15.1,<10%
11109,Zimbabwe,M,Age,35-49,... if she goes out without telling him,12.1,<10%
11110,Zimbabwe,M,Age,15-24,... if she neglects the children,24.5,<10%
11111,Zimbabwe,M,Age,25-34,... if she neglects the children,15.8,<10%
11112,Zimbabwe,M,Age,35-49,... if she neglects the children,11.3,<10%
11113,Zimbabwe,M,Age,15-24,... if she refuses to have sex with him,8,<10%
11114,Zimbabwe,M,Age,25-34,... if she refuses to have sex with him,4.7,<10%
11115,Zimbabwe,M,Age,35-49,... if she refuses to have sex with him,4.1,<10%
11116,Zimbabwe,M,Education,Higher,... for at least one specific reason,13.7,<10%
11117,Zimbabwe,M,Education,No education,... for at least one specific reason,45.4,<10%
11118,Zimbabwe,M,Education,Primary,... for at least one specific reason,40.1,<10%
11119,Zimbabwe,M,Education,Secondary,... for at least one specific reason,33.3,<10%
11120,Zimbabwe,M,Education,Higher,... if she argues with him,4.3,<10%
11121,Zimbabwe,M,Education,No education,... if she argues with him,22,<10%
11122,Zimbabwe,M,Education,Primary,... if she argues with him,19.8,<10%
11123,Zimbabwe,M,Education,Secondary,... if she argues with him,13.5,<10%
11124,Zimbabwe,M,Education,Higher,... if she burns the food,1.3,<10%
11125,Zimbabwe,M,Education,No education,... if she burns the food,9.4,<10%
11126,Zimbabwe,M,Education,Primary,... if she burns the food,8.9,<10%
11127,Zimbabwe,M,Education,Secondary,... if she burns the food,5.6,<10%
11128,Zimbabwe,M,Education,Higher,... if she goes out without telling him,4.7,<10%
11129,Zimbabwe,M,Education,No education,... if she goes out without telling him,37.8,<10%
11130,Zimbabwe,M,Education,Primary,... if she goes out without telling him,23.2,<10%
11131,Zimbabwe,M,Education,Secondary,... if she goes out without telling him,17.8,<10%
11132,Zimbabwe,M,Education,Higher,... if she neglects the children,8.2,<10%
11133,Zimbabwe,M,Education,No education,... if she neglects the children,30.5,<10%
11134,Zimbabwe,M,Education,Primary,... if she neglects the children,23.6,<10%
11135,Zimbabwe,M,Education,Secondary,... if she neglects the children,18,<10%
11136,Zimbabwe,M,Education,Higher,... if she refuses to have sex with him,2.9,<10%
11137,Zimbabwe,M,Education,No education,... if she refuses to have sex with him,16.2,<10%
11138,Zimbabwe,M,Education,Primary,... if she refuses to have sex with him,8.6,<10%
11139,Zimbabwe,M,Education,Secondary,... if she refuses to have sex with him,5.5,<10%
11140,Zimbabwe,M,Employment,Employed for cash,... for at least one specific reason,29,<10%
11141,Zimbabwe,M,Employment,Employed for kind,... for at least one specific reason,40.3,<10%
11142,Zimbabwe,M,Employment,Unemployed,... for at least one specific reason,38.5,<10%
11143,Zimbabwe,M,Employment,Employed for cash,... if she argues with him,12.6,<10%
11144,Zimbabwe,M,Employment,Employed for kind,... if she argues with him,17.5,<10%
11145,Zimbabwe,M,Employment,Unemployed,... if she argues with him,15.5,<10%
11146,Zimbabwe,M,Employment,Employed for cash,... if she burns the food,4.3,<10%
11147,Zimbabwe,M,Employment,Employed for kind,... if she burns the food,8.2,<10%
11148,Zimbabwe,M,Employment,Unemployed,... if she burns the food,8.6,<10%
11149,Zimbabwe,M,Employment,Employed for cash,... if she goes out without telling him,16.5,<10%
11150,Zimbabwe,M,Employment,Employed for kind,... if she goes out without telling him,23.4,<10%
11151,Zimbabwe,M,Employment,Unemployed,... if she goes out without telling him,18.3,<10%
11152,Zimbabwe,M,Employment,Employed for cash,... if she neglects the children,16.1,<10%
11153,Zimbabwe,M,Employment,Employed for kind,... if she neglects the children,21.7,<10%
11154,Zimbabwe,M,Employment,Unemployed,... if she neglects the children,22,<10%
11155,Zimbabwe,M,Employment,Employed for cash,... if she refuses to have sex with him,5.2,<10%
11156,Zimbabwe,M,Employment,Employed for kind,... if she refuses to have sex with him,7.5,<10%
11157,Zimbabwe,M,Employment,Unemployed,... if she refuses to have sex with him,7,<10%
11158,Zimbabwe,M,Marital status,Married or living together,... for at least one specific reason,24.6,<10%
11159,Zimbabwe,M,Marital status,Never married,... for at least one specific reason,42.4,<10%
11160,Zimbabwe,M,Marital status,"Widowed, divorced, separated",... for at least one specific reason,28.8,<10%
11161,Zimbabwe,M,Marital status,Married or living together,... if she argues with him,10.2,<10%
11162,Zimbabwe,M,Marital status,Never married,... if she argues with him,18.2,<10%
11163,Zimbabwe,M,Marital status,"Widowed, divorced, separated",... if she argues with him,12.4,<10%
11164,Zimbabwe,M,Marital status,Married or living together,... if she burns the food,3.1,<10%
11165,Zimbabwe,M,Marital status,Never married,... if she burns the food,9.3,<10%
11166,Zimbabwe,M,Marital status,"Widowed, divorced, separated",... if she burns the food,3.3,<10%
11167,Zimbabwe,M,Marital status,Married or living together,... if she goes out without telling him,14.2,<10%
11168,Zimbabwe,M,Marital status,Never married,... if she goes out without telling him,21.8,<10%
11169,Zimbabwe,M,Marital status,"Widowed, divorced, separated",... if she goes out without telling him,16.3,<10%
11170,Zimbabwe,M,Marital status,Married or living together,... if she neglects the children,13.8,<10%
11171,Zimbabwe,M,Marital status,Never married,... if she neglects the children,23.2,<10%
11172,Zimbabwe,M,Marital status,"Widowed, divorced, separated",... if she neglects the children,18.3,<10%
11173,Zimbabwe,M,Marital status,Married or living together,... if she refuses to have sex with him,4.4,<10%
11174,Zimbabwe,M,Marital status,Never married,... if she refuses to have sex with him,7.8,<10%
11175,Zimbabwe,M,Marital status,"Widowed, divorced, separated",... if she refuses to have sex with him,4.7,<10%
11176,Zimbabwe,M,Residence,Rural,... for at least one specific reason,37.2,<10%
11177,Zimbabwe,M,Residence,Urban,... for at least one specific reason,25,<10%
11178,Zimbabwe,M,Residence,Rural,... if she argues with him,16.8,<10%
11179,Zimbabwe,M,Residence,Urban,... if she argues with him,8.8,<10%
11180,Zimbabwe,M,Residence,Rural,... if she burns the food,7.9,<10%
11181,Zimbabwe,M,Residence,Urban,... if she burns the food,2.3,<10%
11182,Zimbabwe,M,Residence,Rural,... if she goes out without telling him,21,<10%
11183,Zimbabwe,M,Residence,Urban,... if she goes out without telling him,11.8,<10%
11184,Zimbabwe,M,Residence,Rural,... if she neglects the children,20.1,<10%
11185,Zimbabwe,M,Residence,Urban,... if she neglects the children,15,<10%
11186,Zimbabwe,M,Residence,Rural,... if she refuses to have sex with him,7.2,<10%
11187,Zimbabwe,M,Residence,Urban,... if she refuses to have sex with him,3.7,<10%
